// @generated by tools/generate_tables.py from the WHATWG Encoding Standard indexes.
// https://encoding.spec.whatwg.org/indexes.json
// Do not edit by hand; re-run the generator instead.

//! index EUC-KR.

#[rustfmt::skip]
pub static EUC_KR_DECODE: [u16; 23940] = [
    0xAC02, 0xAC03, 0xAC05, 0xAC06, 0xAC0B, 0xAC0C, 0xAC0D, 0xAC0E, 0xAC0F, 0xAC18, 0xAC1E, 0xAC1F, 0xAC21, 0xAC22, 0xAC23, 0xAC25,
    0xAC26, 0xAC27, 0xAC28, 0xAC29, 0xAC2A, 0xAC2B, 0xAC2E, 0xAC32, 0xAC33, 0xAC34, 0x0000, 0x0000, 0x0000, 0x0000, 0x0000, 0x0000,
    0xAC35, 0xAC36, 0xAC37, 0xAC3A, 0xAC3B, 0xAC3D, 0xAC3E, 0xAC3F, 0xAC41, 0xAC42, 0xAC43, 0xAC44, 0xAC45, 0xAC46, 0xAC47, 0xAC48,
    0xAC49, 0xAC4A, 0xAC4C, 0xAC4E, 0xAC4F, 0xAC50, 0xAC51, 0xAC52, 0xAC53, 0xAC55, 0x0000, 0x0000, 0x0000, 0x0000, 0x0000, 0x0000,
    0xAC56, 0xAC57, 0xAC59, 0xAC5A, 0xAC5B, 0xAC5D, 0xAC5E, 0xAC5F, 0xAC60, 0xAC61, 0xAC62, 0xAC63, 0xAC64, 0xAC65, 0xAC66, 0xAC67,
    0xAC68, 0xAC69, 0xAC6A, 0xAC6B, 0xAC6C, 0xAC6D, 0xAC6E, 0xAC6F, 0xAC72, 0xAC73, 0xAC75, 0xAC76, 0xAC79, 0xAC7B, 0xAC7C, 0xAC7D,
    0xAC7E, 0xAC7F, 0xAC82, 0xAC87, 0xAC88, 0xAC8D, 0xAC8E, 0xAC8F, 0xAC91, 0xAC92, 0xAC93, 0xAC95, 0xAC96, 0xAC97, 0xAC98, 0xAC99,
    0xAC9A, 0xAC9B, 0xAC9E, 0xACA2, 0xACA3, 0xACA4, 0xACA5, 0xACA6, 0xACA7, 0xACAB, 0xACAD, 0xACAE, 0xACB1, 0xACB2, 0xACB3, 0xACB4,
    0xACB5, 0xACB6, 0xACB7, 0xACBA, 0xACBE, 0xACBF, 0xACC0, 0xACC2, 0xACC3, 0xACC5, 0xACC6, 0xACC7, 0xACC9, 0xACCA, 0xACCB, 0xACCD,
    0xACCE, 0xACCF, 0xACD0, 0xACD1, 0xACD2, 0xACD3, 0xACD4, 0xACD6, 0xACD8, 0xACD9, 0xACDA, 0xACDB, 0xACDC, 0xACDD, 0xACDE, 0xACDF,
    0xACE2, 0xACE3, 0xACE5, 0xACE6, 0xACE9, 0xACEB, 0xACED, 0xACEE, 0xACF2, 0xACF4, 0xACF7, 0xACF8, 0xACF9, 0xACFA, 0xACFB, 0xACFE,
    0xACFF, 0xAD01, 0xAD02, 0xAD03, 0xAD05, 0xAD07, 0xAD08, 0xAD09, 0xAD0A, 0xAD0B, 0xAD0E, 0xAD10, 0xAD12, 0xAD13, 0xAD14, 0xAD15,
    0xAD16, 0xAD17, 0xAD19, 0xAD1A, 0xAD1B, 0xAD1D, 0xAD1E, 0xAD1F, 0xAD21, 0xAD22, 0xAD23, 0xAD24, 0xAD25, 0xAD26, 0xAD27, 0xAD28,
    0xAD2A, 0xAD2B, 0xAD2E, 0xAD2F, 0xAD30, 0xAD31, 0xAD32, 0xAD33, 0x0000, 0x0000, 0x0000, 0x0000, 0x0000, 0x0000, 0xAD36, 0xAD37,
    0xAD39, 0xAD3A, 0xAD3B, 0xAD3D, 0xAD3E, 0xAD3F, 0xAD40, 0xAD41, 0xAD42, 0xAD43, 0xAD46, 0xAD48, 0xAD4A, 0xAD4B, 0xAD4C, 0xAD4D,
    0xAD4E, 0xAD4F, 0xAD51, 0xAD52, 0xAD53, 0xAD55, 0xAD56, 0xAD57, 0x0000, 0x0000, 0x0000, 0x0000, 0x0000, 0x0000, 0xAD59, 0xAD5A,
    0xAD5B, 0xAD5C, 0xAD5D, 0xAD5E, 0xAD5F, 0xAD60, 0xAD62, 0xAD64, 0xAD65, 0xAD66, 0xAD67, 0xAD68, 0xAD69, 0xAD6A, 0xAD6B, 0xAD6E,
    0xAD6F, 0xAD71, 0xAD72, 0xAD77, 0xAD78, 0xAD79, 0xAD7A, 0xAD7E, 0xAD80, 0xAD83, 0xAD84, 0xAD85, 0xAD86, 0xAD87, 0xAD8A, 0xAD8B,
    0xAD8D, 0xAD8E, 0xAD8F, 0xAD91, 0xAD92, 0xAD93, 0xAD94, 0xAD95, 0xAD96, 0xAD97, 0xAD98, 0xAD99, 0xAD9A, 0xAD9B, 0xAD9E, 0xAD9F,
    0xADA0, 0xADA1, 0xADA2, 0xADA3, 0xADA5, 0xADA6, 0xADA7, 0xADA8, 0xADA9, 0xADAA, 0xADAB, 0xADAC, 0xADAD, 0xADAE, 0xADAF, 0xADB0,
    0xADB1, 0xADB2, 0xADB3, 0xADB4, 0xADB5, 0xADB6, 0xADB8, 0xADB9, 0xADBA, 0xADBB, 0xADBC, 0xADBD, 0xADBE, 0xADBF, 0xADC2, 0xADC3,
    0xADC5, 0xADC6, 0xADC7, 0xADC9, 0xADCA, 0xADCB, 0xADCC, 0xADCD, 0xADCE, 0xADCF, 0xADD2, 0xADD4, 0xADD5, 0xADD6, 0xADD7, 0xADD8,
    0xADD9, 0xADDA, 0xADDB, 0xADDD, 0xADDE, 0xADDF, 0xADE1, 0xADE2, 0xADE3, 0xADE5, 0xADE6, 0xADE7, 0xADE8, 0xADE9, 0xADEA, 0xADEB,
    0xADEC, 0xADED, 0xADEE, 0xADEF, 0xADF0, 0xADF1, 0xADF2, 0xADF3, 0xADF4, 0xADF5, 0xADF6, 0xADF7, 0xADFA, 0xADFB, 0xADFD, 0xADFE,
    0xAE02, 0xAE03, 0xAE04, 0xAE05, 0xAE06, 0xAE07, 0xAE0A, 0xAE0C, 0xAE0E, 0xAE0F, 0xAE10, 0xAE11, 0xAE12, 0xAE13, 0xAE15, 0xAE16,
    0xAE17, 0xAE18, 0xAE19, 0xAE1A, 0xAE1B, 0xAE1C, 0x0000, 0x0000, 0x0000, 0x0000, 0x0000, 0x0000, 0xAE1D, 0xAE1E, 0xAE1F, 0xAE20,
    0xAE21, 0xAE22, 0xAE23, 0xAE24, 0xAE25, 0xAE26, 0xAE27, 0xAE28, 0xAE29, 0xAE2A, 0xAE2B, 0xAE2C, 0xAE2D, 0xAE2E, 0xAE2F, 0xAE32,
    0xAE33, 0xAE35, 0xAE36, 0xAE39, 0xAE3B, 0xAE3C, 0x0000, 0x0000, 0x0000, 0x0000, 0x0000, 0x0000, 0xAE3D, 0xAE3E, 0xAE3F, 0xAE42,
    0xAE44, 0xAE47, 0xAE48, 0xAE49, 0xAE4B, 0xAE4F, 0xAE51, 0xAE52, 0xAE53, 0xAE55, 0xAE57, 0xAE58, 0xAE59, 0xAE5A, 0xAE5B, 0xAE5E,
    0xAE62, 0xAE63, 0xAE64, 0xAE66, 0xAE67, 0xAE6A, 0xAE6B, 0xAE6D, 0xAE6E, 0xAE6F, 0xAE71, 0xAE72, 0xAE73, 0xAE74, 0xAE75, 0xAE76,
    0xAE77, 0xAE7A, 0xAE7E, 0xAE7F, 0xAE80, 0xAE81, 0xAE82, 0xAE83, 0xAE86, 0xAE87, 0xAE88, 0xAE89, 0xAE8A, 0xAE8B, 0xAE8D, 0xAE8E,
    0xAE8F, 0xAE90, 0xAE91, 0xAE92, 0xAE93, 0xAE94, 0xAE95, 0xAE96, 0xAE97, 0xAE98, 0xAE99, 0xAE9A, 0xAE9B, 0xAE9C, 0xAE9D, 0xAE9E,
    0xAE9F, 0xAEA0, 0xAEA1, 0xAEA2, 0xAEA3, 0xAEA4, 0xAEA5, 0xAEA6, 0xAEA7, 0xAEA8, 0xAEA9, 0xAEAA, 0xAEAB, 0xAEAC, 0xAEAD, 0xAEAE,
    0xAEAF, 0xAEB0, 0xAEB1, 0xAEB2, 0xAEB3, 0xAEB4, 0xAEB5, 0xAEB6, 0xAEB7, 0xAEB8, 0xAEB9, 0xAEBA, 0xAEBB, 0xAEBF, 0xAEC1, 0xAEC2,
    0xAEC3, 0xAEC5, 0xAEC6, 0xAEC7, 0xAEC8, 0xAEC9, 0xAECA, 0xAECB, 0xAECE, 0xAED2, 0xAED3, 0xAED4, 0xAED5, 0xAED6, 0xAED7, 0xAEDA,
    0xAEDB, 0xAEDD, 0xAEDE, 0xAEDF, 0xAEE0, 0xAEE1, 0xAEE2, 0xAEE3, 0xAEE4, 0xAEE5, 0xAEE6, 0xAEE7, 0xAEE9, 0xAEEA, 0xAEEC, 0xAEEE,
    0xAEEF, 0xAEF0, 0xAEF1, 0xAEF2, 0xAEF3, 0xAEF5, 0xAEF6, 0xAEF7, 0xAEF9, 0xAEFA, 0xAEFB, 0xAEFD, 0xAEFE, 0xAEFF, 0xAF00, 0xAF01,
    0xAF02, 0xAF03, 0xAF04, 0xAF05, 0x0000, 0x0000, 0x0000, 0x0000, 0x0000, 0x0000, 0xAF06, 0xAF09, 0xAF0A, 0xAF0B, 0xAF0C, 0xAF0E,
    0xAF0F, 0xAF11, 0xAF12, 0xAF13, 0xAF14, 0xAF15, 0xAF16, 0xAF17, 0xAF18, 0xAF19, 0xAF1A, 0xAF1B, 0xAF1C, 0xAF1D, 0xAF1E, 0xAF1F,
    0xAF20, 0xAF21, 0xAF22, 0xAF23, 0x0000, 0x0000, 0x0000, 0x0000, 0x0000, 0x0000, 0xAF24, 0xAF25, 0xAF26, 0xAF27, 0xAF28, 0xAF29,
    0xAF2A, 0xAF2B, 0xAF2E, 0xAF2F, 0xAF31, 0xAF33, 0xAF35, 0xAF36, 0xAF37, 0xAF38, 0xAF39, 0xAF3A, 0xAF3B, 0xAF3E, 0xAF40, 0xAF44,
    0xAF45, 0xAF46, 0xAF47, 0xAF4A, 0xAF4B, 0xAF4C, 0xAF4D, 0xAF4E, 0xAF4F, 0xAF51, 0xAF52, 0xAF53, 0xAF54, 0xAF55, 0xAF56, 0xAF57,
    0xAF58, 0xAF59, 0xAF5A, 0xAF5B, 0xAF5E, 0xAF5F, 0xAF60, 0xAF61, 0xAF62, 0xAF63, 0xAF66, 0xAF67, 0xAF68, 0xAF69, 0xAF6A, 0xAF6B,
    0xAF6C, 0xAF6D, 0xAF6E, 0xAF6F, 0xAF70, 0xAF71, 0xAF72, 0xAF73, 0xAF74, 0xAF75, 0xAF76, 0xAF77, 0xAF78, 0xAF7A, 0xAF7B, 0xAF7C,
    0xAF7D, 0xAF7E, 0xAF7F, 0xAF81, 0xAF82, 0xAF83, 0xAF85, 0xAF86, 0xAF87, 0xAF89, 0xAF8A, 0xAF8B, 0xAF8C, 0xAF8D, 0xAF8E, 0xAF8F,
    0xAF92, 0xAF93, 0xAF94, 0xAF96, 0xAF97, 0xAF98, 0xAF99, 0xAF9A, 0xAF9B, 0xAF9D, 0xAF9E, 0xAF9F, 0xAFA0, 0xAFA1, 0xAFA2, 0xAFA3,
    0xAFA4, 0xAFA5, 0xAFA6, 0xAFA7, 0xAFA8, 0xAFA9, 0xAFAA, 0xAFAB, 0xAFAC, 0xAFAD, 0xAFAE, 0xAFAF, 0xAFB0, 0xAFB1, 0xAFB2, 0xAFB3,
    0xAFB4, 0xAFB5, 0xAFB6, 0xAFB7, 0xAFBA, 0xAFBB, 0xAFBD, 0xAFBE, 0xAFBF, 0xAFC1, 0xAFC2, 0xAFC3, 0xAFC4, 0xAFC5, 0xAFC6, 0xAFCA,
    0xAFCC, 0xAFCF, 0xAFD0, 0xAFD1, 0xAFD2, 0xAFD3, 0xAFD5, 0xAFD6, 0xAFD7, 0xAFD8, 0xAFD9, 0xAFDA, 0xAFDB, 0xAFDD, 0xAFDE, 0xAFDF,
    0xAFE0, 0xAFE1, 0x0000, 0x0000, 0x0000, 0x0000, 0x0000, 0x0000, 0xAFE2, 0xAFE3, 0xAFE4, 0xAFE5, 0xAFE6, 0xAFE7, 0xAFEA, 0xAFEB,
    0xAFEC, 0xAFED, 0xAFEE, 0xAFEF, 0xAFF2, 0xAFF3, 0xAFF5, 0xAFF6, 0xAFF7, 0xAFF9, 0xAFFA, 0xAFFB, 0xAFFC, 0xAFFD, 0xAFFE, 0xAFFF,
    0xB002, 0xB003, 0x0000, 0x0000, 0x0000, 0x0000, 0x0000, 0x0000, 0xB005, 0xB006, 0xB007, 0xB008, 0xB009, 0xB00A, 0xB00B, 0xB00D,
    0xB00E, 0xB00F, 0xB011, 0xB012, 0xB013, 0xB015, 0xB016, 0xB017, 0xB018, 0xB019, 0xB01A, 0xB01B, 0xB01E, 0xB01F, 0xB020, 0xB021,
    0xB022, 0xB023, 0xB024, 0xB025, 0xB026, 0xB027, 0xB029, 0xB02A, 0xB02B, 0xB02C, 0xB02D, 0xB02E, 0xB02F, 0xB030, 0xB031, 0xB032,
    0xB033, 0xB034, 0xB035, 0xB036, 0xB037, 0xB038, 0xB039, 0xB03A, 0xB03B, 0xB03C, 0xB03D, 0xB03E, 0xB03F, 0xB040, 0xB041, 0xB042,
    0xB043, 0xB046, 0xB047, 0xB049, 0xB04B, 0xB04D, 0xB04F, 0xB050, 0xB051, 0xB052, 0xB056, 0xB058, 0xB05A, 0xB05B, 0xB05C, 0xB05E,
    0xB05F, 0xB060, 0xB061, 0xB062, 0xB063, 0xB064, 0xB065, 0xB066, 0xB067, 0xB068, 0xB069, 0xB06A, 0xB06B, 0xB06C, 0xB06D, 0xB06E,
    0xB06F, 0xB070, 0xB071, 0xB072, 0xB073, 0xB074, 0xB075, 0xB076, 0xB077, 0xB078, 0xB079, 0xB07A, 0xB07B, 0xB07E, 0xB07F, 0xB081,
    0xB082, 0xB083, 0xB085, 0xB086, 0xB087, 0xB088, 0xB089, 0xB08A, 0xB08B, 0xB08E, 0xB090, 0xB092, 0xB093, 0xB094, 0xB095, 0xB096,
    0xB097, 0xB09B, 0xB09D, 0xB09E, 0xB0A3, 0xB0A4, 0xB0A5, 0xB0A6, 0xB0A7, 0xB0AA, 0xB0B0, 0xB0B2, 0xB0B6, 0xB0B7, 0xB0B9, 0xB0BA,
    0xB0BB, 0xB0BD, 0xB0BE, 0xB0BF, 0xB0C0, 0xB0C1, 0xB0C2, 0xB0C3, 0xB0C6, 0xB0CA, 0xB0CB, 0xB0CC, 0xB0CD, 0xB0CE, 0xB0CF, 0xB0D2,
    0x0000, 0x0000, 0x0000, 0x0000, 0x0000, 0x0000, 0xB0D3, 0xB0D5, 0xB0D6, 0xB0D7, 0xB0D9, 0xB0DA, 0xB0DB, 0xB0DC, 0xB0DD, 0xB0DE,
    0xB0DF, 0xB0E1, 0xB0E2, 0xB0E3, 0xB0E4, 0xB0E6, 0xB0E7, 0xB0E8, 0xB0E9, 0xB0EA, 0xB0EB, 0xB0EC, 0xB0ED, 0xB0EE, 0xB0EF, 0xB0F0,
    0x0000, 0x0000, 0x0000, 0x0000, 0x0000, 0x0000, 0xB0F1, 0xB0F2, 0xB0F3, 0xB0F4, 0xB0F5, 0xB0F6, 0xB0F7, 0xB0F8, 0xB0F9, 0xB0FA,
    0xB0FB, 0xB0FC, 0xB0FD, 0xB0FE, 0xB0FF, 0xB100, 0xB101, 0xB102, 0xB103, 0xB104, 0xB105, 0xB106, 0xB107, 0xB10A, 0xB10D, 0xB10E,
    0xB10F, 0xB111, 0xB114, 0xB115, 0xB116, 0xB117, 0xB11A, 0xB11E, 0xB11F, 0xB120, 0xB121, 0xB122, 0xB126, 0xB127, 0xB129, 0xB12A,
    0xB12B, 0xB12D, 0xB12E, 0xB12F, 0xB130, 0xB131, 0xB132, 0xB133, 0xB136, 0xB13A, 0xB13B, 0xB13C, 0xB13D, 0xB13E, 0xB13F, 0xB142,
    0xB143, 0xB145, 0xB146, 0xB147, 0xB149, 0xB14A, 0xB14B, 0xB14C, 0xB14D, 0xB14E, 0xB14F, 0xB152, 0xB153, 0xB156, 0xB157, 0xB159,
    0xB15A, 0xB15B, 0xB15D, 0xB15E, 0xB15F, 0xB161, 0xB162, 0xB163, 0xB164, 0xB165, 0xB166, 0xB167, 0xB168, 0xB169, 0xB16A, 0xB16B,
    0xB16C, 0xB16D, 0xB16E, 0xB16F, 0xB170, 0xB171, 0xB172, 0xB173, 0xB174, 0xB175, 0xB176, 0xB177, 0xB17A, 0xB17B, 0xB17D, 0xB17E,
    0xB17F, 0xB181, 0xB183, 0xB184, 0xB185, 0xB186, 0xB187, 0xB18A, 0xB18C, 0xB18E, 0xB18F, 0xB190, 0xB191, 0xB195, 0xB196, 0xB197,
    0xB199, 0xB19A, 0xB19B, 0xB19D, 0xB19E, 0xB19F, 0xB1A0, 0xB1A1, 0xB1A2, 0xB1A3, 0xB1A4, 0xB1A5, 0xB1A6, 0xB1A7, 0xB1A9, 0xB1AA,
    0xB1AB, 0xB1AC, 0xB1AD, 0xB1AE, 0xB1AF, 0xB1B0, 0xB1B1, 0xB1B2, 0xB1B3, 0xB1B4, 0xB1B5, 0xB1B6, 0xB1B7, 0xB1B8, 0x0000, 0x0000,
    0x0000, 0x0000, 0x0000, 0x0000, 0xB1B9, 0xB1BA, 0xB1BB, 0xB1BC, 0xB1BD, 0xB1BE, 0xB1BF, 0xB1C0, 0xB1C1, 0xB1C2, 0xB1C3, 0xB1C4,
    0xB1C5, 0xB1C6, 0xB1C7, 0xB1C8, 0xB1C9, 0xB1CA, 0xB1CB, 0xB1CD, 0xB1CE, 0xB1CF, 0xB1D1, 0xB1D2, 0xB1D3, 0xB1D5, 0x0000, 0x0000,
    0x0000, 0x0000, 0x0000, 0x0000, 0xB1D6, 0xB1D7, 0xB1D8, 0xB1D9, 0xB1DA, 0xB1DB, 0xB1DE, 0xB1E0, 0xB1E1, 0xB1E2, 0xB1E3, 0xB1E4,
    0xB1E5, 0xB1E6, 0xB1E7, 0xB1EA, 0xB1EB, 0xB1ED, 0xB1EE, 0xB1EF, 0xB1F1, 0xB1F2, 0xB1F3, 0xB1F4, 0xB1F5, 0xB1F6, 0xB1F7, 0xB1F8,
    0xB1FA, 0xB1FC, 0xB1FE, 0xB1FF, 0xB200, 0xB201, 0xB202, 0xB203, 0xB206, 0xB207, 0xB209, 0xB20A, 0xB20D, 0xB20E, 0xB20F, 0xB210,
    0xB211, 0xB212, 0xB213, 0xB216, 0xB218, 0xB21A, 0xB21B, 0xB21C, 0xB21D, 0xB21E, 0xB21F, 0xB221, 0xB222, 0xB223, 0xB224, 0xB225,
    0xB226, 0xB227, 0xB228, 0xB229, 0xB22A, 0xB22B, 0xB22C, 0xB22D, 0xB22E, 0xB22F, 0xB230, 0xB231, 0xB232, 0xB233, 0xB235, 0xB236,
    0xB237, 0xB238, 0xB239, 0xB23A, 0xB23B, 0xB23D, 0xB23E, 0xB23F, 0xB240, 0xB241, 0xB242, 0xB243, 0xB244, 0xB245, 0xB246, 0xB247,
    0xB248, 0xB249, 0xB24A, 0xB24B, 0xB24C, 0xB24D, 0xB24E, 0xB24F, 0xB250, 0xB251, 0xB252, 0xB253, 0xB254, 0xB255, 0xB256, 0xB257,
    0xB259, 0xB25A, 0xB25B, 0xB25D, 0xB25E, 0xB25F, 0xB261, 0xB262, 0xB263, 0xB264, 0xB265, 0xB266, 0xB267, 0xB26A, 0xB26B, 0xB26C,
    0xB26D, 0xB26E, 0xB26F, 0xB270, 0xB271, 0xB272, 0xB273, 0xB276, 0xB277, 0xB278, 0xB279, 0xB27A, 0xB27B, 0xB27D, 0xB27E, 0xB27F,
    0xB280, 0xB281, 0xB282, 0xB283, 0xB286, 0xB287, 0xB288, 0xB28A, 0xB28B, 0xB28C, 0xB28D, 0xB28E, 0x0000, 0x0000, 0x0000, 0x0000,
    0x0000, 0x0000, 0xB28F, 0xB292, 0xB293, 0xB295, 0xB296, 0xB297, 0xB29B, 0xB29C, 0xB29D, 0xB29E, 0xB29F, 0xB2A2, 0xB2A4, 0xB2A7,
    0xB2A8, 0xB2A9, 0xB2AB, 0xB2AD, 0xB2AE, 0xB2AF, 0xB2B1, 0xB2B2, 0xB2B3, 0xB2B5, 0xB2B6, 0xB2B7, 0x0000, 0x0000, 0x0000, 0x0000,
    0x0000, 0x0000, 0xB2B8, 0xB2B9, 0xB2BA, 0xB2BB, 0xB2BC, 0xB2BD, 0xB2BE, 0xB2BF, 0xB2C0, 0xB2C1, 0xB2C2, 0xB2C3, 0xB2C4, 0xB2C5,
    0xB2C6, 0xB2C7, 0xB2CA, 0xB2CB, 0xB2CD, 0xB2CE, 0xB2CF, 0xB2D1, 0xB2D3, 0xB2D4, 0xB2D5, 0xB2D6, 0xB2D7, 0xB2DA, 0xB2DC, 0xB2DE,
    0xB2DF, 0xB2E0, 0xB2E1, 0xB2E3, 0xB2E7, 0xB2E9, 0xB2EA, 0xB2F0, 0xB2F1, 0xB2F2, 0xB2F6, 0xB2FC, 0xB2FD, 0xB2FE, 0xB302, 0xB303,
    0xB305, 0xB306, 0xB307, 0xB309, 0xB30A, 0xB30B, 0xB30C, 0xB30D, 0xB30E, 0xB30F, 0xB312, 0xB316, 0xB317, 0xB318, 0xB319, 0xB31A,
    0xB31B, 0xB31D, 0xB31E, 0xB31F, 0xB320, 0xB321, 0xB322, 0xB323, 0xB324, 0xB325, 0xB326, 0xB327, 0xB328, 0xB329, 0xB32A, 0xB32B,
    0xB32C, 0xB32D, 0xB32E, 0xB32F, 0xB330, 0xB331, 0xB332, 0xB333, 0xB334, 0xB335, 0xB336, 0xB337, 0xB338, 0xB339, 0xB33A, 0xB33B,
    0xB33C, 0xB33D, 0xB33E, 0xB33F, 0xB340, 0xB341, 0xB342, 0xB343, 0xB344, 0xB345, 0xB346, 0xB347, 0xB348, 0xB349, 0xB34A, 0xB34B,
    0xB34C, 0xB34D, 0xB34E, 0xB34F, 0xB350, 0xB351, 0xB352, 0xB353, 0xB357, 0xB359, 0xB35A, 0xB35D, 0xB360, 0xB361, 0xB362, 0xB363,
    0xB366, 0xB368, 0xB36A, 0xB36C, 0xB36D, 0xB36F, 0xB372, 0xB373, 0xB375, 0xB376, 0xB377, 0xB379, 0xB37A, 0xB37B, 0xB37C, 0xB37D,
    0xB37E, 0xB37F, 0xB382, 0xB386, 0xB387, 0xB388, 0xB389, 0xB38A, 0xB38B, 0xB38D, 0x0000, 0x0000, 0x0000, 0x0000, 0x0000, 0x0000,
    0xB38E, 0xB38F, 0xB391, 0xB392, 0xB393, 0xB395, 0xB396, 0xB397, 0xB398, 0xB399, 0xB39A, 0xB39B, 0xB39C, 0xB39D, 0xB39E, 0xB39F,
    0xB3A2, 0xB3A3, 0xB3A4, 0xB3A5, 0xB3A6, 0xB3A7, 0xB3A9, 0xB3AA, 0xB3AB, 0xB3AD, 0x0000, 0x0000, 0x0000, 0x0000, 0x0000, 0x0000,
    0xB3AE, 0xB3AF, 0xB3B0, 0xB3B1, 0xB3B2, 0xB3B3, 0xB3B4, 0xB3B5, 0xB3B6, 0xB3B7, 0xB3B8, 0xB3B9, 0xB3BA, 0xB3BB, 0xB3BC, 0xB3BD,
    0xB3BE, 0xB3BF, 0xB3C0, 0xB3C1, 0xB3C2, 0xB3C3, 0xB3C6, 0xB3C7, 0xB3C9, 0xB3CA, 0xB3CD, 0xB3CF, 0xB3D1, 0xB3D2, 0xB3D3, 0xB3D6,
    0xB3D8, 0xB3DA, 0xB3DC, 0xB3DE, 0xB3DF, 0xB3E1, 0xB3E2, 0xB3E3, 0xB3E5, 0xB3E6, 0xB3E7, 0xB3E9, 0xB3EA, 0xB3EB, 0xB3EC, 0xB3ED,
    0xB3EE, 0xB3EF, 0xB3F0, 0xB3F1, 0xB3F2, 0xB3F3, 0xB3F4, 0xB3F5, 0xB3F6, 0xB3F7, 0xB3F8, 0xB3F9, 0xB3FA, 0xB3FB, 0xB3FD, 0xB3FE,
    0xB3FF, 0xB400, 0xB401, 0xB402, 0xB403, 0xB404, 0xB405, 0xB406, 0xB407, 0xB408, 0xB409, 0xB40A, 0xB40B, 0xB40C, 0xB40D, 0xB40E,
    0xB40F, 0xB411, 0xB412, 0xB413, 0xB414, 0xB415, 0xB416, 0xB417, 0xB419, 0xB41A, 0xB41B, 0xB41D, 0xB41E, 0xB41F, 0xB421, 0xB422,
    0xB423, 0xB424, 0xB425, 0xB426, 0xB427, 0xB42A, 0xB42C, 0xB42D, 0xB42E, 0xB42F, 0xB430, 0xB431, 0xB432, 0xB433, 0xB435, 0xB436,
    0xB437, 0xB438, 0xB439, 0xB43A, 0xB43B, 0xB43C, 0xB43D, 0xB43E, 0xB43F, 0xB440, 0xB441, 0xB442, 0xB443, 0xB444, 0xB445, 0xB446,
    0xB447, 0xB448, 0xB449, 0xB44A, 0xB44B, 0xB44C, 0xB44D, 0xB44E, 0xB44F, 0xB452, 0xB453, 0xB455, 0xB456, 0xB457, 0xB459, 0xB45A,
    0xB45B, 0xB45C, 0xB45D, 0xB45E, 0xB45F, 0xB462, 0xB464, 0xB466, 0x0000, 0x0000, 0x0000, 0x0000, 0x0000, 0x0000, 0xB467, 0xB468,
    0xB469, 0xB46A, 0xB46B, 0xB46D, 0xB46E, 0xB46F, 0xB470, 0xB471, 0xB472, 0xB473, 0xB474, 0xB475, 0xB476, 0xB477, 0xB478, 0xB479,
    0xB47A, 0xB47B, 0xB47C, 0xB47D, 0xB47E, 0xB47F, 0xB481, 0xB482, 0x0000, 0x0000, 0x0000, 0x0000, 0x0000, 0x0000, 0xB483, 0xB484,
    0xB485, 0xB486, 0xB487, 0xB489, 0xB48A, 0xB48B, 0xB48C, 0xB48D, 0xB48E, 0xB48F, 0xB490, 0xB491, 0xB492, 0xB493, 0xB494, 0xB495,
    0xB496, 0xB497, 0xB498, 0xB499, 0xB49A, 0xB49B, 0xB49C, 0xB49E, 0xB49F, 0xB4A0, 0xB4A1, 0xB4A2, 0xB4A3, 0xB4A5, 0xB4A6, 0xB4A7,
    0xB4A9, 0xB4AA, 0xB4AB, 0xB4AD, 0xB4AE, 0xB4AF, 0xB4B0, 0xB4B1, 0xB4B2, 0xB4B3, 0xB4B4, 0xB4B6, 0xB4B8, 0xB4BA, 0xB4BB, 0xB4BC,
    0xB4BD, 0xB4BE, 0xB4BF, 0xB4C1, 0xB4C2, 0xB4C3, 0xB4C5, 0xB4C6, 0xB4C7, 0xB4C9, 0xB4CA, 0xB4CB, 0xB4CC, 0xB4CD, 0xB4CE, 0xB4CF,
    0xB4D1, 0xB4D2, 0xB4D3, 0xB4D4, 0xB4D6, 0xB4D7, 0xB4D8, 0xB4D9, 0xB4DA, 0xB4DB, 0xB4DE, 0xB4DF, 0xB4E1, 0xB4E2, 0xB4E5, 0xB4E7,
    0xB4E8, 0xB4E9, 0xB4EA, 0xB4EB, 0xB4EE, 0xB4F0, 0xB4F2, 0xB4F3, 0xB4F4, 0xB4F5, 0xB4F6, 0xB4F7, 0xB4F9, 0xB4FA, 0xB4FB, 0xB4FC,
    0xB4FD, 0xB4FE, 0xB4FF, 0xB500, 0xB501, 0xB502, 0xB503, 0xB504, 0xB505, 0xB506, 0xB507, 0xB508, 0xB509, 0xB50A, 0xB50B, 0xB50C,
    0xB50D, 0xB50E, 0xB50F, 0xB510, 0xB511, 0xB512, 0xB513, 0xB516, 0xB517, 0xB519, 0xB51A, 0xB51D, 0xB51E, 0xB51F, 0xB520, 0xB521,
    0xB522, 0xB523, 0xB526, 0xB52B, 0xB52C, 0xB52D, 0xB52E, 0xB52F, 0xB532, 0xB533, 0xB535, 0xB536, 0xB537, 0xB539, 0xB53A, 0xB53B,
    0xB53C, 0xB53D, 0xB53E, 0xB53F, 0xB542, 0xB546, 0x0000, 0x0000, 0x0000, 0x0000, 0x0000, 0x0000, 0xB547, 0xB548, 0xB549, 0xB54A,
    0xB54E, 0xB54F, 0xB551, 0xB552, 0xB553, 0xB555, 0xB556, 0xB557, 0xB558, 0xB559, 0xB55A, 0xB55B, 0xB55E, 0xB562, 0xB563, 0xB564,
    0xB565, 0xB566, 0xB567, 0xB568, 0xB569, 0xB56A, 0x0000, 0x0000, 0x0000, 0x0000, 0x0000, 0x0000, 0xB56B, 0xB56C, 0xB56D, 0xB56E,
    0xB56F, 0xB570, 0xB571, 0xB572, 0xB573, 0xB574, 0xB575, 0xB576, 0xB577, 0xB578, 0xB579, 0xB57A, 0xB57B, 0xB57C, 0xB57D, 0xB57E,
    0xB57F, 0xB580, 0xB581, 0xB582, 0xB583, 0xB584, 0xB585, 0xB586, 0xB587, 0xB588, 0xB589, 0xB58A, 0xB58B, 0xB58C, 0xB58D, 0xB58E,
    0xB58F, 0xB590, 0xB591, 0xB592, 0xB593, 0xB594, 0xB595, 0xB596, 0xB597, 0xB598, 0xB599, 0xB59A, 0xB59B, 0xB59C, 0xB59D, 0xB59E,
    0xB59F, 0xB5A2, 0xB5A3, 0xB5A5, 0xB5A6, 0xB5A7, 0xB5A9, 0xB5AC, 0xB5AD, 0xB5AE, 0xB5AF, 0xB5B2, 0xB5B6, 0xB5B7, 0xB5B8, 0xB5B9,
    0xB5BA, 0xB5BE, 0xB5BF, 0xB5C1, 0xB5C2, 0xB5C3, 0xB5C5, 0xB5C6, 0xB5C7, 0xB5C8, 0xB5C9, 0xB5CA, 0xB5CB, 0xB5CE, 0xB5D2, 0xB5D3,
    0xB5D4, 0xB5D5, 0xB5D6, 0xB5D7, 0xB5D9, 0xB5DA, 0xB5DB, 0xB5DC, 0xB5DD, 0xB5DE, 0xB5DF, 0xB5E0, 0xB5E1, 0xB5E2, 0xB5E3, 0xB5E4,
    0xB5E5, 0xB5E6, 0xB5E7, 0xB5E8, 0xB5E9, 0xB5EA, 0xB5EB, 0xB5ED, 0xB5EE, 0xB5EF, 0xB5F0, 0xB5F1, 0xB5F2, 0xB5F3, 0xB5F4, 0xB5F5,
    0xB5F6, 0xB5F7, 0xB5F8, 0xB5F9, 0xB5FA, 0xB5FB, 0xB5FC, 0xB5FD, 0xB5FE, 0xB5FF, 0xB600, 0xB601, 0xB602, 0xB603, 0xB604, 0xB605,
    0xB606, 0xB607, 0xB608, 0xB609, 0xB60A, 0xB60B, 0xB60C, 0xB60D, 0xB60E, 0xB60F, 0xB612, 0xB613, 0xB615, 0xB616, 0xB617, 0xB619,
    0xB61A, 0xB61B, 0xB61C, 0xB61D, 0x0000, 0x0000, 0x0000, 0x0000, 0x0000, 0x0000, 0xB61E, 0xB61F, 0xB620, 0xB621, 0xB622, 0xB623,
    0xB624, 0xB626, 0xB627, 0xB628, 0xB629, 0xB62A, 0xB62B, 0xB62D, 0xB62E, 0xB62F, 0xB630, 0xB631, 0xB632, 0xB633, 0xB635, 0xB636,
    0xB637, 0xB638, 0xB639, 0xB63A, 0x0000, 0x0000, 0x0000, 0x0000, 0x0000, 0x0000, 0xB63B, 0xB63C, 0xB63D, 0xB63E, 0xB63F, 0xB640,
    0xB641, 0xB642, 0xB643, 0xB644, 0xB645, 0xB646, 0xB647, 0xB649, 0xB64A, 0xB64B, 0xB64C, 0xB64D, 0xB64E, 0xB64F, 0xB650, 0xB651,
    0xB652, 0xB653, 0xB654, 0xB655, 0xB656, 0xB657, 0xB658, 0xB659, 0xB65A, 0xB65B, 0xB65C, 0xB65D, 0xB65E, 0xB65F, 0xB660, 0xB661,
    0xB662, 0xB663, 0xB665, 0xB666, 0xB667, 0xB669, 0xB66A, 0xB66B, 0xB66C, 0xB66D, 0xB66E, 0xB66F, 0xB670, 0xB671, 0xB672, 0xB673,
    0xB674, 0xB675, 0xB676, 0xB677, 0xB678, 0xB679, 0xB67A, 0xB67B, 0xB67C, 0xB67D, 0xB67E, 0xB67F, 0xB680, 0xB681, 0xB682, 0xB683,
    0xB684, 0xB685, 0xB686, 0xB687, 0xB688, 0xB689, 0xB68A, 0xB68B, 0xB68C, 0xB68D, 0xB68E, 0xB68F, 0xB690, 0xB691, 0xB692, 0xB693,
    0xB694, 0xB695, 0xB696, 0xB697, 0xB698, 0xB699, 0xB69A, 0xB69B, 0xB69E, 0xB69F, 0xB6A1, 0xB6A2, 0xB6A3, 0xB6A5, 0xB6A6, 0xB6A7,
    0xB6A8, 0xB6A9, 0xB6AA, 0xB6AD, 0xB6AE, 0xB6AF, 0xB6B0, 0xB6B2, 0xB6B3, 0xB6B4, 0xB6B5, 0xB6B6, 0xB6B7, 0xB6B8, 0xB6B9, 0xB6BA,
    0xB6BB, 0xB6BC, 0xB6BD, 0xB6BE, 0xB6BF, 0xB6C0, 0xB6C1, 0xB6C2, 0xB6C3, 0xB6C4, 0xB6C5, 0xB6C6, 0xB6C7, 0xB6C8, 0xB6C9, 0xB6CA,
    0xB6CB, 0xB6CC, 0xB6CD, 0xB6CE, 0xB6CF, 0xB6D0, 0xB6D1, 0xB6D2, 0xB6D3, 0xB6D5, 0xB6D6, 0xB6D7, 0xB6D8, 0xB6D9, 0xB6DA, 0xB6DB,
    0xB6DC, 0xB6DD, 0x0000, 0x0000, 0x0000, 0x0000, 0x0000, 0x0000, 0xB6DE, 0xB6DF, 0xB6E0, 0xB6E1, 0xB6E2, 0xB6E3, 0xB6E4, 0xB6E5,
    0xB6E6, 0xB6E7, 0xB6E8, 0xB6E9, 0xB6EA, 0xB6EB, 0xB6EC, 0xB6ED, 0xB6EE, 0xB6EF, 0xB6F1, 0xB6F2, 0xB6F3, 0xB6F5, 0xB6F6, 0xB6F7,
    0xB6F9, 0xB6FA, 0x0000, 0x0000, 0x0000, 0x0000, 0x0000, 0x0000, 0xB6FB, 0xB6FC, 0xB6FD, 0xB6FE, 0xB6FF, 0xB702, 0xB703, 0xB704,
    0xB706, 0xB707, 0xB708, 0xB709, 0xB70A, 0xB70B, 0xB70C, 0xB70D, 0xB70E, 0xB70F, 0xB710, 0xB711, 0xB712, 0xB713, 0xB714, 0xB715,
    0xB716, 0xB717, 0xB718, 0xB719, 0xB71A, 0xB71B, 0xB71C, 0xB71D, 0xB71E, 0xB71F, 0xB720, 0xB721, 0xB722, 0xB723, 0xB724, 0xB725,
    0xB726, 0xB727, 0xB72A, 0xB72B, 0xB72D, 0xB72E, 0xB731, 0xB732, 0xB733, 0xB734, 0xB735, 0xB736, 0xB737, 0xB73A, 0xB73C, 0xB73D,
    0xB73E, 0xB73F, 0xB740, 0xB741, 0xB742, 0xB743, 0xB745, 0xB746, 0xB747, 0xB749, 0xB74A, 0xB74B, 0xB74D, 0xB74E, 0xB74F, 0xB750,
    0xB751, 0xB752, 0xB753, 0xB756, 0xB757, 0xB758, 0xB759, 0xB75A, 0xB75B, 0xB75C, 0xB75D, 0xB75E, 0xB75F, 0xB761, 0xB762, 0xB763,
    0xB765, 0xB766, 0xB767, 0xB769, 0xB76A, 0xB76B, 0xB76C, 0xB76D, 0xB76E, 0xB76F, 0xB772, 0xB774, 0xB776, 0xB777, 0xB778, 0xB779,
    0xB77A, 0xB77B, 0xB77E, 0xB77F, 0xB781, 0xB782, 0xB783, 0xB785, 0xB786, 0xB787, 0xB788, 0xB789, 0xB78A, 0xB78B, 0xB78E, 0xB793,
    0xB794, 0xB795, 0xB79A, 0xB79B, 0xB79D, 0xB79E, 0xB79F, 0xB7A1, 0xB7A2, 0xB7A3, 0xB7A4, 0xB7A5, 0xB7A6, 0xB7A7, 0xB7AA, 0xB7AE,
    0xB7AF, 0xB7B0, 0xB7B1, 0xB7B2, 0xB7B3, 0xB7B6, 0xB7B7, 0xB7B9, 0xB7BA, 0xB7BB, 0xB7BC, 0xB7BD, 0xB7BE, 0xB7BF, 0xB7C0, 0xB7C1,
    0x0000, 0x0000, 0x0000, 0x0000, 0x0000, 0x0000, 0xB7C2, 0xB7C3, 0xB7C4, 0xB7C5, 0xB7C6, 0xB7C8, 0xB7CA, 0xB7CB, 0xB7CC, 0xB7CD,
    0xB7CE, 0xB7CF, 0xB7D0, 0xB7D1, 0xB7D2, 0xB7D3, 0xB7D4, 0xB7D5, 0xB7D6, 0xB7D7, 0xB7D8, 0xB7D9, 0xB7DA, 0xB7DB, 0xB7DC, 0xB7DD,
    0x0000, 0x0000, 0x0000, 0x0000, 0x0000, 0x0000, 0xB7DE, 0xB7DF, 0xB7E0, 0xB7E1, 0xB7E2, 0xB7E3, 0xB7E4, 0xB7E5, 0xB7E6, 0xB7E7,
    0xB7E8, 0xB7E9, 0xB7EA, 0xB7EB, 0xB7EE, 0xB7EF, 0xB7F1, 0xB7F2, 0xB7F3, 0xB7F5, 0xB7F6, 0xB7F7, 0xB7F8, 0xB7F9, 0xB7FA, 0xB7FB,
    0xB7FE, 0xB802, 0xB803, 0xB804, 0xB805, 0xB806, 0xB80A, 0xB80B, 0xB80D, 0xB80E, 0xB80F, 0xB811, 0xB812, 0xB813, 0xB814, 0xB815,
    0xB816, 0xB817, 0xB81A, 0xB81C, 0xB81E, 0xB81F, 0xB820, 0xB821, 0xB822, 0xB823, 0xB826, 0xB827, 0xB829, 0xB82A, 0xB82B, 0xB82D,
    0xB82E, 0xB82F, 0xB830, 0xB831, 0xB832, 0xB833, 0xB836, 0xB83A, 0xB83B, 0xB83C, 0xB83D, 0xB83E, 0xB83F, 0xB841, 0xB842, 0xB843,
    0xB845, 0xB846, 0xB847, 0xB848, 0xB849, 0xB84A, 0xB84B, 0xB84C, 0xB84D, 0xB84E, 0xB84F, 0xB850, 0xB852, 0xB854, 0xB855, 0xB856,
    0xB857, 0xB858, 0xB859, 0xB85A, 0xB85B, 0xB85E, 0xB85F, 0xB861, 0xB862, 0xB863, 0xB865, 0xB866, 0xB867, 0xB868, 0xB869, 0xB86A,
    0xB86B, 0xB86E, 0xB870, 0xB872, 0xB873, 0xB874, 0xB875, 0xB876, 0xB877, 0xB879, 0xB87A, 0xB87B, 0xB87D, 0xB87E, 0xB87F, 0xB880,
    0xB881, 0xB882, 0xB883, 0xB884, 0xB885, 0xB886, 0xB887, 0xB888, 0xB889, 0xB88A, 0xB88B, 0xB88C, 0xB88E, 0xB88F, 0xB890, 0xB891,
    0xB892, 0xB893, 0xB894, 0xB895, 0xB896, 0xB897, 0xB898, 0xB899, 0xB89A, 0xB89B, 0xB89C, 0xB89D, 0xB89E, 0xB89F, 0x0000, 0x0000,
    0x0000, 0x0000, 0x0000, 0x0000, 0xB8A0, 0xB8A1, 0xB8A2, 0xB8A3, 0xB8A4, 0xB8A5, 0xB8A6, 0xB8A7, 0xB8A9, 0xB8AA, 0xB8AB, 0xB8AC,
    0xB8AD, 0xB8AE, 0xB8AF, 0xB8B1, 0xB8B2, 0xB8B3, 0xB8B5, 0xB8B6, 0xB8B7, 0xB8B9, 0xB8BA, 0xB8BB, 0xB8BC, 0xB8BD, 0x0000, 0x0000,
    0x0000, 0x0000, 0x0000, 0x0000, 0xB8BE, 0xB8BF, 0xB8C2, 0xB8C4, 0xB8C6, 0xB8C7, 0xB8C8, 0xB8C9, 0xB8CA, 0xB8CB, 0xB8CD, 0xB8CE,
    0xB8CF, 0xB8D1, 0xB8D2, 0xB8D3, 0xB8D5, 0xB8D6, 0xB8D7, 0xB8D8, 0xB8D9, 0xB8DA, 0xB8DB, 0xB8DC, 0xB8DE, 0xB8E0, 0xB8E2, 0xB8E3,
    0xB8E4, 0xB8E5, 0xB8E6, 0xB8E7, 0xB8EA, 0xB8EB, 0xB8ED, 0xB8EE, 0xB8EF, 0xB8F1, 0xB8F2, 0xB8F3, 0xB8F4, 0xB8F5, 0xB8F6, 0xB8F7,
    0xB8FA, 0xB8FC, 0xB8FE, 0xB8FF, 0xB900, 0xB901, 0xB902, 0xB903, 0xB905, 0xB906, 0xB907, 0xB908, 0xB909, 0xB90A, 0xB90B, 0xB90C,
    0xB90D, 0xB90E, 0xB90F, 0xB910, 0xB911, 0xB912, 0xB913, 0xB914, 0xB915, 0xB916, 0xB917, 0xB919, 0xB91A, 0xB91B, 0xB91C, 0xB91D,
    0xB91E, 0xB91F, 0xB921, 0xB922, 0xB923, 0xB924, 0xB925, 0xB926, 0xB927, 0xB928, 0xB929, 0xB92A, 0xB92B, 0xB92C, 0xB92D, 0xB92E,
    0xB92F, 0xB930, 0xB931, 0xB932, 0xB933, 0xB934, 0xB935, 0xB936, 0xB937, 0xB938, 0xB939, 0xB93A, 0xB93B, 0xB93E, 0xB93F, 0xB941,
    0xB942, 0xB943, 0xB945, 0xB946, 0xB947, 0xB948, 0xB949, 0xB94A, 0xB94B, 0xB94D, 0xB94E, 0xB950, 0xB952, 0xB953, 0xB954, 0xB955,
    0xB956, 0xB957, 0xB95A, 0xB95B, 0xB95D, 0xB95E, 0xB95F, 0xB961, 0xB962, 0xB963, 0xB964, 0xB965, 0xB966, 0xB967, 0xB96A, 0xB96C,
    0xB96E, 0xB96F, 0xB970, 0xB971, 0xB972, 0xB973, 0xB976, 0xB977, 0xB979, 0xB97A, 0xB97B, 0xB97D, 0x0000, 0x0000, 0x0000, 0x0000,
    0x0000, 0x0000, 0xB97E, 0xB97F, 0xB980, 0xB981, 0xB982, 0xB983, 0xB986, 0xB988, 0xB98B, 0xB98C, 0xB98F, 0xB990, 0xB991, 0xB992,
    0xB993, 0xB994, 0xB995, 0xB996, 0xB997, 0xB998, 0xB999, 0xB99A, 0xB99B, 0xB99C, 0xB99D, 0xB99E, 0x0000, 0x0000, 0x0000, 0x0000,
    0x0000, 0x0000, 0xB99F, 0xB9A0, 0xB9A1, 0xB9A2, 0xB9A3, 0xB9A4, 0xB9A5, 0xB9A6, 0xB9A7, 0xB9A8, 0xB9A9, 0xB9AA, 0xB9AB, 0xB9AE,
    0xB9AF, 0xB9B1, 0xB9B2, 0xB9B3, 0xB9B5, 0xB9B6, 0xB9B7, 0xB9B8, 0xB9B9, 0xB9BA, 0xB9BB, 0xB9BE, 0xB9C0, 0xB9C2, 0xB9C3, 0xB9C4,
    0xB9C5, 0xB9C6, 0xB9C7, 0xB9CA, 0xB9CB, 0xB9CD, 0xB9D3, 0xB9D4, 0xB9D5, 0xB9D6, 0xB9D7, 0xB9DA, 0xB9DC, 0xB9DF, 0xB9E0, 0xB9E2,
    0xB9E6, 0xB9E7, 0xB9E9, 0xB9EA, 0xB9EB, 0xB9ED, 0xB9EE, 0xB9EF, 0xB9F0, 0xB9F1, 0xB9F2, 0xB9F3, 0xB9F6, 0xB9FB, 0xB9FC, 0xB9FD,
    0xB9FE, 0xB9FF, 0xBA02, 0xBA03, 0xBA04, 0xBA05, 0xBA06, 0xBA07, 0xBA09, 0xBA0A, 0xBA0B, 0xBA0C, 0xBA0D, 0xBA0E, 0xBA0F, 0xBA10,
    0xBA11, 0xBA12, 0xBA13, 0xBA14, 0xBA16, 0xBA17, 0xBA18, 0xBA19, 0xBA1A, 0xBA1B, 0xBA1C, 0xBA1D, 0xBA1E, 0xBA1F, 0xBA20, 0xBA21,
    0xBA22, 0xBA23, 0xBA24, 0xBA25, 0xBA26, 0xBA27, 0xBA28, 0xBA29, 0xBA2A, 0xBA2B, 0xBA2C, 0xBA2D, 0xBA2E, 0xBA2F, 0xBA30, 0xBA31,
    0xBA32, 0xBA33, 0xBA34, 0xBA35, 0xBA36, 0xBA37, 0xBA3A, 0xBA3B, 0xBA3D, 0xBA3E, 0xBA3F, 0xBA41, 0xBA43, 0xBA44, 0xBA45, 0xBA46,
    0xBA47, 0xBA4A, 0xBA4C, 0xBA4F, 0xBA50, 0xBA51, 0xBA52, 0xBA56, 0xBA57, 0xBA59, 0xBA5A, 0xBA5B, 0xBA5D, 0xBA5E, 0xBA5F, 0xBA60,
    0xBA61, 0xBA62, 0xBA63, 0xBA66, 0xBA6A, 0xBA6B, 0xBA6C, 0xBA6D, 0xBA6E, 0xBA6F, 0x0000, 0x0000, 0x0000, 0x0000, 0x0000, 0x0000,
    0xBA72, 0xBA73, 0xBA75, 0xBA76, 0xBA77, 0xBA79, 0xBA7A, 0xBA7B, 0xBA7C, 0xBA7D, 0xBA7E, 0xBA7F, 0xBA80, 0xBA81, 0xBA82, 0xBA86,
    0xBA88, 0xBA89, 0xBA8A, 0xBA8B, 0xBA8D, 0xBA8E, 0xBA8F, 0xBA90, 0xBA91, 0xBA92, 0x0000, 0x0000, 0x0000, 0x0000, 0x0000, 0x0000,
    0xBA93, 0xBA94, 0xBA95, 0xBA96, 0xBA97, 0xBA98, 0xBA99, 0xBA9A, 0xBA9B, 0xBA9C, 0xBA9D, 0xBA9E, 0xBA9F, 0xBAA0, 0xBAA1, 0xBAA2,
    0xBAA3, 0xBAA4, 0xBAA5, 0xBAA6, 0xBAA7, 0xBAAA, 0xBAAD, 0xBAAE, 0xBAAF, 0xBAB1, 0xBAB3, 0xBAB4, 0xBAB5, 0xBAB6, 0xBAB7, 0xBABA,
    0xBABC, 0xBABE, 0xBABF, 0xBAC0, 0xBAC1, 0xBAC2, 0xBAC3, 0xBAC5, 0xBAC6, 0xBAC7, 0xBAC9, 0xBACA, 0xBACB, 0xBACC, 0xBACD, 0xBACE,
    0xBACF, 0xBAD0, 0xBAD1, 0xBAD2, 0xBAD3, 0xBAD4, 0xBAD5, 0xBAD6, 0xBAD7, 0xBADA, 0xBADB, 0xBADC, 0xBADD, 0xBADE, 0xBADF, 0xBAE0,
    0xBAE1, 0xBAE2, 0xBAE3, 0xBAE4, 0xBAE5, 0xBAE6, 0xBAE7, 0xBAE8, 0xBAE9, 0xBAEA, 0xBAEB, 0xBAEC, 0xBAED, 0xBAEE, 0xBAEF, 0xBAF0,
    0xBAF1, 0xBAF2, 0xBAF3, 0xBAF4, 0xBAF5, 0xBAF6, 0xBAF7, 0xBAF8, 0xBAF9, 0xBAFA, 0xBAFB, 0xBAFD, 0xBAFE, 0xBAFF, 0xBB01, 0xBB02,
    0xBB03, 0xBB05, 0xBB06, 0xBB07, 0xBB08, 0xBB09, 0xBB0A, 0xBB0B, 0xBB0C, 0xBB0E, 0xBB10, 0xBB12, 0xBB13, 0xBB14, 0xBB15, 0xBB16,
    0xBB17, 0xBB19, 0xBB1A, 0xBB1B, 0xBB1D, 0xBB1E, 0xBB1F, 0xBB21, 0xBB22, 0xBB23, 0xBB24, 0xBB25, 0xBB26, 0xBB27, 0xBB28, 0xBB2A,
    0xBB2C, 0xBB2D, 0xBB2E, 0xBB2F, 0xBB30, 0xBB31, 0xBB32, 0xBB33, 0xBB37, 0xBB39, 0xBB3A, 0xBB3F, 0xBB40, 0xBB41, 0xBB42, 0xBB43,
    0xBB46, 0xBB48, 0xBB4A, 0xBB4B, 0xBB4C, 0xBB4E, 0xBB51, 0xBB52, 0x0000, 0x0000, 0x0000, 0x0000, 0x0000, 0x0000, 0xBB53, 0xBB55,
    0xBB56, 0xBB57, 0xBB59, 0xBB5A, 0xBB5B, 0xBB5C, 0xBB5D, 0xBB5E, 0xBB5F, 0xBB60, 0xBB62, 0xBB64, 0xBB65, 0xBB66, 0xBB67, 0xBB68,
    0xBB69, 0xBB6A, 0xBB6B, 0xBB6D, 0xBB6E, 0xBB6F, 0xBB70, 0xBB71, 0x0000, 0x0000, 0x0000, 0x0000, 0x0000, 0x0000, 0xBB72, 0xBB73,
    0xBB74, 0xBB75, 0xBB76, 0xBB77, 0xBB78, 0xBB79, 0xBB7A, 0xBB7B, 0xBB7C, 0xBB7D, 0xBB7E, 0xBB7F, 0xBB80, 0xBB81, 0xBB82, 0xBB83,
    0xBB84, 0xBB85, 0xBB86, 0xBB87, 0xBB89, 0xBB8A, 0xBB8B, 0xBB8D, 0xBB8E, 0xBB8F, 0xBB91, 0xBB92, 0xBB93, 0xBB94, 0xBB95, 0xBB96,
    0xBB97, 0xBB98, 0xBB99, 0xBB9A, 0xBB9B, 0xBB9C, 0xBB9D, 0xBB9E, 0xBB9F, 0xBBA0, 0xBBA1, 0xBBA2, 0xBBA3, 0xBBA5, 0xBBA6, 0xBBA7,
    0xBBA9, 0xBBAA, 0xBBAB, 0xBBAD, 0xBBAE, 0xBBAF, 0xBBB0, 0xBBB1, 0xBBB2, 0xBBB3, 0xBBB5, 0xBBB6, 0xBBB8, 0xBBB9, 0xBBBA, 0xBBBB,
    0xBBBC, 0xBBBD, 0xBBBE, 0xBBBF, 0xBBC1, 0xBBC2, 0xBBC3, 0xBBC5, 0xBBC6, 0xBBC7, 0xBBC9, 0xBBCA, 0xBBCB, 0xBBCC, 0xBBCD, 0xBBCE,
    0xBBCF, 0xBBD1, 0xBBD2, 0xBBD4, 0xBBD5, 0xBBD6, 0xBBD7, 0xBBD8, 0xBBD9, 0xBBDA, 0xBBDB, 0xBBDC, 0xBBDD, 0xBBDE, 0xBBDF, 0xBBE0,
    0xBBE1, 0xBBE2, 0xBBE3, 0xBBE4, 0xBBE5, 0xBBE6, 0xBBE7, 0xBBE8, 0xBBE9, 0xBBEA, 0xBBEB, 0xBBEC, 0xBBED, 0xBBEE, 0xBBEF, 0xBBF0,
    0xBBF1, 0xBBF2, 0xBBF3, 0xBBF4, 0xBBF5, 0xBBF6, 0xBBF7, 0xBBFA, 0xBBFB, 0xBBFD, 0xBBFE, 0xBC01, 0xBC03, 0xBC04, 0xBC05, 0xBC06,
    0xBC07, 0xBC0A, 0xBC0E, 0xBC10, 0xBC12, 0xBC13, 0xBC19, 0xBC1A, 0xBC20, 0xBC21, 0xBC22, 0xBC23, 0xBC26, 0xBC28, 0xBC2A, 0xBC2B,
    0xBC2C, 0xBC2E, 0xBC2F, 0xBC32, 0xBC33, 0xBC35, 0x0000, 0x0000, 0x0000, 0x0000, 0x0000, 0x0000, 0xBC36, 0xBC37, 0xBC39, 0xBC3A,
    0xBC3B, 0xBC3C, 0xBC3D, 0xBC3E, 0xBC3F, 0xBC42, 0xBC46, 0xBC47, 0xBC48, 0xBC4A, 0xBC4B, 0xBC4E, 0xBC4F, 0xBC51, 0xBC52, 0xBC53,
    0xBC54, 0xBC55, 0xBC56, 0xBC57, 0xBC58, 0xBC59, 0x0000, 0x0000, 0x0000, 0x0000, 0x0000, 0x0000, 0xBC5A, 0xBC5B, 0xBC5C, 0xBC5E,
    0xBC5F, 0xBC60, 0xBC61, 0xBC62, 0xBC63, 0xBC64, 0xBC65, 0xBC66, 0xBC67, 0xBC68, 0xBC69, 0xBC6A, 0xBC6B, 0xBC6C, 0xBC6D, 0xBC6E,
    0xBC6F, 0xBC70, 0xBC71, 0xBC72, 0xBC73, 0xBC74, 0xBC75, 0xBC76, 0xBC77, 0xBC78, 0xBC79, 0xBC7A, 0xBC7B, 0xBC7C, 0xBC7D, 0xBC7E,
    0xBC7F, 0xBC80, 0xBC81, 0xBC82, 0xBC83, 0xBC86, 0xBC87, 0xBC89, 0xBC8A, 0xBC8D, 0xBC8F, 0xBC90, 0xBC91, 0xBC92, 0xBC93, 0xBC96,
    0xBC98, 0xBC9B, 0xBC9C, 0xBC9D, 0xBC9E, 0xBC9F, 0xBCA2, 0xBCA3, 0xBCA5, 0xBCA6, 0xBCA9, 0xBCAA, 0xBCAB, 0xBCAC, 0xBCAD, 0xBCAE,
    0xBCAF, 0xBCB2, 0xBCB6, 0xBCB7, 0xBCB8, 0xBCB9, 0xBCBA, 0xBCBB, 0xBCBE, 0xBCBF, 0xBCC1, 0xBCC2, 0xBCC3, 0xBCC5, 0xBCC6, 0xBCC7,
    0xBCC8, 0xBCC9, 0xBCCA, 0xBCCB, 0xBCCC, 0xBCCE, 0xBCD2, 0xBCD3, 0xBCD4, 0xBCD6, 0xBCD7, 0xBCD9, 0xBCDA, 0xBCDB, 0xBCDD, 0xBCDE,
    0xBCDF, 0xBCE0, 0xBCE1, 0xBCE2, 0xBCE3, 0xBCE4, 0xBCE5, 0xBCE6, 0xBCE7, 0xBCE8, 0xBCE9, 0xBCEA, 0xBCEB, 0xBCEC, 0xBCED, 0xBCEE,
    0xBCEF, 0xBCF0, 0xBCF1, 0xBCF2, 0xBCF3, 0xBCF7, 0xBCF9, 0xBCFA, 0xBCFB, 0xBCFD, 0xBCFE, 0xBCFF, 0xBD00, 0xBD01, 0xBD02, 0xBD03,
    0xBD06, 0xBD08, 0xBD0A, 0xBD0B, 0xBD0C, 0xBD0D, 0xBD0E, 0xBD0F, 0xBD11, 0xBD12, 0xBD13, 0xBD15, 0xBD16, 0xBD17, 0xBD18, 0xBD19,
    0xBD1A, 0xBD1B, 0xBD1C, 0xBD1D, 0x0000, 0x0000, 0x0000, 0x0000, 0x0000, 0x0000, 0xBD1E, 0xBD1F, 0xBD20, 0xBD21, 0xBD22, 0xBD23,
    0xBD25, 0xBD26, 0xBD27, 0xBD28, 0xBD29, 0xBD2A, 0xBD2B, 0xBD2D, 0xBD2E, 0xBD2F, 0xBD30, 0xBD31, 0xBD32, 0xBD33, 0xBD34, 0xBD35,
    0xBD36, 0xBD37, 0xBD38, 0xBD39, 0x0000, 0x0000, 0x0000, 0x0000, 0x0000, 0x0000, 0xBD3A, 0xBD3B, 0xBD3C, 0xBD3D, 0xBD3E, 0xBD3F,
    0xBD41, 0xBD42, 0xBD43, 0xBD44, 0xBD45, 0xBD46, 0xBD47, 0xBD4A, 0xBD4B, 0xBD4D, 0xBD4E, 0xBD4F, 0xBD51, 0xBD52, 0xBD53, 0xBD54,
    0xBD55, 0xBD56, 0xBD57, 0xBD5A, 0xBD5B, 0xBD5C, 0xBD5D, 0xBD5E, 0xBD5F, 0xBD60, 0xBD61, 0xBD62, 0xBD63, 0xBD65, 0xBD66, 0xBD67,
    0xBD69, 0xBD6A, 0xBD6B, 0xBD6C, 0xBD6D, 0xBD6E, 0xBD6F, 0xBD70, 0xBD71, 0xBD72, 0xBD73, 0xBD74, 0xBD75, 0xBD76, 0xBD77, 0xBD78,
    0xBD79, 0xBD7A, 0xBD7B, 0xBD7C, 0xBD7D, 0xBD7E, 0xBD7F, 0xBD82, 0xBD83, 0xBD85, 0xBD86, 0xBD8B, 0xBD8C, 0xBD8D, 0xBD8E, 0xBD8F,
    0xBD92, 0xBD94, 0xBD96, 0xBD97, 0xBD98, 0xBD9B, 0xBD9D, 0xBD9E, 0xBD9F, 0xBDA0, 0xBDA1, 0xBDA2, 0xBDA3, 0xBDA5, 0xBDA6, 0xBDA7,
    0xBDA8, 0xBDA9, 0xBDAA, 0xBDAB, 0xBDAC, 0xBDAD, 0xBDAE, 0xBDAF, 0xBDB1, 0xBDB2, 0xBDB3, 0xBDB4, 0xBDB5, 0xBDB6, 0xBDB7, 0xBDB9,
    0xBDBA, 0xBDBB, 0xBDBC, 0xBDBD, 0xBDBE, 0xBDBF, 0xBDC0, 0xBDC1, 0xBDC2, 0xBDC3, 0xBDC4, 0xBDC5, 0xBDC6, 0xBDC7, 0xBDC8, 0xBDC9,
    0xBDCA, 0xBDCB, 0xBDCC, 0xBDCD, 0xBDCE, 0xBDCF, 0xBDD0, 0xBDD1, 0xBDD2, 0xBDD3, 0xBDD6, 0xBDD7, 0xBDD9, 0xBDDA, 0xBDDB, 0xBDDD,
    0xBDDE, 0xBDDF, 0xBDE0, 0xBDE1, 0xBDE2, 0xBDE3, 0xBDE4, 0xBDE5, 0xBDE6, 0xBDE7, 0xBDE8, 0xBDEA, 0xBDEB, 0xBDEC, 0xBDED, 0xBDEE,
    0xBDEF, 0xBDF1, 0x0000, 0x0000, 0x0000, 0x0000, 0x0000, 0x0000, 0xBDF2, 0xBDF3, 0xBDF5, 0xBDF6, 0xBDF7, 0xBDF9, 0xBDFA, 0xBDFB,
    0xBDFC, 0xBDFD, 0xBDFE, 0xBDFF, 0xBE01, 0xBE02, 0xBE04, 0xBE06, 0xBE07, 0xBE08, 0xBE09, 0xBE0A, 0xBE0B, 0xBE0E, 0xBE0F, 0xBE11,
    0xBE12, 0xBE13, 0x0000, 0x0000, 0x0000, 0x0000, 0x0000, 0x0000, 0xBE15, 0xBE16, 0xBE17, 0xBE18, 0xBE19, 0xBE1A, 0xBE1B, 0xBE1E,
    0xBE20, 0xBE21, 0xBE22, 0xBE23, 0xBE24, 0xBE25, 0xBE26, 0xBE27, 0xBE28, 0xBE29, 0xBE2A, 0xBE2B, 0xBE2C, 0xBE2D, 0xBE2E, 0xBE2F,
    0xBE30, 0xBE31, 0xBE32, 0xBE33, 0xBE34, 0xBE35, 0xBE36, 0xBE37, 0xBE38, 0xBE39, 0xBE3A, 0xBE3B, 0xBE3C, 0xBE3D, 0xBE3E, 0xBE3F,
    0xBE40, 0xBE41, 0xBE42, 0xBE43, 0xBE46, 0xBE47, 0xBE49, 0xBE4A, 0xBE4B, 0xBE4D, 0xBE4F, 0xBE50, 0xBE51, 0xBE52, 0xBE53, 0xBE56,
    0xBE58, 0xBE5C, 0xBE5D, 0xBE5E, 0xBE5F, 0xBE62, 0xBE63, 0xBE65, 0xBE66, 0xBE67, 0xBE69, 0xBE6B, 0xBE6C, 0xBE6D, 0xBE6E, 0xBE6F,
    0xBE72, 0xBE76, 0xBE77, 0xBE78, 0xBE79, 0xBE7A, 0xBE7E, 0xBE7F, 0xBE81, 0xBE82, 0xBE83, 0xBE85, 0xBE86, 0xBE87, 0xBE88, 0xBE89,
    0xBE8A, 0xBE8B, 0xBE8E, 0xBE92, 0xBE93, 0xBE94, 0xBE95, 0xBE96, 0xBE97, 0xBE9A, 0xBE9B, 0xBE9C, 0xBE9D, 0xBE9E, 0xBE9F, 0xBEA0,
    0xBEA1, 0xBEA2, 0xBEA3, 0xBEA4, 0xBEA5, 0xBEA6, 0xBEA7, 0xBEA9, 0xBEAA, 0xBEAB, 0xBEAC, 0xBEAD, 0xBEAE, 0xBEAF, 0xBEB0, 0xBEB1,
    0xBEB2, 0xBEB3, 0xBEB4, 0xBEB5, 0xBEB6, 0xBEB7, 0xBEB8, 0xBEB9, 0xBEBA, 0xBEBB, 0xBEBC, 0xBEBD, 0xBEBE, 0xBEBF, 0xBEC0, 0xBEC1,
    0xBEC2, 0xBEC3, 0xBEC4, 0xBEC5, 0xBEC6, 0xBEC7, 0xBEC8, 0xBEC9, 0xBECA, 0xBECB, 0xBECC, 0xBECD, 0xBECE, 0xBECF, 0xBED2, 0xBED3,
    0x0000, 0x0000, 0x0000, 0x0000, 0x0000, 0x0000, 0xBED5, 0xBED6, 0xBED9, 0xBEDA, 0xBEDB, 0xBEDC, 0xBEDD, 0xBEDE, 0xBEDF, 0xBEE1,
    0xBEE2, 0xBEE6, 0xBEE7, 0xBEE8, 0xBEE9, 0xBEEA, 0xBEEB, 0xBEED, 0xBEEE, 0xBEEF, 0xBEF0, 0xBEF1, 0xBEF2, 0xBEF3, 0xBEF4, 0xBEF5,
    0x0000, 0x0000, 0x0000, 0x0000, 0x0000, 0x0000, 0xBEF6, 0xBEF7, 0xBEF8, 0xBEF9, 0xBEFA, 0xBEFB, 0xBEFC, 0xBEFD, 0xBEFE, 0xBEFF,
    0xBF00, 0xBF02, 0xBF03, 0xBF04, 0xBF05, 0xBF06, 0xBF07, 0xBF0A, 0xBF0B, 0xBF0C, 0xBF0D, 0xBF0E, 0xBF0F, 0xBF10, 0xBF11, 0xBF12,
    0xBF13, 0xBF14, 0xBF15, 0xBF16, 0xBF17, 0xBF1A, 0xBF1E, 0xBF1F, 0xBF20, 0xBF21, 0xBF22, 0xBF23, 0xBF24, 0xBF25, 0xBF26, 0xBF27,
    0xBF28, 0xBF29, 0xBF2A, 0xBF2B, 0xBF2C, 0xBF2D, 0xBF2E, 0xBF2F, 0xBF30, 0xBF31, 0xBF32, 0xBF33, 0xBF34, 0xBF35, 0xBF36, 0xBF37,
    0xBF38, 0xBF39, 0xBF3A, 0xBF3B, 0xBF3C, 0xBF3D, 0xBF3E, 0xBF3F, 0xBF42, 0xBF43, 0xBF45, 0xBF46, 0xBF47, 0xBF49, 0xBF4A, 0xBF4B,
    0xBF4C, 0xBF4D, 0xBF4E, 0xBF4F, 0xBF52, 0xBF53, 0xBF54, 0xBF56, 0xBF57, 0xBF58, 0xBF59, 0xBF5A, 0xBF5B, 0xBF5C, 0xBF5D, 0xBF5E,
    0xBF5F, 0xBF60, 0xBF61, 0xBF62, 0xBF63, 0xBF64, 0xBF65, 0xBF66, 0xBF67, 0xBF68, 0xBF69, 0xBF6A, 0xBF6B, 0xBF6C, 0xBF6D, 0xBF6E,
    0xBF6F, 0xBF70, 0xBF71, 0xBF72, 0xBF73, 0xBF74, 0xBF75, 0xBF76, 0xBF77, 0xBF78, 0xBF79, 0xBF7A, 0xBF7B, 0xBF7C, 0xBF7D, 0xBF7E,
    0xBF7F, 0xBF80, 0xBF81, 0xBF82, 0xBF83, 0xBF84, 0xBF85, 0xBF86, 0xBF87, 0xBF88, 0xBF89, 0xBF8A, 0xBF8B, 0xBF8C, 0xBF8D, 0xBF8E,
    0xBF8F, 0xBF90, 0xBF91, 0xBF92, 0xBF93, 0xBF95, 0xBF96, 0xBF97, 0xBF98, 0xBF99, 0xBF9A, 0xBF9B, 0xBF9C, 0xBF9D, 0x0000, 0x0000,
    0x0000, 0x0000, 0x0000, 0x0000, 0xBF9E, 0xBF9F, 0xBFA0, 0xBFA1, 0xBFA2, 0xBFA3, 0xBFA4, 0xBFA5, 0xBFA6, 0xBFA7, 0xBFA8, 0xBFA9,
    0xBFAA, 0xBFAB, 0xBFAC, 0xBFAD, 0xBFAE, 0xBFAF, 0xBFB1, 0xBFB2, 0xBFB3, 0xBFB4, 0xBFB5, 0xBFB6, 0xBFB7, 0xBFB8, 0x0000, 0x0000,
    0x0000, 0x0000, 0x0000, 0x0000, 0xBFB9, 0xBFBA, 0xBFBB, 0xBFBC, 0xBFBD, 0xBFBE, 0xBFBF, 0xBFC0, 0xBFC1, 0xBFC2, 0xBFC3, 0xBFC4,
    0xBFC6, 0xBFC7, 0xBFC8, 0xBFC9, 0xBFCA, 0xBFCB, 0xBFCE, 0xBFCF, 0xBFD1, 0xBFD2, 0xBFD3, 0xBFD5, 0xBFD6, 0xBFD7, 0xBFD8, 0xBFD9,
    0xBFDA, 0xBFDB, 0xBFDD, 0xBFDE, 0xBFE0, 0xBFE2, 0xBFE3, 0xBFE4, 0xBFE5, 0xBFE6, 0xBFE7, 0xBFE8, 0xBFE9, 0xBFEA, 0xBFEB, 0xBFEC,
    0xBFED, 0xBFEE, 0xBFEF, 0xBFF0, 0xBFF1, 0xBFF2, 0xBFF3, 0xBFF4, 0xBFF5, 0xBFF6, 0xBFF7, 0xBFF8, 0xBFF9, 0xBFFA, 0xBFFB, 0xBFFC,
    0xBFFD, 0xBFFE, 0xBFFF, 0xC000, 0xC001, 0xC002, 0xC003, 0xC004, 0xC005, 0xC006, 0xC007, 0xC008, 0xC009, 0xC00A, 0xC00B, 0xC00C,
    0xC00D, 0xC00E, 0xC00F, 0xC010, 0xC011, 0xC012, 0xC013, 0xC014, 0xC015, 0xC016, 0xC017, 0xC018, 0xC019, 0xC01A, 0xC01B, 0xC01C,
    0xC01D, 0xC01E, 0xC01F, 0xC020, 0xC021, 0xC022, 0xC023, 0xC024, 0xC025, 0xC026, 0xC027, 0xC028, 0xC029, 0xC02A, 0xC02B, 0xC02C,
    0xC02D, 0xC02E, 0xC02F, 0xC030, 0xC031, 0xC032, 0xC033, 0xC034, 0xC035, 0xC036, 0xC037, 0xC038, 0xC039, 0xC03A, 0xC03B, 0xC03D,
    0xC03E, 0xC03F, 0xC040, 0xC041, 0xC042, 0xC043, 0xC044, 0xC045, 0xC046, 0xC047, 0xC048, 0xC049, 0xC04A, 0xC04B, 0xC04C, 0xC04D,
    0xC04E, 0xC04F, 0xC050, 0xC052, 0xC053, 0xC054, 0xC055, 0xC056, 0xC057, 0xC059, 0xC05A, 0xC05B, 0x0000, 0x0000, 0x0000, 0x0000,
    0x0000, 0x0000, 0xC05D, 0xC05E, 0xC05F, 0xC061, 0xC062, 0xC063, 0xC064, 0xC065, 0xC066, 0xC067, 0xC06A, 0xC06B, 0xC06C, 0xC06D,
    0xC06E, 0xC06F, 0xC070, 0xC071, 0xC072, 0xC073, 0xC074, 0xC075, 0xC076, 0xC077, 0xC078, 0xC079, 0x0000, 0x0000, 0x0000, 0x0000,
    0x0000, 0x0000, 0xC07A, 0xC07B, 0xC07C, 0xC07D, 0xC07E, 0xC07F, 0xC080, 0xC081, 0xC082, 0xC083, 0xC084, 0xC085, 0xC086, 0xC087,
    0xC088, 0xC089, 0xC08A, 0xC08B, 0xC08C, 0xC08D, 0xC08E, 0xC08F, 0xC092, 0xC093, 0xC095, 0xC096, 0xC097, 0xC099, 0xC09A, 0xC09B,
    0xC09C, 0xC09D, 0xC09E, 0xC09F, 0xC0A2, 0xC0A4, 0xC0A6, 0xC0A7, 0xC0A8, 0xC0A9, 0xC0AA, 0xC0AB, 0xC0AE, 0xC0B1, 0xC0B2, 0xC0B7,
    0xC0B8, 0xC0B9, 0xC0BA, 0xC0BB, 0xC0BE, 0xC0C2, 0xC0C3, 0xC0C4, 0xC0C6, 0xC0C7, 0xC0CA, 0xC0CB, 0xC0CD, 0xC0CE, 0xC0CF, 0xC0D1,
    0xC0D2, 0xC0D3, 0xC0D4, 0xC0D5, 0xC0D6, 0xC0D7, 0xC0DA, 0xC0DE, 0xC0DF, 0xC0E0, 0xC0E1, 0xC0E2, 0xC0E3, 0xC0E6, 0xC0E7, 0xC0E9,
    0xC0EA, 0xC0EB, 0xC0ED, 0xC0EE, 0xC0EF, 0xC0F0, 0xC0F1, 0xC0F2, 0xC0F3, 0xC0F6, 0xC0F8, 0xC0FA, 0xC0FB, 0xC0FC, 0xC0FD, 0xC0FE,
    0xC0FF, 0xC101, 0xC102, 0xC103, 0xC105, 0xC106, 0xC107, 0xC109, 0xC10A, 0xC10B, 0xC10C, 0xC10D, 0xC10E, 0xC10F, 0xC111, 0xC112,
    0xC113, 0xC114, 0xC116, 0xC117, 0xC118, 0xC119, 0xC11A, 0xC11B, 0xC121, 0xC122, 0xC125, 0xC128, 0xC129, 0xC12A, 0xC12B, 0xC12E,
    0xC132, 0xC133, 0xC134, 0xC135, 0xC137, 0xC13A, 0xC13B, 0xC13D, 0xC13E, 0xC13F, 0xC141, 0xC142, 0xC143, 0xC144, 0xC145, 0xC146,
    0xC147, 0xC14A, 0xC14E, 0xC14F, 0xC150, 0xC151, 0xC152, 0xC153, 0xC156, 0xC157, 0x0000, 0x0000, 0x0000, 0x0000, 0x0000, 0x0000,
    0xC159, 0xC15A, 0xC15B, 0xC15D, 0xC15E, 0xC15F, 0xC160, 0xC161, 0xC162, 0xC163, 0xC166, 0xC16A, 0xC16B, 0xC16C, 0xC16D, 0xC16E,
    0xC16F, 0xC171, 0xC172, 0xC173, 0xC175, 0xC176, 0xC177, 0xC179, 0xC17A, 0xC17B, 0x0000, 0x0000, 0x0000, 0x0000, 0x0000, 0x0000,
    0xC17C, 0xC17D, 0xC17E, 0xC17F, 0xC180, 0xC181, 0xC182, 0xC183, 0xC184, 0xC186, 0xC187, 0xC188, 0xC189, 0xC18A, 0xC18B, 0xC18F,
    0xC191, 0xC192, 0xC193, 0xC195, 0xC197, 0xC198, 0xC199, 0xC19A, 0xC19B, 0xC19E, 0xC1A0, 0xC1A2, 0xC1A3, 0xC1A4, 0xC1A6, 0xC1A7,
    0xC1AA, 0xC1AB, 0xC1AD, 0xC1AE, 0xC1AF, 0xC1B1, 0xC1B2, 0xC1B3, 0xC1B4, 0xC1B5, 0xC1B6, 0xC1B7, 0xC1B8, 0xC1B9, 0xC1BA, 0xC1BB,
    0xC1BC, 0xC1BE, 0xC1BF, 0xC1C0, 0xC1C1, 0xC1C2, 0xC1C3, 0xC1C5, 0xC1C6, 0xC1C7, 0xC1C9, 0xC1CA, 0xC1CB, 0xC1CD, 0xC1CE, 0xC1CF,
    0xC1D0, 0xC1D1, 0xC1D2, 0xC1D3, 0xC1D5, 0xC1D6, 0xC1D9, 0xC1DA, 0xC1DB, 0xC1DC, 0xC1DD, 0xC1DE, 0xC1DF, 0xC1E1, 0xC1E2, 0xC1E3,
    0xC1E5, 0xC1E6, 0xC1E7, 0xC1E9, 0xC1EA, 0xC1EB, 0xC1EC, 0xC1ED, 0xC1EE, 0xC1EF, 0xC1F2, 0xC1F4, 0xC1F5, 0xC1F6, 0xC1F7, 0xC1F8,
    0xC1F9, 0xC1FA, 0xC1FB, 0xC1FE, 0xC1FF, 0xC201, 0xC202, 0xC203, 0xC205, 0xC206, 0xC207, 0xC208, 0xC209, 0xC20A, 0xC20B, 0xC20E,
    0xC210, 0xC212, 0xC213, 0xC214, 0xC215, 0xC216, 0xC217, 0xC21A, 0xC21B, 0xC21D, 0xC21E, 0xC221, 0xC222, 0xC223, 0xC224, 0xC225,
    0xC226, 0xC227, 0xC22A, 0xC22C, 0xC22E, 0xC230, 0xC233, 0xC235, 0xC236, 0xC237, 0xC238, 0xC239, 0xC23A, 0xC23B, 0xC23C, 0xC23D,
    0xC23E, 0xC23F, 0xC240, 0xC241, 0xC242, 0xC243, 0xC244, 0xC245, 0x0000, 0x0000, 0x0000, 0x0000, 0x0000, 0x0000, 0xC246, 0xC247,
    0xC249, 0xC24A, 0xC24B, 0xC24C, 0xC24D, 0xC24E, 0xC24F, 0xC252, 0xC253, 0xC255, 0xC256, 0xC257, 0xC259, 0xC25A, 0xC25B, 0xC25C,
    0xC25D, 0xC25E, 0xC25F, 0xC261, 0xC262, 0xC263, 0xC264, 0xC266, 0x0000, 0x0000, 0x0000, 0x0000, 0x0000, 0x0000, 0xC267, 0xC268,
    0xC269, 0xC26A, 0xC26B, 0xC26E, 0xC26F, 0xC271, 0xC272, 0xC273, 0xC275, 0xC276, 0xC277, 0xC278, 0xC279, 0xC27A, 0xC27B, 0xC27E,
    0xC280, 0xC282, 0xC283, 0xC284, 0xC285, 0xC286, 0xC287, 0xC28A, 0xC28B, 0xC28C, 0xC28D, 0xC28E, 0xC28F, 0xC291, 0xC292, 0xC293,
    0xC294, 0xC295, 0xC296, 0xC297, 0xC299, 0xC29A, 0xC29C, 0xC29E, 0xC29F, 0xC2A0, 0xC2A1, 0xC2A2, 0xC2A3, 0xC2A6, 0xC2A7, 0xC2A9,
    0xC2AA, 0xC2AB, 0xC2AE, 0xC2AF, 0xC2B0, 0xC2B1, 0xC2B2, 0xC2B3, 0xC2B6, 0xC2B8, 0xC2BA, 0xC2BB, 0xC2BC, 0xC2BD, 0xC2BE, 0xC2BF,
    0xC2C0, 0xC2C1, 0xC2C2, 0xC2C3, 0xC2C4, 0xC2C5, 0xC2C6, 0xC2C7, 0xC2C8, 0xC2C9, 0xC2CA, 0xC2CB, 0xC2CC, 0xC2CD, 0xC2CE, 0xC2CF,
    0xC2D0, 0xC2D1, 0xC2D2, 0xC2D3, 0xC2D4, 0xC2D5, 0xC2D6, 0xC2D7, 0xC2D8, 0xC2D9, 0xC2DA, 0xC2DB, 0xC2DE, 0xC2DF, 0xC2E1, 0xC2E2,
    0xC2E5, 0xC2E6, 0xC2E7, 0xC2E8, 0xC2E9, 0xC2EA, 0xC2EE, 0xC2F0, 0xC2F2, 0xC2F3, 0xC2F4, 0xC2F5, 0xC2F7, 0xC2FA, 0xC2FD, 0xC2FE,
    0xC2FF, 0xC301, 0xC302, 0xC303, 0xC304, 0xC305, 0xC306, 0xC307, 0xC30A, 0xC30B, 0xC30E, 0xC30F, 0xC310, 0xC311, 0xC312, 0xC316,
    0xC317, 0xC319, 0xC31A, 0xC31B, 0xC31D, 0xC31E, 0xC31F, 0xC320, 0xC321, 0xC322, 0xC323, 0xC326, 0xC327, 0xC32A, 0xC32B, 0xC32C,
    0xC32D, 0xC32E, 0xC32F, 0xC330, 0xC331, 0xC332, 0x0000, 0x0000, 0x0000, 0x0000, 0x0000, 0x0000, 0xC333, 0xC334, 0xC335, 0xC336,
    0xC337, 0xC338, 0xC339, 0xC33A, 0xC33B, 0xC33C, 0xC33D, 0xC33E, 0xC33F, 0xC340, 0xC341, 0xC342, 0xC343, 0xC344, 0xC346, 0xC347,
    0xC348, 0xC349, 0xC34A, 0xC34B, 0xC34C, 0xC34D, 0x0000, 0x0000, 0x0000, 0x0000, 0x0000, 0x0000, 0xC34E, 0xC34F, 0xC350, 0xC351,
    0xC352, 0xC353, 0xC354, 0xC355, 0xC356, 0xC357, 0xC358, 0xC359, 0xC35A, 0xC35B, 0xC35C, 0xC35D, 0xC35E, 0xC35F, 0xC360, 0xC361,
    0xC362, 0xC363, 0xC364, 0xC365, 0xC366, 0xC367, 0xC36A, 0xC36B, 0xC36D, 0xC36E, 0xC36F, 0xC371, 0xC373, 0xC374, 0xC375, 0xC376,
    0xC377, 0xC37A, 0xC37B, 0xC37E, 0xC37F, 0xC380, 0xC381, 0xC382, 0xC383, 0xC385, 0xC386, 0xC387, 0xC389, 0xC38A, 0xC38B, 0xC38D,
    0xC38E, 0xC38F, 0xC390, 0xC391, 0xC392, 0xC393, 0xC394, 0xC395, 0xC396, 0xC397, 0xC398, 0xC399, 0xC39A, 0xC39B, 0xC39C, 0xC39D,
    0xC39E, 0xC39F, 0xC3A0, 0xC3A1, 0xC3A2, 0xC3A3, 0xC3A4, 0xC3A5, 0xC3A6, 0xC3A7, 0xC3A8, 0xC3A9, 0xC3AA, 0xC3AB, 0xC3AC, 0xC3AD,
    0xC3AE, 0xC3AF, 0xC3B0, 0xC3B1, 0xC3B2, 0xC3B3, 0xC3B4, 0xC3B5, 0xC3B6, 0xC3B7, 0xC3B8, 0xC3B9, 0xC3BA, 0xC3BB, 0xC3BC, 0xC3BD,
    0xC3BE, 0xC3BF, 0xC3C1, 0xC3C2, 0xC3C3, 0xC3C4, 0xC3C5, 0xC3C6, 0xC3C7, 0xC3C8, 0xC3C9, 0xC3CA, 0xC3CB, 0xC3CC, 0xC3CD, 0xC3CE,
    0xC3CF, 0xC3D0, 0xC3D1, 0xC3D2, 0xC3D3, 0xC3D4, 0xC3D5, 0xC3D6, 0xC3D7, 0xC3DA, 0xC3DB, 0xC3DD, 0xC3DE, 0xC3E1, 0xC3E3, 0xC3E4,
    0xC3E5, 0xC3E6, 0xC3E7, 0xC3EA, 0xC3EB, 0xC3EC, 0xC3EE, 0xC3EF, 0xC3F0, 0xC3F1, 0xC3F2, 0xC3F3, 0xC3F6, 0xC3F7, 0xC3F9, 0xC3FA,
    0xC3FB, 0xC3FC, 0xC3FD, 0xC3FE, 0x0000, 0x0000, 0x0000, 0x0000, 0x0000, 0x0000, 0xC3FF, 0xC400, 0xC401, 0xC402, 0xC403, 0xC404,
    0xC405, 0xC406, 0xC407, 0xC409, 0xC40A, 0xC40B, 0xC40C, 0xC40D, 0xC40E, 0xC40F, 0xC411, 0xC412, 0xC413, 0xC414, 0xC415, 0xC416,
    0xC417, 0xC418, 0xC419, 0xC41A, 0x0000, 0x0000, 0x0000, 0x0000, 0x0000, 0x0000, 0xC41B, 0xC41C, 0xC41D, 0xC41E, 0xC41F, 0xC420,
    0xC421, 0xC422, 0xC423, 0xC425, 0xC426, 0xC427, 0xC428, 0xC429, 0xC42A, 0xC42B, 0xC42D, 0xC42E, 0xC42F, 0xC431, 0xC432, 0xC433,
    0xC435, 0xC436, 0xC437, 0xC438, 0xC439, 0xC43A, 0xC43B, 0xC43E, 0xC43F, 0xC440, 0xC441, 0xC442, 0xC443, 0xC444, 0xC445, 0xC446,
    0xC447, 0xC449, 0xC44A, 0xC44B, 0xC44C, 0xC44D, 0xC44E, 0xC44F, 0xC450, 0xC451, 0xC452, 0xC453, 0xC454, 0xC455, 0xC456, 0xC457,
    0xC458, 0xC459, 0xC45A, 0xC45B, 0xC45C, 0xC45D, 0xC45E, 0xC45F, 0xC460, 0xC461, 0xC462, 0xC463, 0xC466, 0xC467, 0xC469, 0xC46A,
    0xC46B, 0xC46D, 0xC46E, 0xC46F, 0xC470, 0xC471, 0xC472, 0xC473, 0xC476, 0xC477, 0xC478, 0xC47A, 0xC47B, 0xC47C, 0xC47D, 0xC47E,
    0xC47F, 0xC481, 0xC482, 0xC483, 0xC484, 0xC485, 0xC486, 0xC487, 0xC488, 0xC489, 0xC48A, 0xC48B, 0xC48C, 0xC48D, 0xC48E, 0xC48F,
    0xC490, 0xC491, 0xC492, 0xC493, 0xC495, 0xC496, 0xC497, 0xC498, 0xC499, 0xC49A, 0xC49B, 0xC49D, 0xC49E, 0xC49F, 0xC4A0, 0xC4A1,
    0xC4A2, 0xC4A3, 0xC4A4, 0xC4A5, 0xC4A6, 0xC4A7, 0xC4A8, 0xC4A9, 0xC4AA, 0xC4AB, 0xC4AC, 0xC4AD, 0xC4AE, 0xC4AF, 0xC4B0, 0xC4B1,
    0xC4B2, 0xC4B3, 0xC4B4, 0xC4B5, 0xC4B6, 0xC4B7, 0xC4B9, 0xC4BA, 0xC4BB, 0xC4BD, 0xC4BE, 0xC4BF, 0xC4C0, 0xC4C1, 0xC4C2, 0xC4C3,
    0xC4C4, 0xC4C5, 0x0000, 0x0000, 0x0000, 0x0000, 0x0000, 0x0000, 0xC4C6, 0xC4C7, 0xC4C8, 0xC4C9, 0xC4CA, 0xC4CB, 0xC4CC, 0xC4CD,
    0xC4CE, 0xC4CF, 0xC4D0, 0xC4D1, 0xC4D2, 0xC4D3, 0xC4D4, 0xC4D5, 0xC4D6, 0xC4D7, 0xC4D8, 0xC4D9, 0xC4DA, 0xC4DB, 0xC4DC, 0xC4DD,
    0xC4DE, 0xC4DF, 0x0000, 0x0000, 0x0000, 0x0000, 0x0000, 0x0000, 0xC4E0, 0xC4E1, 0xC4E2, 0xC4E3, 0xC4E4, 0xC4E5, 0xC4E6, 0xC4E7,
    0xC4E8, 0xC4EA, 0xC4EB, 0xC4EC, 0xC4ED, 0xC4EE, 0xC4EF, 0xC4F2, 0xC4F3, 0xC4F5, 0xC4F6, 0xC4F7, 0xC4F9, 0xC4FB, 0xC4FC, 0xC4FD,
    0xC4FE, 0xC502, 0xC503, 0xC504, 0xC505, 0xC506, 0xC507, 0xC508, 0xC509, 0xC50A, 0xC50B, 0xC50D, 0xC50E, 0xC50F, 0xC511, 0xC512,
    0xC513, 0xC515, 0xC516, 0xC517, 0xC518, 0xC519, 0xC51A, 0xC51B, 0xC51D, 0xC51E, 0xC51F, 0xC520, 0xC521, 0xC522, 0xC523, 0xC524,
    0xC525, 0xC526, 0xC527, 0xC52A, 0xC52B, 0xC52D, 0xC52E, 0xC52F, 0xC531, 0xC532, 0xC533, 0xC534, 0xC535, 0xC536, 0xC537, 0xC53A,
    0xC53C, 0xC53E, 0xC53F, 0xC540, 0xC541, 0xC542, 0xC543, 0xC546, 0xC547, 0xC54B, 0xC54F, 0xC550, 0xC551, 0xC552, 0xC556, 0xC55A,
    0xC55B, 0xC55C, 0xC55F, 0xC562, 0xC563, 0xC565, 0xC566, 0xC567, 0xC569, 0xC56A, 0xC56B, 0xC56C, 0xC56D, 0xC56E, 0xC56F, 0xC572,
    0xC576, 0xC577, 0xC578, 0xC579, 0xC57A, 0xC57B, 0xC57E, 0xC57F, 0xC581, 0xC582, 0xC583, 0xC585, 0xC586, 0xC588, 0xC589, 0xC58A,
    0xC58B, 0xC58E, 0xC590, 0xC592, 0xC593, 0xC594, 0xC596, 0xC599, 0xC59A, 0xC59B, 0xC59D, 0xC59E, 0xC59F, 0xC5A1, 0xC5A2, 0xC5A3,
    0xC5A4, 0xC5A5, 0xC5A6, 0xC5A7, 0xC5A8, 0xC5AA, 0xC5AB, 0xC5AC, 0xC5AD, 0xC5AE, 0xC5AF, 0xC5B0, 0xC5B1, 0xC5B2, 0xC5B3, 0xC5B6,
    0x0000, 0x0000, 0x0000, 0x0000, 0x0000, 0x0000, 0xC5B7, 0xC5BA, 0xC5BF, 0xC5C0, 0xC5C1, 0xC5C2, 0xC5C3, 0xC5CB, 0xC5CD, 0xC5CF,
    0xC5D2, 0xC5D3, 0xC5D5, 0xC5D6, 0xC5D7, 0xC5D9, 0xC5DA, 0xC5DB, 0xC5DC, 0xC5DD, 0xC5DE, 0xC5DF, 0xC5E2, 0xC5E4, 0xC5E6, 0xC5E7,
    0x0000, 0x0000, 0x0000, 0x0000, 0x0000, 0x0000, 0xC5E8, 0xC5E9, 0xC5EA, 0xC5EB, 0xC5EF, 0xC5F1, 0xC5F2, 0xC5F3, 0xC5F5, 0xC5F8,
    0xC5F9, 0xC5FA, 0xC5FB, 0xC602, 0xC603, 0xC604, 0xC609, 0xC60A, 0xC60B, 0xC60D, 0xC60E, 0xC60F, 0xC611, 0xC612, 0xC613, 0xC614,
    0xC615, 0xC616, 0xC617, 0xC61A, 0xC61D, 0xC61E, 0xC61F, 0xC620, 0xC621, 0xC622, 0xC623, 0xC626, 0xC627, 0xC629, 0xC62A, 0xC62B,
    0xC62F, 0xC631, 0xC632, 0xC636, 0xC638, 0xC63A, 0xC63C, 0xC63D, 0xC63E, 0xC63F, 0xC642, 0xC643, 0xC645, 0xC646, 0xC647, 0xC649,
    0xC64A, 0xC64B, 0xC64C, 0xC64D, 0xC64E, 0xC64F, 0xC652, 0xC656, 0xC657, 0xC658, 0xC659, 0xC65A, 0xC65B, 0xC65E, 0xC65F, 0xC661,
    0xC662, 0xC663, 0xC664, 0xC665, 0xC666, 0xC667, 0xC668, 0xC669, 0xC66A, 0xC66B, 0xC66D, 0xC66E, 0xC670, 0xC672, 0xC673, 0xC674,
    0xC675, 0xC676, 0xC677, 0xC67A, 0xC67B, 0xC67D, 0xC67E, 0xC67F, 0xC681, 0xC682, 0xC683, 0xC684, 0xC685, 0xC686, 0xC687, 0xC68A,
    0xC68C, 0xC68E, 0xC68F, 0xC690, 0xC691, 0xC692, 0xC693, 0xC696, 0xC697, 0xC699, 0xC69A, 0xC69B, 0xC69D, 0xC69E, 0xC69F, 0xC6A0,
    0xC6A1, 0xC6A2, 0xC6A3, 0xC6A6, 0xC6A8, 0xC6AA, 0xC6AB, 0xC6AC, 0xC6AD, 0xC6AE, 0xC6AF, 0xC6B2, 0xC6B3, 0xC6B5, 0xC6B6, 0xC6B7,
    0xC6BB, 0xC6BC, 0xC6BD, 0xC6BE, 0xC6BF, 0xC6C2, 0xC6C4, 0xC6C6, 0xC6C7, 0xC6C8, 0xC6C9, 0xC6CA, 0xC6CB, 0xC6CE, 0x0000, 0x0000,
    0x0000, 0x0000, 0x0000, 0x0000, 0xC6CF, 0xC6D1, 0xC6D2, 0xC6D3, 0xC6D5, 0xC6D6, 0xC6D7, 0xC6D8, 0xC6D9, 0xC6DA, 0xC6DB, 0xC6DE,
    0xC6DF, 0xC6E2, 0xC6E3, 0xC6E4, 0xC6E5, 0xC6E6, 0xC6E7, 0xC6EA, 0xC6EB, 0xC6ED, 0xC6EE, 0xC6EF, 0xC6F1, 0xC6F2, 0x0000, 0x0000,
    0x0000, 0x0000, 0x0000, 0x0000, 0xC6F3, 0xC6F4, 0xC6F5, 0xC6F6, 0xC6F7, 0xC6FA, 0xC6FB, 0xC6FC, 0xC6FE, 0xC6FF, 0xC700, 0xC701,
    0xC702, 0xC703, 0xC706, 0xC707, 0xC709, 0xC70A, 0xC70B, 0xC70D, 0xC70E, 0xC70F, 0xC710, 0xC711, 0xC712, 0xC713, 0xC716, 0xC718,
    0xC71A, 0xC71B, 0xC71C, 0xC71D, 0xC71E, 0xC71F, 0xC722, 0xC723, 0xC725, 0xC726, 0xC727, 0xC729, 0xC72A, 0xC72B, 0xC72C, 0xC72D,
    0xC72E, 0xC72F, 0xC732, 0xC734, 0xC736, 0xC738, 0xC739, 0xC73A, 0xC73B, 0xC73E, 0xC73F, 0xC741, 0xC742, 0xC743, 0xC745, 0xC746,
    0xC747, 0xC748, 0xC749, 0xC74B, 0xC74E, 0xC750, 0xC759, 0xC75A, 0xC75B, 0xC75D, 0xC75E, 0xC75F, 0xC761, 0xC762, 0xC763, 0xC764,
    0xC765, 0xC766, 0xC767, 0xC769, 0xC76A, 0xC76C, 0xC76D, 0xC76E, 0xC76F, 0xC770, 0xC771, 0xC772, 0xC773, 0xC776, 0xC777, 0xC779,
    0xC77A, 0xC77B, 0xC77F, 0xC780, 0xC781, 0xC782, 0xC786, 0xC78B, 0xC78C, 0xC78D, 0xC78F, 0xC792, 0xC793, 0xC795, 0xC799, 0xC79B,
    0xC79C, 0xC79D, 0xC79E, 0xC79F, 0xC7A2, 0xC7A7, 0xC7A8, 0xC7A9, 0xC7AA, 0xC7AB, 0xC7AE, 0xC7AF, 0xC7B1, 0xC7B2, 0xC7B3, 0xC7B5,
    0xC7B6, 0xC7B7, 0xC7B8, 0xC7B9, 0xC7BA, 0xC7BB, 0xC7BE, 0xC7C2, 0xC7C3, 0xC7C4, 0xC7C5, 0xC7C6, 0xC7C7, 0xC7CA, 0xC7CB, 0xC7CD,
    0xC7CF, 0xC7D1, 0xC7D2, 0xC7D3, 0xC7D4, 0xC7D5, 0xC7D6, 0xC7D7, 0xC7D9, 0xC7DA, 0xC7DB, 0xC7DC, 0x0000, 0x0000, 0x0000, 0x0000,
    0x0000, 0x0000, 0xC7DE, 0xC7DF, 0xC7E0, 0xC7E1, 0xC7E2, 0xC7E3, 0xC7E5, 0xC7E6, 0xC7E7, 0xC7E9, 0xC7EA, 0xC7EB, 0xC7ED, 0xC7EE,
    0xC7EF, 0xC7F0, 0xC7F1, 0xC7F2, 0xC7F3, 0xC7F4, 0xC7F5, 0xC7F6, 0xC7F7, 0xC7F8, 0xC7F9, 0xC7FA, 0x0000, 0x0000, 0x0000, 0x0000,
    0x0000, 0x0000, 0xC7FB, 0xC7FC, 0xC7FD, 0xC7FE, 0xC7FF, 0xC802, 0xC803, 0xC805, 0xC806, 0xC807, 0xC809, 0xC80B, 0xC80C, 0xC80D,
    0xC80E, 0xC80F, 0xC812, 0xC814, 0xC817, 0xC818, 0xC819, 0xC81A, 0xC81B, 0xC81E, 0xC81F, 0xC821, 0xC822, 0xC823, 0xC825, 0xC826,
    0xC827, 0xC828, 0xC829, 0xC82A, 0xC82B, 0xC82E, 0xC830, 0xC832, 0xC833, 0xC834, 0xC835, 0xC836, 0xC837, 0xC839, 0xC83A, 0xC83B,
    0xC83D, 0xC83E, 0xC83F, 0xC841, 0xC842, 0xC843, 0xC844, 0xC845, 0xC846, 0xC847, 0xC84A, 0xC84B, 0xC84E, 0xC84F, 0xC850, 0xC851,
    0xC852, 0xC853, 0xC855, 0xC856, 0xC857, 0xC858, 0xC859, 0xC85A, 0xC85B, 0xC85C, 0xC85D, 0xC85E, 0xC85F, 0xC860, 0xC861, 0xC862,
    0xC863, 0xC864, 0xC865, 0xC866, 0xC867, 0xC868, 0xC869, 0xC86A, 0xC86B, 0xC86C, 0xC86D, 0xC86E, 0xC86F, 0xC872, 0xC873, 0xC875,
    0xC876, 0xC877, 0xC879, 0xC87B, 0xC87C, 0xC87D, 0xC87E, 0xC87F, 0xC882, 0xC884, 0xC888, 0xC889, 0xC88A, 0xC88E, 0xC88F, 0xC890,
    0xC891, 0xC892, 0xC893, 0xC895, 0xC896, 0xC897, 0xC898, 0xC899, 0xC89A, 0xC89B, 0xC89C, 0xC89E, 0xC8A0, 0xC8A2, 0xC8A3, 0xC8A4,
    0xC8A5, 0xC8A6, 0xC8A7, 0xC8A9, 0xC8AA, 0xC8AB, 0xC8AC, 0xC8AD, 0xC8AE, 0xC8AF, 0xC8B0, 0xC8B1, 0xC8B2, 0xC8B3, 0xC8B4, 0xC8B5,
    0xC8B6, 0xC8B7, 0xC8B8, 0xC8B9, 0xC8BA, 0xC8BB, 0xC8BE, 0xC8BF, 0xC8C0, 0xC8C1, 0x0000, 0x0000, 0x0000, 0x0000, 0x0000, 0x0000,
    0xC8C2, 0xC8C3, 0xC8C5, 0xC8C6, 0xC8C7, 0xC8C9, 0xC8CA, 0xC8CB, 0xC8CD, 0xC8CE, 0xC8CF, 0xC8D0, 0xC8D1, 0xC8D2, 0xC8D3, 0xC8D6,
    0xC8D8, 0xC8DA, 0xC8DB, 0xC8DC, 0xC8DD, 0xC8DE, 0xC8DF, 0xC8E2, 0xC8E3, 0xC8E5, 0x0000, 0x0000, 0x0000, 0x0000, 0x0000, 0x0000,
    0xC8E6, 0xC8E7, 0xC8E8, 0xC8E9, 0xC8EA, 0xC8EB, 0xC8EC, 0xC8ED, 0xC8EE, 0xC8EF, 0xC8F0, 0xC8F1, 0xC8F2, 0xC8F3, 0xC8F4, 0xC8F6,
    0xC8F7, 0xC8F8, 0xC8F9, 0xC8FA, 0xC8FB, 0xC8FE, 0xC8FF, 0xC901, 0xC902, 0xC903, 0xC907, 0xC908, 0xC909, 0xC90A, 0xC90B, 0xC90E,
    0x3000, 0x3001, 0x3002, 0x00B7, 0x2025, 0x2026, 0x00A8, 0x3003, 0x00AD, 0x2015, 0x2225, 0xFF3C, 0x223C, 0x2018, 0x2019, 0x201C,
    0x201D, 0x3014, 0x3015, 0x3008, 0x3009, 0x300A, 0x300B, 0x300C, 0x300D, 0x300E, 0x300F, 0x3010, 0x3011, 0x00B1, 0x00D7, 0x00F7,
    0x2260, 0x2264, 0x2265, 0x221E, 0x2234, 0x00B0, 0x2032, 0x2033, 0x2103, 0x212B, 0xFFE0, 0xFFE1, 0xFFE5, 0x2642, 0x2640, 0x2220,
    0x22A5, 0x2312, 0x2202, 0x2207, 0x2261, 0x2252, 0x00A7, 0x203B, 0x2606, 0x2605, 0x25CB, 0x25CF, 0x25CE, 0x25C7, 0x25C6, 0x25A1,
    0x25A0, 0x25B3, 0x25B2, 0x25BD, 0x25BC, 0x2192, 0x2190, 0x2191, 0x2193, 0x2194, 0x3013, 0x226A, 0x226B, 0x221A, 0x223D, 0x221D,
    0x2235, 0x222B, 0x222C, 0x2208, 0x220B, 0x2286, 0x2287, 0x2282, 0x2283, 0x222A, 0x2229, 0x2227, 0x2228, 0xFFE2, 0xC910, 0xC912,
    0xC913, 0xC914, 0xC915, 0xC916, 0xC917, 0xC919, 0xC91A, 0xC91B, 0xC91C, 0xC91D, 0xC91E, 0xC91F, 0xC920, 0xC921, 0xC922, 0xC923,
    0xC924, 0xC925, 0xC926, 0xC927, 0xC928, 0xC929, 0xC92A, 0xC92B, 0x0000, 0x0000, 0x0000, 0x0000, 0x0000, 0x0000, 0xC92D, 0xC92E,
    0xC92F, 0xC930, 0xC931, 0xC932, 0xC933, 0xC935, 0xC936, 0xC937, 0xC938, 0xC939, 0xC93A, 0xC93B, 0xC93C, 0xC93D, 0xC93E, 0xC93F,
    0xC940, 0xC941, 0xC942, 0xC943, 0xC944, 0xC945, 0xC946, 0xC947, 0x0000, 0x0000, 0x0000, 0x0000, 0x0000, 0x0000, 0xC948, 0xC949,
    0xC94A, 0xC94B, 0xC94C, 0xC94D, 0xC94E, 0xC94F, 0xC952, 0xC953, 0xC955, 0xC956, 0xC957, 0xC959, 0xC95A, 0xC95B, 0xC95C, 0xC95D,
    0xC95E, 0xC95F, 0xC962, 0xC964, 0xC965, 0xC966, 0xC967, 0xC968, 0xC969, 0xC96A, 0xC96B, 0xC96D, 0xC96E, 0xC96F, 0x21D2, 0x21D4,
    0x2200, 0x2203, 0x00B4, 0xFF5E, 0x02C7, 0x02D8, 0x02DD, 0x02DA, 0x02D9, 0x00B8, 0x02DB, 0x00A1, 0x00BF, 0x02D0, 0x222E, 0x2211,
    0x220F, 0x00A4, 0x2109, 0x2030, 0x25C1, 0x25C0, 0x25B7, 0x25B6, 0x2664, 0x2660, 0x2661, 0x2665, 0x2667, 0x2663, 0x2299, 0x25C8,
    0x25A3, 0x25D0, 0x25D1, 0x2592, 0x25A4, 0x25A5, 0x25A8, 0x25A7, 0x25A6, 0x25A9, 0x2668, 0x260F, 0x260E, 0x261C, 0x261E, 0x00B6,
    0x2020, 0x2021, 0x2195, 0x2197, 0x2199, 0x2196, 0x2198, 0x266D, 0x2669, 0x266A, 0x266C, 0x327F, 0x321C, 0x2116, 0x33C7, 0x2122,
    0x33C2, 0x33D8, 0x2121, 0x20AC, 0x00AE, 0x0000, 0x0000, 0x0000, 0x0000, 0x0000, 0x0000, 0x0000, 0x0000, 0x0000, 0x0000, 0x0000,
    0x0000, 0x0000, 0x0000, 0x0000, 0x0000, 0x0000, 0x0000, 0x0000, 0x0000, 0x0000, 0x0000, 0x0000, 0xC971, 0xC972, 0xC973, 0xC975,
    0xC976, 0xC977, 0xC978, 0xC979, 0xC97A, 0xC97B, 0xC97D, 0xC97E, 0xC97F, 0xC980, 0xC981, 0xC982, 0xC983, 0xC984, 0xC985, 0xC986,
    0xC987, 0xC98A, 0xC98B, 0xC98D, 0xC98E, 0xC98F, 0x0000, 0x0000, 0x0000, 0x0000, 0x0000, 0x0000, 0xC991, 0xC992, 0xC993, 0xC994,
    0xC995, 0xC996, 0xC997, 0xC99A, 0xC99C, 0xC99E, 0xC99F, 0xC9A0, 0xC9A1, 0xC9A2, 0xC9A3, 0xC9A4, 0xC9A5, 0xC9A6, 0xC9A7, 0xC9A8,
    0xC9A9, 0xC9AA, 0xC9AB, 0xC9AC, 0xC9AD, 0xC9AE, 0x0000, 0x0000, 0x0000, 0x0000, 0x0000, 0x0000, 0xC9AF, 0xC9B0, 0xC9B1, 0xC9B2,
    0xC9B3, 0xC9B4, 0xC9B5, 0xC9B6, 0xC9B7, 0xC9B8, 0xC9B9, 0xC9BA, 0xC9BB, 0xC9BC, 0xC9BD, 0xC9BE, 0xC9BF, 0xC9C2, 0xC9C3, 0xC9C5,
    0xC9C6, 0xC9C9, 0xC9CB, 0xC9CC, 0xC9CD, 0xC9CE, 0xC9CF, 0xC9D2, 0xC9D4, 0xC9D7, 0xC9D8, 0xC9DB, 0xFF01, 0xFF02, 0xFF03, 0xFF04,
    0xFF05, 0xFF06, 0xFF07, 0xFF08, 0xFF09, 0xFF0A, 0xFF0B, 0xFF0C, 0xFF0D, 0xFF0E, 0xFF0F, 0xFF10, 0xFF11, 0xFF12, 0xFF13, 0xFF14,
    0xFF15, 0xFF16, 0xFF17, 0xFF18, 0xFF19, 0xFF1A, 0xFF1B, 0xFF1C, 0xFF1D, 0xFF1E, 0xFF1F, 0xFF20, 0xFF21, 0xFF22, 0xFF23, 0xFF24,
    0xFF25, 0xFF26, 0xFF27, 0xFF28, 0xFF29, 0xFF2A, 0xFF2B, 0xFF2C, 0xFF2D, 0xFF2E, 0xFF2F, 0xFF30, 0xFF31, 0xFF32, 0xFF33, 0xFF34,
    0xFF35, 0xFF36, 0xFF37, 0xFF38, 0xFF39, 0xFF3A, 0xFF3B, 0xFFE6, 0xFF3D, 0xFF3E, 0xFF3F, 0xFF40, 0xFF41, 0xFF42, 0xFF43, 0xFF44,
    0xFF45, 0xFF46, 0xFF47, 0xFF48, 0xFF49, 0xFF4A, 0xFF4B, 0xFF4C, 0xFF4D, 0xFF4E, 0xFF4F, 0xFF50, 0xFF51, 0xFF52, 0xFF53, 0xFF54,
    0xFF55, 0xFF56, 0xFF57, 0xFF58, 0xFF59, 0xFF5A, 0xFF5B, 0xFF5C, 0xFF5D, 0xFFE3, 0xC9DE, 0xC9DF, 0xC9E1, 0xC9E3, 0xC9E5, 0xC9E6,
    0xC9E8, 0xC9E9, 0xC9EA, 0xC9EB, 0xC9EE, 0xC9F2, 0xC9F3, 0xC9F4, 0xC9F5, 0xC9F6, 0xC9F7, 0xC9FA, 0xC9FB, 0xC9FD, 0xC9FE, 0xC9FF,
    0xCA01, 0xCA02, 0xCA03, 0xCA04, 0x0000, 0x0000, 0x0000, 0x0000, 0x0000, 0x0000, 0xCA05, 0xCA06, 0xCA07, 0xCA0A, 0xCA0E, 0xCA0F,
    0xCA10, 0xCA11, 0xCA12, 0xCA13, 0xCA15, 0xCA16, 0xCA17, 0xCA19, 0xCA1A, 0xCA1B, 0xCA1C, 0xCA1D, 0xCA1E, 0xCA1F, 0xCA20, 0xCA21,
    0xCA22, 0xCA23, 0xCA24, 0xCA25, 0x0000, 0x0000, 0x0000, 0x0000, 0x0000, 0x0000, 0xCA26, 0xCA27, 0xCA28, 0xCA2A, 0xCA2B, 0xCA2C,
    0xCA2D, 0xCA2E, 0xCA2F, 0xCA30, 0xCA31, 0xCA32, 0xCA33, 0xCA34, 0xCA35, 0xCA36, 0xCA37, 0xCA38, 0xCA39, 0xCA3A, 0xCA3B, 0xCA3C,
    0xCA3D, 0xCA3E, 0xCA3F, 0xCA40, 0xCA41, 0xCA42, 0xCA43, 0xCA44, 0xCA45, 0xCA46, 0x3131, 0x3132, 0x3133, 0x3134, 0x3135, 0x3136,
    0x3137, 0x3138, 0x3139, 0x313A, 0x313B, 0x313C, 0x313D, 0x313E, 0x313F, 0x3140, 0x3141, 0x3142, 0x3143, 0x3144, 0x3145, 0x3146,
    0x3147, 0x3148, 0x3149, 0x314A, 0x314B, 0x314C, 0x314D, 0x314E, 0x314F, 0x3150, 0x3151, 0x3152, 0x3153, 0x3154, 0x3155, 0x3156,
    0x3157, 0x3158, 0x3159, 0x315A, 0x315B, 0x315C, 0x315D, 0x315E, 0x315F, 0x3160, 0x3161, 0x3162, 0x3163, 0x3164, 0x3165, 0x3166,
    0x3167, 0x3168, 0x3169, 0x316A, 0x316B, 0x316C, 0x316D, 0x316E, 0x316F, 0x3170, 0x3171, 0x3172, 0x3173, 0x3174, 0x3175, 0x3176,
    0x3177, 0x3178, 0x3179, 0x317A, 0x317B, 0x317C, 0x317D, 0x317E, 0x317F, 0x3180, 0x3181, 0x3182, 0x3183, 0x3184, 0x3185, 0x3186,
    0x3187, 0x3188, 0x3189, 0x318A, 0x318B, 0x318C, 0x318D, 0x318E, 0xCA47, 0xCA48, 0xCA49, 0xCA4A, 0xCA4B, 0xCA4E, 0xCA4F, 0xCA51,
    0xCA52, 0xCA53, 0xCA55, 0xCA56, 0xCA57, 0xCA58, 0xCA59, 0xCA5A, 0xCA5B, 0xCA5E, 0xCA62, 0xCA63, 0xCA64, 0xCA65, 0xCA66, 0xCA67,
    0xCA69, 0xCA6A, 0x0000, 0x0000, 0x0000, 0x0000, 0x0000, 0x0000, 0xCA6B, 0xCA6C, 0xCA6D, 0xCA6E, 0xCA6F, 0xCA70, 0xCA71, 0xCA72,
    0xCA73, 0xCA74, 0xCA75, 0xCA76, 0xCA77, 0xCA78, 0xCA79, 0xCA7A, 0xCA7B, 0xCA7C, 0xCA7E, 0xCA7F, 0xCA80, 0xCA81, 0xCA82, 0xCA83,
    0xCA85, 0xCA86, 0x0000, 0x0000, 0x0000, 0x0000, 0x0000, 0x0000, 0xCA87, 0xCA88, 0xCA89, 0xCA8A, 0xCA8B, 0xCA8C, 0xCA8D, 0xCA8E,
    0xCA8F, 0xCA90, 0xCA91, 0xCA92, 0xCA93, 0xCA94, 0xCA95, 0xCA96, 0xCA97, 0xCA99, 0xCA9A, 0xCA9B, 0xCA9C, 0xCA9D, 0xCA9E, 0xCA9F,
    0xCAA0, 0xCAA1, 0xCAA2, 0xCAA3, 0xCAA4, 0xCAA5, 0xCAA6, 0xCAA7, 0x2170, 0x2171, 0x2172, 0x2173, 0x2174, 0x2175, 0x2176, 0x2177,
    0x2178, 0x2179, 0x0000, 0x0000, 0x0000, 0x0000, 0x0000, 0x2160, 0x2161, 0x2162, 0x2163, 0x2164, 0x2165, 0x2166, 0x2167, 0x2168,
    0x2169, 0x0000, 0x0000, 0x0000, 0x0000, 0x0000, 0x0000, 0x0000, 0x0391, 0x0392, 0x0393, 0x0394, 0x0395, 0x0396, 0x0397, 0x0398,
    0x0399, 0x039A, 0x039B, 0x039C, 0x039D, 0x039E, 0x039F, 0x03A0, 0x03A1, 0x03A3, 0x03A4, 0x03A5, 0x03A6, 0x03A7, 0x03A8, 0x03A9,
    0x0000, 0x0000, 0x0000, 0x0000, 0x0000, 0x0000, 0x0000, 0x0000, 0x03B1, 0x03B2, 0x03B3, 0x03B4, 0x03B5, 0x03B6, 0x03B7, 0x03B8,
    0x03B9, 0x03BA, 0x03BB, 0x03BC, 0x03BD, 0x03BE, 0x03BF, 0x03C0, 0x03C1, 0x03C3, 0x03C4, 0x03C5, 0x03C6, 0x03C7, 0x03C8, 0x03C9,
    0x0000, 0x0000, 0x0000, 0x0000, 0x0000, 0x0000, 0xCAA8, 0xCAA9, 0xCAAA, 0xCAAB, 0xCAAC, 0xCAAD, 0xCAAE, 0xCAAF, 0xCAB0, 0xCAB1,
    0xCAB2, 0xCAB3, 0xCAB4, 0xCAB5, 0xCAB6, 0xCAB7, 0xCAB8, 0xCAB9, 0xCABA, 0xCABB, 0xCABE, 0xCABF, 0xCAC1, 0xCAC2, 0xCAC3, 0xCAC5,
    0x0000, 0x0000, 0x0000, 0x0000, 0x0000, 0x0000, 0xCAC6, 0xCAC7, 0xCAC8, 0xCAC9, 0xCACA, 0xCACB, 0xCACE, 0xCAD0, 0xCAD2, 0xCAD4,
    0xCAD5, 0xCAD6, 0xCAD7, 0xCADA, 0xCADB, 0xCADC, 0xCADD, 0xCADE, 0xCADF, 0xCAE1, 0xCAE2, 0xCAE3, 0xCAE4, 0xCAE5, 0xCAE6, 0xCAE7,
    0x0000, 0x0000, 0x0000, 0x0000, 0x0000, 0x0000, 0xCAE8, 0xCAE9, 0xCAEA, 0xCAEB, 0xCAED, 0xCAEE, 0xCAEF, 0xCAF0, 0xCAF1, 0xCAF2,
    0xCAF3, 0xCAF5, 0xCAF6, 0xCAF7, 0xCAF8, 0xCAF9, 0xCAFA, 0xCAFB, 0xCAFC, 0xCAFD, 0xCAFE, 0xCAFF, 0xCB00, 0xCB01, 0xCB02, 0xCB03,
    0xCB04, 0xCB05, 0xCB06, 0xCB07, 0xCB09, 0xCB0A, 0x2500, 0x2502, 0x250C, 0x2510, 0x2518, 0x2514, 0x251C, 0x252C, 0x2524, 0x2534,
    0x253C, 0x2501, 0x2503, 0x250F, 0x2513, 0x251B, 0x2517, 0x2523, 0x2533, 0x252B, 0x253B, 0x254B, 0x2520, 0x252F, 0x2528, 0x2537,
    0x253F, 0x251D, 0x2530, 0x2525, 0x2538, 0x2542, 0x2512, 0x2511, 0x251A, 0x2519, 0x2516, 0x2515, 0x250E, 0x250D, 0x251E, 0x251F,
    0x2521, 0x2522, 0x2526, 0x2527, 0x2529, 0x252A, 0x252D, 0x252E, 0x2531, 0x2532, 0x2535, 0x2536, 0x2539, 0x253A, 0x253D, 0x253E,
    0x2540, 0x2541, 0x2543, 0x2544, 0x2545, 0x2546, 0x2547, 0x2548, 0x2549, 0x254A, 0x0000, 0x0000, 0x0000, 0x0000, 0x0000, 0x0000,
    0x0000, 0x0000, 0x0000, 0x0000, 0x0000, 0x0000, 0x0000, 0x0000, 0x0000, 0x0000, 0x0000, 0x0000, 0x0000, 0x0000, 0x0000, 0x0000,
    0x0000, 0x0000, 0x0000, 0x0000, 0xCB0B, 0xCB0C, 0xCB0D, 0xCB0E, 0xCB0F, 0xCB11, 0xCB12, 0xCB13, 0xCB15, 0xCB16, 0xCB17, 0xCB19,
    0xCB1A, 0xCB1B, 0xCB1C, 0xCB1D, 0xCB1E, 0xCB1F, 0xCB22, 0xCB23, 0xCB24, 0xCB25, 0xCB26, 0xCB27, 0xCB28, 0xCB29, 0x0000, 0x0000,
    0x0000, 0x0000, 0x0000, 0x0000, 0xCB2A, 0xCB2B, 0xCB2C, 0xCB2D, 0xCB2E, 0xCB2F, 0xCB30, 0xCB31, 0xCB32, 0xCB33, 0xCB34, 0xCB35,
    0xCB36, 0xCB37, 0xCB38, 0xCB39, 0xCB3A, 0xCB3B, 0xCB3C, 0xCB3D, 0xCB3E, 0xCB3F, 0xCB40, 0xCB42, 0xCB43, 0xCB44, 0x0000, 0x0000,
    0x0000, 0x0000, 0x0000, 0x0000, 0xCB45, 0xCB46, 0xCB47, 0xCB4A, 0xCB4B, 0xCB4D, 0xCB4E, 0xCB4F, 0xCB51, 0xCB52, 0xCB53, 0xCB54,
    0xCB55, 0xCB56, 0xCB57, 0xCB5A, 0xCB5B, 0xCB5C, 0xCB5E, 0xCB5F, 0xCB60, 0xCB61, 0xCB62, 0xCB63, 0xCB65, 0xCB66, 0xCB67, 0xCB68,
    0xCB69, 0xCB6A, 0xCB6B, 0xCB6C, 0x3395, 0x3396, 0x3397, 0x2113, 0x3398, 0x33C4, 0x33A3, 0x33A4, 0x33A5, 0x33A6, 0x3399, 0x339A,
    0x339B, 0x339C, 0x339D, 0x339E, 0x339F, 0x33A0, 0x33A1, 0x33A2, 0x33CA, 0x338D, 0x338E, 0x338F, 0x33CF, 0x3388, 0x3389, 0x33C8,
    0x33A7, 0x33A8, 0x33B0, 0x33B1, 0x33B2, 0x33B3, 0x33B4, 0x33B5, 0x33B6, 0x33B7, 0x33B8, 0x33B9, 0x3380, 0x3381, 0x3382, 0x3383,
    0x3384, 0x33BA, 0x33BB, 0x33BC, 0x33BD, 0x33BE, 0x33BF, 0x3390, 0x3391, 0x3392, 0x3393, 0x3394, 0x2126, 0x33C0, 0x33C1, 0x338A,
    0x338B, 0x338C, 0x33D6, 0x33C5, 0x33AD, 0x33AE, 0x33AF, 0x33DB, 0x33A9, 0x33AA, 0x33AB, 0x33AC, 0x33DD, 0x33D0, 0x33D3, 0x33C3,
    0x33C9, 0x33DC, 0x33C6, 0x0000, 0x0000, 0x0000, 0x0000, 0x0000, 0x0000, 0x0000, 0x0000, 0x0000, 0x0000, 0x0000, 0x0000, 0x0000,
    0x0000, 0x0000, 0xCB6D, 0xCB6E, 0xCB6F, 0xCB70, 0xCB71, 0xCB72, 0xCB73, 0xCB74, 0xCB75, 0xCB76, 0xCB77, 0xCB7A, 0xCB7B, 0xCB7C,
    0xCB7D, 0xCB7E, 0xCB7F, 0xCB80, 0xCB81, 0xCB82, 0xCB83, 0xCB84, 0xCB85, 0xCB86, 0xCB87, 0xCB88, 0x0000, 0x0000, 0x0000, 0x0000,
    0x0000, 0x0000, 0xCB89, 0xCB8A, 0xCB8B, 0xCB8C, 0xCB8D, 0xCB8E, 0xCB8F, 0xCB90, 0xCB91, 0xCB92, 0xCB93, 0xCB94, 0xCB95, 0xCB96,
    0xCB97, 0xCB98, 0xCB99, 0xCB9A, 0xCB9B, 0xCB9D, 0xCB9E, 0xCB9F, 0xCBA0, 0xCBA1, 0xCBA2, 0xCBA3, 0x0000, 0x0000, 0x0000, 0x0000,
    0x0000, 0x0000, 0xCBA4, 0xCBA5, 0xCBA6, 0xCBA7, 0xCBA8, 0xCBA9, 0xCBAA, 0xCBAB, 0xCBAC, 0xCBAD, 0xCBAE, 0xCBAF, 0xCBB0, 0xCBB1,
    0xCBB2, 0xCBB3, 0xCBB4, 0xCBB5, 0xCBB6, 0xCBB7, 0xCBB9, 0xCBBA, 0xCBBB, 0xCBBC, 0xCBBD, 0xCBBE, 0xCBBF, 0xCBC0, 0xCBC1, 0xCBC2,
    0xCBC3, 0xCBC4, 0x00C6, 0x00D0, 0x00AA, 0x0126, 0x0000, 0x0132, 0x0000, 0x013F, 0x0141, 0x00D8, 0x0152, 0x00BA, 0x00DE, 0x0166,
    0x014A, 0x0000, 0x3260, 0x3261, 0x3262, 0x3263, 0x3264, 0x3265, 0x3266, 0x3267, 0x3268, 0x3269, 0x326A, 0x326B, 0x326C, 0x326D,
    0x326E, 0x326F, 0x3270, 0x3271, 0x3272, 0x3273, 0x3274, 0x3275, 0x3276, 0x3277, 0x3278, 0x3279, 0x327A, 0x327B, 0x24D0, 0x24D1,
    0x24D2, 0x24D3, 0x24D4, 0x24D5, 0x24D6, 0x24D7, 0x24D8, 0x24D9, 0x24DA, 0x24DB, 0x24DC, 0x24DD, 0x24DE, 0x24DF, 0x24E0, 0x24E1,
    0x24E2, 0x24E3, 0x24E4, 0x24E5, 0x24E6, 0x24E7, 0x24E8, 0x24E9, 0x2460, 0x2461, 0x2462, 0x2463, 0x2464, 0x2465, 0x2466, 0x2467,
    0x2468, 0x2469, 0x246A, 0x246B, 0x246C, 0x246D, 0x246E, 0x00BD, 0x2153, 0x2154, 0x00BC, 0x00BE, 0x215B, 0x215C, 0x215D, 0x215E,
    0xCBC5, 0xCBC6, 0xCBC7, 0xCBC8, 0xCBC9, 0xCBCA, 0xCBCB, 0xCBCC, 0xCBCD, 0xCBCE, 0xCBCF, 0xCBD0, 0xCBD1, 0xCBD2, 0xCBD3, 0xCBD5,
    0xCBD6, 0xCBD7, 0xCBD8, 0xCBD9, 0xCBDA, 0xCBDB, 0xCBDC, 0xCBDD, 0xCBDE, 0xCBDF, 0x0000, 0x0000, 0x0000, 0x0000, 0x0000, 0x0000,
    0xCBE0, 0xCBE1, 0xCBE2, 0xCBE3, 0xCBE5, 0xCBE6, 0xCBE8, 0xCBEA, 0xCBEB, 0xCBEC, 0xCBED, 0xCBEE, 0xCBEF, 0xCBF0, 0xCBF1, 0xCBF2,
    0xCBF3, 0xCBF4, 0xCBF5, 0xCBF6, 0xCBF7, 0xCBF8, 0xCBF9, 0xCBFA, 0xCBFB, 0xCBFC, 0x0000, 0x0000, 0x0000, 0x0000, 0x0000, 0x0000,
    0xCBFD, 0xCBFE, 0xCBFF, 0xCC00, 0xCC01, 0xCC02, 0xCC03, 0xCC04, 0xCC05, 0xCC06, 0xCC07, 0xCC08, 0xCC09, 0xCC0A, 0xCC0B, 0xCC0E,
    0xCC0F, 0xCC11, 0xCC12, 0xCC13, 0xCC15, 0xCC16, 0xCC17, 0xCC18, 0xCC19, 0xCC1A, 0xCC1B, 0xCC1E, 0xCC1F, 0xCC20, 0xCC23, 0xCC24,
    0x00E6, 0x0111, 0x00F0, 0x0127, 0x0131, 0x0133, 0x0138, 0x0140, 0x0142, 0x00F8, 0x0153, 0x00DF, 0x00FE, 0x0167, 0x014B, 0x0149,
    0x3200, 0x3201, 0x3202, 0x3203, 0x3204, 0x3205, 0x3206, 0x3207, 0x3208, 0x3209, 0x320A, 0x320B, 0x320C, 0x320D, 0x320E, 0x320F,
    0x3210, 0x3211, 0x3212, 0x3213, 0x3214, 0x3215, 0x3216, 0x3217, 0x3218, 0x3219, 0x321A, 0x321B, 0x249C, 0x249D, 0x249E, 0x249F,
    0x24A0, 0x24A1, 0x24A2, 0x24A3, 0x24A4, 0x24A5, 0x24A6, 0x24A7, 0x24A8, 0x24A9, 0x24AA, 0x24AB, 0x24AC, 0x24AD, 0x24AE, 0x24AF,
    0x24B0, 0x24B1, 0x24B2, 0x24B3, 0x24B4, 0x24B5, 0x2474, 0x2475, 0x2476, 0x2477, 0x2478, 0x2479, 0x247A, 0x247B, 0x247C, 0x247D,
    0x247E, 0x247F, 0x2480, 0x2481, 0x2482, 0x00B9, 0x00B2, 0x00B3, 0x2074, 0x207F, 0x2081, 0x2082, 0x2083, 0x2084, 0xCC25, 0xCC26,
    0xCC2A, 0xCC2B, 0xCC2D, 0xCC2F, 0xCC31, 0xCC32, 0xCC33, 0xCC34, 0xCC35, 0xCC36, 0xCC37, 0xCC3A, 0xCC3F, 0xCC40, 0xCC41, 0xCC42,
    0xCC43, 0xCC46, 0xCC47, 0xCC49, 0xCC4A, 0xCC4B, 0xCC4D, 0xCC4E, 0x0000, 0x0000, 0x0000, 0x0000, 0x0000, 0x0000, 0xCC4F, 0xCC50,
    0xCC51, 0xCC52, 0xCC53, 0xCC56, 0xCC5A, 0xCC5B, 0xCC5C, 0xCC5D, 0xCC5E, 0xCC5F, 0xCC61, 0xCC62, 0xCC63, 0xCC65, 0xCC67, 0xCC69,
    0xCC6A, 0xCC6B, 0xCC6C, 0xCC6D, 0xCC6E, 0xCC6F, 0xCC71, 0xCC72, 0x0000, 0x0000, 0x0000, 0x0000, 0x0000, 0x0000, 0xCC73, 0xCC74,
    0xCC76, 0xCC77, 0xCC78, 0xCC79, 0xCC7A, 0xCC7B, 0xCC7C, 0xCC7D, 0xCC7E, 0xCC7F, 0xCC80, 0xCC81, 0xCC82, 0xCC83, 0xCC84, 0xCC85,
    0xCC86, 0xCC87, 0xCC88, 0xCC89, 0xCC8A, 0xCC8B, 0xCC8C, 0xCC8D, 0xCC8E, 0xCC8F, 0xCC90, 0xCC91, 0xCC92, 0xCC93, 0x3041, 0x3042,
    0x3043, 0x3044, 0x3045, 0x3046, 0x3047, 0x3048, 0x3049, 0x304A, 0x304B, 0x304C, 0x304D, 0x304E, 0x304F, 0x3050, 0x3051, 0x3052,
    0x3053, 0x3054, 0x3055, 0x3056, 0x3057, 0x3058, 0x3059, 0x305A, 0x305B, 0x305C, 0x305D, 0x305E, 0x305F, 0x3060, 0x3061, 0x3062,
    0x3063, 0x3064, 0x3065, 0x3066, 0x3067, 0x3068, 0x3069, 0x306A, 0x306B, 0x306C, 0x306D, 0x306E, 0x306F, 0x3070, 0x3071, 0x3072,
    0x3073, 0x3074, 0x3075, 0x3076, 0x3077, 0x3078, 0x3079, 0x307A, 0x307B, 0x307C, 0x307D, 0x307E, 0x307F, 0x3080, 0x3081, 0x3082,
    0x3083, 0x3084, 0x3085, 0x3086, 0x3087, 0x3088, 0x3089, 0x308A, 0x308B, 0x308C, 0x308D, 0x308E, 0x308F, 0x3090, 0x3091, 0x3092,
    0x3093, 0x0000, 0x0000, 0x0000, 0x0000, 0x0000, 0x0000, 0x0000, 0x0000, 0x0000, 0x0000, 0x0000, 0xCC94, 0xCC95, 0xCC96, 0xCC97,
    0xCC9A, 0xCC9B, 0xCC9D, 0xCC9E, 0xCC9F, 0xCCA1, 0xCCA2, 0xCCA3, 0xCCA4, 0xCCA5, 0xCCA6, 0xCCA7, 0xCCAA, 0xCCAE, 0xCCAF, 0xCCB0,
    0xCCB1, 0xCCB2, 0xCCB3, 0xCCB6, 0xCCB7, 0xCCB9, 0x0000, 0x0000, 0x0000, 0x0000, 0x0000, 0x0000, 0xCCBA, 0xCCBB, 0xCCBD, 0xCCBE,
    0xCCBF, 0xCCC0, 0xCCC1, 0xCCC2, 0xCCC3, 0xCCC6, 0xCCC8, 0xCCCA, 0xCCCB, 0xCCCC, 0xCCCD, 0xCCCE, 0xCCCF, 0xCCD1, 0xCCD2, 0xCCD3,
    0xCCD5, 0xCCD6, 0xCCD7, 0xCCD8, 0xCCD9, 0xCCDA, 0x0000, 0x0000, 0x0000, 0x0000, 0x0000, 0x0000, 0xCCDB, 0xCCDC, 0xCCDD, 0xCCDE,
    0xCCDF, 0xCCE0, 0xCCE1, 0xCCE2, 0xCCE3, 0xCCE5, 0xCCE6, 0xCCE7, 0xCCE8, 0xCCE9, 0xCCEA, 0xCCEB, 0xCCED, 0xCCEE, 0xCCEF, 0xCCF1,
    0xCCF2, 0xCCF3, 0xCCF4, 0xCCF5, 0xCCF6, 0xCCF7, 0xCCF8, 0xCCF9, 0xCCFA, 0xCCFB, 0xCCFC, 0xCCFD, 0x30A1, 0x30A2, 0x30A3, 0x30A4,
    0x30A5, 0x30A6, 0x30A7, 0x30A8, 0x30A9, 0x30AA, 0x30AB, 0x30AC, 0x30AD, 0x30AE, 0x30AF, 0x30B0, 0x30B1, 0x30B2, 0x30B3, 0x30B4,
    0x30B5, 0x30B6, 0x30B7, 0x30B8, 0x30B9, 0x30BA, 0x30BB, 0x30BC, 0x30BD, 0x30BE, 0x30BF, 0x30C0, 0x30C1, 0x30C2, 0x30C3, 0x30C4,
    0x30C5, 0x30C6, 0x30C7, 0x30C8, 0x30C9, 0x30CA, 0x30CB, 0x30CC, 0x30CD, 0x30CE, 0x30CF, 0x30D0, 0x30D1, 0x30D2, 0x30D3, 0x30D4,
    0x30D5, 0x30D6, 0x30D7, 0x30D8, 0x30D9, 0x30DA, 0x30DB, 0x30DC, 0x30DD, 0x30DE, 0x30DF, 0x30E0, 0x30E1, 0x30E2, 0x30E3, 0x30E4,
    0x30E5, 0x30E6, 0x30E7, 0x30E8, 0x30E9, 0x30EA, 0x30EB, 0x30EC, 0x30ED, 0x30EE, 0x30EF, 0x30F0, 0x30F1, 0x30F2, 0x30F3, 0x30F4,
    0x30F5, 0x30F6, 0x0000, 0x0000, 0x0000, 0x0000, 0x0000, 0x0000, 0x0000, 0x0000, 0xCCFE, 0xCCFF, 0xCD00, 0xCD02, 0xCD03, 0xCD04,
    0xCD05, 0xCD06, 0xCD07, 0xCD0A, 0xCD0B, 0xCD0D, 0xCD0E, 0xCD0F, 0xCD11, 0xCD12, 0xCD13, 0xCD14, 0xCD15, 0xCD16, 0xCD17, 0xCD1A,
    0xCD1C, 0xCD1E, 0xCD1F, 0xCD20, 0x0000, 0x0000, 0x0000, 0x0000, 0x0000, 0x0000, 0xCD21, 0xCD22, 0xCD23, 0xCD25, 0xCD26, 0xCD27,
    0xCD29, 0xCD2A, 0xCD2B, 0xCD2D, 0xCD2E, 0xCD2F, 0xCD30, 0xCD31, 0xCD32, 0xCD33, 0xCD34, 0xCD35, 0xCD36, 0xCD37, 0xCD38, 0xCD3A,
    0xCD3B, 0xCD3C, 0xCD3D, 0xCD3E, 0x0000, 0x0000, 0x0000, 0x0000, 0x0000, 0x0000, 0xCD3F, 0xCD40, 0xCD41, 0xCD42, 0xCD43, 0xCD44,
    0xCD45, 0xCD46, 0xCD47, 0xCD48, 0xCD49, 0xCD4A, 0xCD4B, 0xCD4C, 0xCD4D, 0xCD4E, 0xCD4F, 0xCD50, 0xCD51, 0xCD52, 0xCD53, 0xCD54,
    0xCD55, 0xCD56, 0xCD57, 0xCD58, 0xCD59, 0xCD5A, 0xCD5B, 0xCD5D, 0xCD5E, 0xCD5F, 0x0410, 0x0411, 0x0412, 0x0413, 0x0414, 0x0415,
    0x0401, 0x0416, 0x0417, 0x0418, 0x0419, 0x041A, 0x041B, 0x041C, 0x041D, 0x041E, 0x041F, 0x0420, 0x0421, 0x0422, 0x0423, 0x0424,
    0x0425, 0x0426, 0x0427, 0x0428, 0x0429, 0x042A, 0x042B, 0x042C, 0x042D, 0x042E, 0x042F, 0x0000, 0x0000, 0x0000, 0x0000, 0x0000,
    0x0000, 0x0000, 0x0000, 0x0000, 0x0000, 0x0000, 0x0000, 0x0000, 0x0000, 0x0000, 0x0430, 0x0431, 0x0432, 0x0433, 0x0434, 0x0435,
    0x0451, 0x0436, 0x0437, 0x0438, 0x0439, 0x043A, 0x043B, 0x043C, 0x043D, 0x043E, 0x043F, 0x0440, 0x0441, 0x0442, 0x0443, 0x0444,
    0x0445, 0x0446, 0x0447, 0x0448, 0x0449, 0x044A, 0x044B, 0x044C, 0x044D, 0x044E, 0x044F, 0x0000, 0x0000, 0x0000, 0x0000, 0x0000,
    0x0000, 0x0000, 0x0000, 0x0000, 0x0000, 0x0000, 0x0000, 0x0000, 0xCD61, 0xCD62, 0xCD63, 0xCD65, 0xCD66, 0xCD67, 0xCD68, 0xCD69,
    0xCD6A, 0xCD6B, 0xCD6E, 0xCD70, 0xCD72, 0xCD73, 0xCD74, 0xCD75, 0xCD76, 0xCD77, 0xCD79, 0xCD7A, 0xCD7B, 0xCD7C, 0xCD7D, 0xCD7E,
    0xCD7F, 0xCD80, 0x0000, 0x0000, 0x0000, 0x0000, 0x0000, 0x0000, 0xCD81, 0xCD82, 0xCD83, 0xCD84, 0xCD85, 0xCD86, 0xCD87, 0xCD89,
    0xCD8A, 0xCD8B, 0xCD8C, 0xCD8D, 0xCD8E, 0xCD8F, 0xCD90, 0xCD91, 0xCD92, 0xCD93, 0xCD96, 0xCD97, 0xCD99, 0xCD9A, 0xCD9B, 0xCD9D,
    0xCD9E, 0xCD9F, 0x0000, 0x0000, 0x0000, 0x0000, 0x0000, 0x0000, 0xCDA0, 0xCDA1, 0xCDA2, 0xCDA3, 0xCDA6, 0xCDA8, 0xCDAA, 0xCDAB,
    0xCDAC, 0xCDAD, 0xCDAE, 0xCDAF, 0xCDB1, 0xCDB2, 0xCDB3, 0xCDB4, 0xCDB5, 0xCDB6, 0xCDB7, 0xCDB8, 0xCDB9, 0xCDBA, 0xCDBB, 0xCDBC,
    0xCDBD, 0xCDBE, 0xCDBF, 0xCDC0, 0xCDC1, 0xCDC2, 0xCDC3, 0xCDC5, 0x0000, 0x0000, 0x0000, 0x0000, 0x0000, 0x0000, 0x0000, 0x0000,
    0x0000, 0x0000, 0x0000, 0x0000, 0x0000, 0x0000, 0x0000, 0x0000, 0x0000, 0x0000, 0x0000, 0x0000, 0x0000, 0x0000, 0x0000, 0x0000,
    0x0000, 0x0000, 0x0000, 0x0000, 0x0000, 0x0000, 0x0000, 0x0000, 0x0000, 0x0000, 0x0000, 0x0000, 0x0000, 0x0000, 0x0000, 0x0000,
    0x0000, 0x0000, 0x0000, 0x0000, 0x0000, 0x0000, 0x0000, 0x0000, 0x0000, 0x0000, 0x0000, 0x0000, 0x0000, 0x0000, 0x0000, 0x0000,
    0x0000, 0x0000, 0x0000, 0x0000, 0x0000, 0x0000, 0x0000, 0x0000, 0x0000, 0x0000, 0x0000, 0x0000, 0x0000, 0x0000, 0x0000, 0x0000,
    0x0000, 0x0000, 0x0000, 0x0000, 0x0000, 0x0000, 0x0000, 0x0000, 0x0000, 0x0000, 0x0000, 0x0000, 0x0000, 0x0000, 0x0000, 0x0000,
    0x0000, 0x0000, 0x0000, 0x0000, 0x0000, 0x0000, 0xCDC6, 0xCDC7, 0xCDC8, 0xCDC9, 0xCDCA, 0xCDCB, 0xCDCD, 0xCDCE, 0xCDCF, 0xCDD1,
    0xCDD2, 0xCDD3, 0xCDD4, 0xCDD5, 0xCDD6, 0xCDD7, 0xCDD8, 0xCDD9, 0xCDDA, 0xCDDB, 0xCDDC, 0xCDDD, 0xCDDE, 0xCDDF, 0xCDE0, 0xCDE1,
    0x0000, 0x0000, 0x0000, 0x0000, 0x0000, 0x0000, 0xCDE2, 0xCDE3, 0xCDE4, 0xCDE5, 0xCDE6, 0xCDE7, 0xCDE9, 0xCDEA, 0xCDEB, 0xCDED,
    0xCDEE, 0xCDEF, 0xCDF1, 0xCDF2, 0xCDF3, 0xCDF4, 0xCDF5, 0xCDF6, 0xCDF7, 0xCDFA, 0xCDFC, 0xCDFE, 0xCDFF, 0xCE00, 0xCE01, 0xCE02,
    0x0000, 0x0000, 0x0000, 0x0000, 0x0000, 0x0000, 0xCE03, 0xCE05, 0xCE06, 0xCE07, 0xCE09, 0xCE0A, 0xCE0B, 0xCE0D, 0xCE0E, 0xCE0F,
    0xCE10, 0xCE11, 0xCE12, 0xCE13, 0xCE15, 0xCE16, 0xCE17, 0xCE18, 0xCE1A, 0xCE1B, 0xCE1C, 0xCE1D, 0xCE1E, 0xCE1F, 0xCE22, 0xCE23,
    0xCE25, 0xCE26, 0xCE27, 0xCE29, 0xCE2A, 0xCE2B, 0x0000, 0x0000, 0x0000, 0x0000, 0x0000, 0x0000, 0x0000, 0x0000, 0x0000, 0x0000,
    0x0000, 0x0000, 0x0000, 0x0000, 0x0000, 0x0000, 0x0000, 0x0000, 0x0000, 0x0000, 0x0000, 0x0000, 0x0000, 0x0000, 0x0000, 0x0000,
    0x0000, 0x0000, 0x0000, 0x0000, 0x0000, 0x0000, 0x0000, 0x0000, 0x0000, 0x0000, 0x0000, 0x0000, 0x0000, 0x0000, 0x0000, 0x0000,
    0x0000, 0x0000, 0x0000, 0x0000, 0x0000, 0x0000, 0x0000, 0x0000, 0x0000, 0x0000, 0x0000, 0x0000, 0x0000, 0x0000, 0x0000, 0x0000,
    0x0000, 0x0000, 0x0000, 0x0000, 0x0000, 0x0000, 0x0000, 0x0000, 0x0000, 0x0000, 0x0000, 0x0000, 0x0000, 0x0000, 0x0000, 0x0000,
    0x0000, 0x0000, 0x0000, 0x0000, 0x0000, 0x0000, 0x0000, 0x0000, 0x0000, 0x0000, 0x0000, 0x0000, 0x0000, 0x0000, 0x0000, 0x0000,
    0x0000, 0x0000, 0x0000, 0x0000, 0xCE2C, 0xCE2D, 0xCE2E, 0xCE2F, 0xCE32, 0xCE34, 0xCE36, 0xCE37, 0xCE38, 0xCE39, 0xCE3A, 0xCE3B,
    0xCE3C, 0xCE3D, 0xCE3E, 0xCE3F, 0xCE40, 0xCE41, 0xCE42, 0xCE43, 0xCE44, 0xCE45, 0xCE46, 0xCE47, 0xCE48, 0xCE49, 0x0000, 0x0000,
    0x0000, 0x0000, 0x0000, 0x0000, 0xCE4A, 0xCE4B, 0xCE4C, 0xCE4D, 0xCE4E, 0xCE4F, 0xCE50, 0xCE51, 0xCE52, 0xCE53, 0xCE54, 0xCE55,
    0xCE56, 0xCE57, 0xCE5A, 0xCE5B, 0xCE5D, 0xCE5E, 0xCE62, 0xCE63, 0xCE64, 0xCE65, 0xCE66, 0xCE67, 0xCE6A, 0xCE6C, 0x0000, 0x0000,
    0x0000, 0x0000, 0x0000, 0x0000, 0xCE6E, 0xCE6F, 0xCE70, 0xCE71, 0xCE72, 0xCE73, 0xCE76, 0xCE77, 0xCE79, 0xCE7A, 0xCE7B, 0xCE7D,
    0xCE7E, 0xCE7F, 0xCE80, 0xCE81, 0xCE82, 0xCE83, 0xCE86, 0xCE88, 0xCE8A, 0xCE8B, 0xCE8C, 0xCE8D, 0xCE8E, 0xCE8F, 0xCE92, 0xCE93,
    0xCE95, 0xCE96, 0xCE97, 0xCE99, 0x0000, 0x0000, 0x0000, 0x0000, 0x0000, 0x0000, 0x0000, 0x0000, 0x0000, 0x0000, 0x0000, 0x0000,
    0x0000, 0x0000, 0x0000, 0x0000, 0x0000, 0x0000, 0x0000, 0x0000, 0x0000, 0x0000, 0x0000, 0x0000, 0x0000, 0x0000, 0x0000, 0x0000,
    0x0000, 0x0000, 0x0000, 0x0000, 0x0000, 0x0000, 0x0000, 0x0000, 0x0000, 0x0000, 0x0000, 0x0000, 0x0000, 0x0000, 0x0000, 0x0000,
    0x0000, 0x0000, 0x0000, 0x0000, 0x0000, 0x0000, 0x0000, 0x0000, 0x0000, 0x0000, 0x0000, 0x0000, 0x0000, 0x0000, 0x0000, 0x0000,
    0x0000, 0x0000, 0x0000, 0x0000, 0x0000, 0x0000, 0x0000, 0x0000, 0x0000, 0x0000, 0x0000, 0x0000, 0x0000, 0x0000, 0x0000, 0x0000,
    0x0000, 0x0000, 0x0000, 0x0000, 0x0000, 0x0000, 0x0000, 0x0000, 0x0000, 0x0000, 0x0000, 0x0000, 0x0000, 0x0000, 0x0000, 0x0000,
    0x0000, 0x0000, 0xCE9A, 0xCE9B, 0xCE9C, 0xCE9D, 0xCE9E, 0xCE9F, 0xCEA2, 0xCEA6, 0xCEA7, 0xCEA8, 0xCEA9, 0xCEAA, 0xCEAB, 0xCEAE,
    0xCEAF, 0xCEB0, 0xCEB1, 0xCEB2, 0xCEB3, 0xCEB4, 0xCEB5, 0xCEB6, 0xCEB7, 0xCEB8, 0xCEB9, 0xCEBA, 0x0000, 0x0000, 0x0000, 0x0000,
    0x0000, 0x0000, 0xCEBB, 0xCEBC, 0xCEBD, 0xCEBE, 0xCEBF, 0xCEC0, 0xCEC2, 0xCEC3, 0xCEC4, 0xCEC5, 0xCEC6, 0xCEC7, 0xCEC8, 0xCEC9,
    0xCECA, 0xCECB, 0xCECC, 0xCECD, 0xCECE, 0xCECF, 0xCED0, 0xCED1, 0xCED2, 0xCED3, 0xCED4, 0xCED5, 0x0000, 0x0000, 0x0000, 0x0000,
    0x0000, 0x0000, 0xCED6, 0xCED7, 0xCED8, 0xCED9, 0xCEDA, 0xCEDB, 0xCEDC, 0xCEDD, 0xCEDE, 0xCEDF, 0xCEE0, 0xCEE1, 0xCEE2, 0xCEE3,
    0xCEE6, 0xCEE7, 0xCEE9, 0xCEEA, 0xCEED, 0xCEEE, 0xCEEF, 0xCEF0, 0xCEF1, 0xCEF2, 0xCEF3, 0xCEF6, 0xCEFA, 0xCEFB, 0xCEFC, 0xCEFD,
    0xCEFE, 0xCEFF, 0xAC00, 0xAC01, 0xAC04, 0xAC07, 0xAC08, 0xAC09, 0xAC0A, 0xAC10, 0xAC11, 0xAC12, 0xAC13, 0xAC14, 0xAC15, 0xAC16,
    0xAC17, 0xAC19, 0xAC1A, 0xAC1B, 0xAC1C, 0xAC1D, 0xAC20, 0xAC24, 0xAC2C, 0xAC2D, 0xAC2F, 0xAC30, 0xAC31, 0xAC38, 0xAC39, 0xAC3C,
    0xAC40, 0xAC4B, 0xAC4D, 0xAC54, 0xAC58, 0xAC5C, 0xAC70, 0xAC71, 0xAC74, 0xAC77, 0xAC78, 0xAC7A, 0xAC80, 0xAC81, 0xAC83, 0xAC84,
    0xAC85, 0xAC86, 0xAC89, 0xAC8A, 0xAC8B, 0xAC8C, 0xAC90, 0xAC94, 0xAC9C, 0xAC9D, 0xAC9F, 0xACA0, 0xACA1, 0xACA8, 0xACA9, 0xACAA,
    0xACAC, 0xACAF, 0xACB0, 0xACB8, 0xACB9, 0xACBB, 0xACBC, 0xACBD, 0xACC1, 0xACC4, 0xACC8, 0xACCC, 0xACD5, 0xACD7, 0xACE0, 0xACE1,
    0xACE4, 0xACE7, 0xACE8, 0xACEA, 0xACEC, 0xACEF, 0xACF0, 0xACF1, 0xACF3, 0xACF5, 0xACF6, 0xACFC, 0xACFD, 0xAD00, 0xAD04, 0xAD06,
    0xCF02, 0xCF03, 0xCF05, 0xCF06, 0xCF07, 0xCF09, 0xCF0A, 0xCF0B, 0xCF0C, 0xCF0D, 0xCF0E, 0xCF0F, 0xCF12, 0xCF14, 0xCF16, 0xCF17,
    0xCF18, 0xCF19, 0xCF1A, 0xCF1B, 0xCF1D, 0xCF1E, 0xCF1F, 0xCF21, 0xCF22, 0xCF23, 0x0000, 0x0000, 0x0000, 0x0000, 0x0000, 0x0000,
    0xCF25, 0xCF26, 0xCF27, 0xCF28, 0xCF29, 0xCF2A, 0xCF2B, 0xCF2E, 0xCF32, 0xCF33, 0xCF34, 0xCF35, 0xCF36, 0xCF37, 0xCF39, 0xCF3A,
    0xCF3B, 0xCF3C, 0xCF3D, 0xCF3E, 0xCF3F, 0xCF40, 0xCF41, 0xCF42, 0xCF43, 0xCF44, 0x0000, 0x0000, 0x0000, 0x0000, 0x0000, 0x0000,
    0xCF45, 0xCF46, 0xCF47, 0xCF48, 0xCF49, 0xCF4A, 0xCF4B, 0xCF4C, 0xCF4D, 0xCF4E, 0xCF4F, 0xCF50, 0xCF51, 0xCF52, 0xCF53, 0xCF56,
    0xCF57, 0xCF59, 0xCF5A, 0xCF5B, 0xCF5D, 0xCF5E, 0xCF5F, 0xCF60, 0xCF61, 0xCF62, 0xCF63, 0xCF66, 0xCF68, 0xCF6A, 0xCF6B, 0xCF6C,
    0xAD0C, 0xAD0D, 0xAD0F, 0xAD11, 0xAD18, 0xAD1C, 0xAD20, 0xAD29, 0xAD2C, 0xAD2D, 0xAD34, 0xAD35, 0xAD38, 0xAD3C, 0xAD44, 0xAD45,
    0xAD47, 0xAD49, 0xAD50, 0xAD54, 0xAD58, 0xAD61, 0xAD63, 0xAD6C, 0xAD6D, 0xAD70, 0xAD73, 0xAD74, 0xAD75, 0xAD76, 0xAD7B, 0xAD7C,
    0xAD7D, 0xAD7F, 0xAD81, 0xAD82, 0xAD88, 0xAD89, 0xAD8C, 0xAD90, 0xAD9C, 0xAD9D, 0xADA4, 0xADB7, 0xADC0, 0xADC1, 0xADC4, 0xADC8,
    0xADD0, 0xADD1, 0xADD3, 0xADDC, 0xADE0, 0xADE4, 0xADF8, 0xADF9, 0xADFC, 0xADFF, 0xAE00, 0xAE01, 0xAE08, 0xAE09, 0xAE0B, 0xAE0D,
    0xAE14, 0xAE30, 0xAE31, 0xAE34, 0xAE37, 0xAE38, 0xAE3A, 0xAE40, 0xAE41, 0xAE43, 0xAE45, 0xAE46, 0xAE4A, 0xAE4C, 0xAE4D, 0xAE4E,
    0xAE50, 0xAE54, 0xAE56, 0xAE5C, 0xAE5D, 0xAE5F, 0xAE60, 0xAE61, 0xAE65, 0xAE68, 0xAE69, 0xAE6C, 0xAE70, 0xAE78, 0xCF6D, 0xCF6E,
    0xCF6F, 0xCF72, 0xCF73, 0xCF75, 0xCF76, 0xCF77, 0xCF79, 0xCF7A, 0xCF7B, 0xCF7C, 0xCF7D, 0xCF7E, 0xCF7F, 0xCF81, 0xCF82, 0xCF83,
    0xCF84, 0xCF86, 0xCF87, 0xCF88, 0xCF89, 0xCF8A, 0xCF8B, 0xCF8D, 0x0000, 0x0000, 0x0000, 0x0000, 0x0000, 0x0000, 0xCF8E, 0xCF8F,
    0xCF90, 0xCF91, 0xCF92, 0xCF93, 0xCF94, 0xCF95, 0xCF96, 0xCF97, 0xCF98, 0xCF99, 0xCF9A, 0xCF9B, 0xCF9C, 0xCF9D, 0xCF9E, 0xCF9F,
    0xCFA0, 0xCFA2, 0xCFA3, 0xCFA4, 0xCFA5, 0xCFA6, 0xCFA7, 0xCFA9, 0x0000, 0x0000, 0x0000, 0x0000, 0x0000, 0x0000, 0xCFAA, 0xCFAB,
    0xCFAC, 0xCFAD, 0xCFAE, 0xCFAF, 0xCFB1, 0xCFB2, 0xCFB3, 0xCFB4, 0xCFB5, 0xCFB6, 0xCFB7, 0xCFB8, 0xCFB9, 0xCFBA, 0xCFBB, 0xCFBC,
    0xCFBD, 0xCFBE, 0xCFBF, 0xCFC0, 0xCFC1, 0xCFC2, 0xCFC3, 0xCFC5, 0xCFC6, 0xCFC7, 0xCFC8, 0xCFC9, 0xCFCA, 0xCFCB, 0xAE79, 0xAE7B,
    0xAE7C, 0xAE7D, 0xAE84, 0xAE85, 0xAE8C, 0xAEBC, 0xAEBD, 0xAEBE, 0xAEC0, 0xAEC4, 0xAECC, 0xAECD, 0xAECF, 0xAED0, 0xAED1, 0xAED8,
    0xAED9, 0xAEDC, 0xAEE8, 0xAEEB, 0xAEED, 0xAEF4, 0xAEF8, 0xAEFC, 0xAF07, 0xAF08, 0xAF0D, 0xAF10, 0xAF2C, 0xAF2D, 0xAF30, 0xAF32,
    0xAF34, 0xAF3C, 0xAF3D, 0xAF3F, 0xAF41, 0xAF42, 0xAF43, 0xAF48, 0xAF49, 0xAF50, 0xAF5C, 0xAF5D, 0xAF64, 0xAF65, 0xAF79, 0xAF80,
    0xAF84, 0xAF88, 0xAF90, 0xAF91, 0xAF95, 0xAF9C, 0xAFB8, 0xAFB9, 0xAFBC, 0xAFC0, 0xAFC7, 0xAFC8, 0xAFC9, 0xAFCB, 0xAFCD, 0xAFCE,
    0xAFD4, 0xAFDC, 0xAFE8, 0xAFE9, 0xAFF0, 0xAFF1, 0xAFF4, 0xAFF8, 0xB000, 0xB001, 0xB004, 0xB00C, 0xB010, 0xB014, 0xB01C, 0xB01D,
    0xB028, 0xB044, 0xB045, 0xB048, 0xB04A, 0xB04C, 0xB04E, 0xB053, 0xB054, 0xB055, 0xB057, 0xB059, 0xCFCC, 0xCFCD, 0xCFCE, 0xCFCF,
    0xCFD0, 0xCFD1, 0xCFD2, 0xCFD3, 0xCFD4, 0xCFD5, 0xCFD6, 0xCFD7, 0xCFD8, 0xCFD9, 0xCFDA, 0xCFDB, 0xCFDC, 0xCFDD, 0xCFDE, 0xCFDF,
    0xCFE2, 0xCFE3, 0xCFE5, 0xCFE6, 0xCFE7, 0xCFE9, 0x0000, 0x0000, 0x0000, 0x0000, 0x0000, 0x0000, 0xCFEA, 0xCFEB, 0xCFEC, 0xCFED,
    0xCFEE, 0xCFEF, 0xCFF2, 0xCFF4, 0xCFF6, 0xCFF7, 0xCFF8, 0xCFF9, 0xCFFA, 0xCFFB, 0xCFFD, 0xCFFE, 0xCFFF, 0xD001, 0xD002, 0xD003,
    0xD005, 0xD006, 0xD007, 0xD008, 0xD009, 0xD00A, 0x0000, 0x0000, 0x0000, 0x0000, 0x0000, 0x0000, 0xD00B, 0xD00C, 0xD00D, 0xD00E,
    0xD00F, 0xD010, 0xD012, 0xD013, 0xD014, 0xD015, 0xD016, 0xD017, 0xD019, 0xD01A, 0xD01B, 0xD01C, 0xD01D, 0xD01E, 0xD01F, 0xD020,
    0xD021, 0xD022, 0xD023, 0xD024, 0xD025, 0xD026, 0xD027, 0xD028, 0xD029, 0xD02A, 0xD02B, 0xD02C, 0xB05D, 0xB07C, 0xB07D, 0xB080,
    0xB084, 0xB08C, 0xB08D, 0xB08F, 0xB091, 0xB098, 0xB099, 0xB09A, 0xB09C, 0xB09F, 0xB0A0, 0xB0A1, 0xB0A2, 0xB0A8, 0xB0A9, 0xB0AB,
    0xB0AC, 0xB0AD, 0xB0AE, 0xB0AF, 0xB0B1, 0xB0B3, 0xB0B4, 0xB0B5, 0xB0B8, 0xB0BC, 0xB0C4, 0xB0C5, 0xB0C7, 0xB0C8, 0xB0C9, 0xB0D0,
    0xB0D1, 0xB0D4, 0xB0D8, 0xB0E0, 0xB0E5, 0xB108, 0xB109, 0xB10B, 0xB10C, 0xB110, 0xB112, 0xB113, 0xB118, 0xB119, 0xB11B, 0xB11C,
    0xB11D, 0xB123, 0xB124, 0xB125, 0xB128, 0xB12C, 0xB134, 0xB135, 0xB137, 0xB138, 0xB139, 0xB140, 0xB141, 0xB144, 0xB148, 0xB150,
    0xB151, 0xB154, 0xB155, 0xB158, 0xB15C, 0xB160, 0xB178, 0xB179, 0xB17C, 0xB180, 0xB182, 0xB188, 0xB189, 0xB18B, 0xB18D, 0xB192,
    0xB193, 0xB194, 0xB198, 0xB19C, 0xB1A8, 0xB1CC, 0xB1D0, 0xB1D4, 0xB1DC, 0xB1DD, 0xD02E, 0xD02F, 0xD030, 0xD031, 0xD032, 0xD033,
    0xD036, 0xD037, 0xD039, 0xD03A, 0xD03B, 0xD03D, 0xD03E, 0xD03F, 0xD040, 0xD041, 0xD042, 0xD043, 0xD046, 0xD048, 0xD04A, 0xD04B,
    0xD04C, 0xD04D, 0xD04E, 0xD04F, 0x0000, 0x0000, 0x0000, 0x0000, 0x0000, 0x0000, 0xD051, 0xD052, 0xD053, 0xD055, 0xD056, 0xD057,
    0xD059, 0xD05A, 0xD05B, 0xD05C, 0xD05D, 0xD05E, 0xD05F, 0xD061, 0xD062, 0xD063, 0xD064, 0xD065, 0xD066, 0xD067, 0xD068, 0xD069,
    0xD06A, 0xD06B, 0xD06E, 0xD06F, 0x0000, 0x0000, 0x0000, 0x0000, 0x0000, 0x0000, 0xD071, 0xD072, 0xD073, 0xD075, 0xD076, 0xD077,
    0xD078, 0xD079, 0xD07A, 0xD07B, 0xD07E, 0xD07F, 0xD080, 0xD082, 0xD083, 0xD084, 0xD085, 0xD086, 0xD087, 0xD088, 0xD089, 0xD08A,
    0xD08B, 0xD08C, 0xD08D, 0xD08E, 0xD08F, 0xD090, 0xD091, 0xD092, 0xD093, 0xD094, 0xB1DF, 0xB1E8, 0xB1E9, 0xB1EC, 0xB1F0, 0xB1F9,
    0xB1FB, 0xB1FD, 0xB204, 0xB205, 0xB208, 0xB20B, 0xB20C, 0xB214, 0xB215, 0xB217, 0xB219, 0xB220, 0xB234, 0xB23C, 0xB258, 0xB25C,
    0xB260, 0xB268, 0xB269, 0xB274, 0xB275, 0xB27C, 0xB284, 0xB285, 0xB289, 0xB290, 0xB291, 0xB294, 0xB298, 0xB299, 0xB29A, 0xB2A0,
    0xB2A1, 0xB2A3, 0xB2A5, 0xB2A6, 0xB2AA, 0xB2AC, 0xB2B0, 0xB2B4, 0xB2C8, 0xB2C9, 0xB2CC, 0xB2D0, 0xB2D2, 0xB2D8, 0xB2D9, 0xB2DB,
    0xB2DD, 0xB2E2, 0xB2E4, 0xB2E5, 0xB2E6, 0xB2E8, 0xB2EB, 0xB2EC, 0xB2ED, 0xB2EE, 0xB2EF, 0xB2F3, 0xB2F4, 0xB2F5, 0xB2F7, 0xB2F8,
    0xB2F9, 0xB2FA, 0xB2FB, 0xB2FF, 0xB300, 0xB301, 0xB304, 0xB308, 0xB310, 0xB311, 0xB313, 0xB314, 0xB315, 0xB31C, 0xB354, 0xB355,
    0xB356, 0xB358, 0xB35B, 0xB35C, 0xB35E, 0xB35F, 0xB364, 0xB365, 0xD095, 0xD096, 0xD097, 0xD098, 0xD099, 0xD09A, 0xD09B, 0xD09C,
    0xD09D, 0xD09E, 0xD09F, 0xD0A0, 0xD0A1, 0xD0A2, 0xD0A3, 0xD0A6, 0xD0A7, 0xD0A9, 0xD0AA, 0xD0AB, 0xD0AD, 0xD0AE, 0xD0AF, 0xD0B0,
    0xD0B1, 0xD0B2, 0x0000, 0x0000, 0x0000, 0x0000, 0x0000, 0x0000, 0xD0B3, 0xD0B6, 0xD0B8, 0xD0BA, 0xD0BB, 0xD0BC, 0xD0BD, 0xD0BE,
    0xD0BF, 0xD0C2, 0xD0C3, 0xD0C5, 0xD0C6, 0xD0C7, 0xD0CA, 0xD0CB, 0xD0CC, 0xD0CD, 0xD0CE, 0xD0CF, 0xD0D2, 0xD0D6, 0xD0D7, 0xD0D8,
    0xD0D9, 0xD0DA, 0x0000, 0x0000, 0x0000, 0x0000, 0x0000, 0x0000, 0xD0DB, 0xD0DE, 0xD0DF, 0xD0E1, 0xD0E2, 0xD0E3, 0xD0E5, 0xD0E6,
    0xD0E7, 0xD0E8, 0xD0E9, 0xD0EA, 0xD0EB, 0xD0EE, 0xD0F2, 0xD0F3, 0xD0F4, 0xD0F5, 0xD0F6, 0xD0F7, 0xD0F9, 0xD0FA, 0xD0FB, 0xD0FC,
    0xD0FD, 0xD0FE, 0xD0FF, 0xD100, 0xD101, 0xD102, 0xD103, 0xD104, 0xB367, 0xB369, 0xB36B, 0xB36E, 0xB370, 0xB371, 0xB374, 0xB378,
    0xB380, 0xB381, 0xB383, 0xB384, 0xB385, 0xB38C, 0xB390, 0xB394, 0xB3A0, 0xB3A1, 0xB3A8, 0xB3AC, 0xB3C4, 0xB3C5, 0xB3C8, 0xB3CB,
    0xB3CC, 0xB3CE, 0xB3D0, 0xB3D4, 0xB3D5, 0xB3D7, 0xB3D9, 0xB3DB, 0xB3DD, 0xB3E0, 0xB3E4, 0xB3E8, 0xB3FC, 0xB410, 0xB418, 0xB41C,
    0xB420, 0xB428, 0xB429, 0xB42B, 0xB434, 0xB450, 0xB451, 0xB454, 0xB458, 0xB460, 0xB461, 0xB463, 0xB465, 0xB46C, 0xB480, 0xB488,
    0xB49D, 0xB4A4, 0xB4A8, 0xB4AC, 0xB4B5, 0xB4B7, 0xB4B9, 0xB4C0, 0xB4C4, 0xB4C8, 0xB4D0, 0xB4D5, 0xB4DC, 0xB4DD, 0xB4E0, 0xB4E3,
    0xB4E4, 0xB4E6, 0xB4EC, 0xB4ED, 0xB4EF, 0xB4F1, 0xB4F8, 0xB514, 0xB515, 0xB518, 0xB51B, 0xB51C, 0xB524, 0xB525, 0xB527, 0xB528,
    0xB529, 0xB52A, 0xB530, 0xB531, 0xB534, 0xB538, 0xD105, 0xD106, 0xD107, 0xD108, 0xD109, 0xD10A, 0xD10B, 0xD10C, 0xD10E, 0xD10F,
    0xD110, 0xD111, 0xD112, 0xD113, 0xD114, 0xD115, 0xD116, 0xD117, 0xD118, 0xD119, 0xD11A, 0xD11B, 0xD11C, 0xD11D, 0xD11E, 0xD11F,
    0x0000, 0x0000, 0x0000, 0x0000, 0x0000, 0x0000, 0xD120, 0xD121, 0xD122, 0xD123, 0xD124, 0xD125, 0xD126, 0xD127, 0xD128, 0xD129,
    0xD12A, 0xD12B, 0xD12C, 0xD12D, 0xD12E, 0xD12F, 0xD132, 0xD133, 0xD135, 0xD136, 0xD137, 0xD139, 0xD13B, 0xD13C, 0xD13D, 0xD13E,
    0x0000, 0x0000, 0x0000, 0x0000, 0x0000, 0x0000, 0xD13F, 0xD142, 0xD146, 0xD147, 0xD148, 0xD149, 0xD14A, 0xD14B, 0xD14E, 0xD14F,
    0xD151, 0xD152, 0xD153, 0xD155, 0xD156, 0xD157, 0xD158, 0xD159, 0xD15A, 0xD15B, 0xD15E, 0xD160, 0xD162, 0xD163, 0xD164, 0xD165,
    0xD166, 0xD167, 0xD169, 0xD16A, 0xD16B, 0xD16D, 0xB540, 0xB541, 0xB543, 0xB544, 0xB545, 0xB54B, 0xB54C, 0xB54D, 0xB550, 0xB554,
    0xB55C, 0xB55D, 0xB55F, 0xB560, 0xB561, 0xB5A0, 0xB5A1, 0xB5A4, 0xB5A8, 0xB5AA, 0xB5AB, 0xB5B0, 0xB5B1, 0xB5B3, 0xB5B4, 0xB5B5,
    0xB5BB, 0xB5BC, 0xB5BD, 0xB5C0, 0xB5C4, 0xB5CC, 0xB5CD, 0xB5CF, 0xB5D0, 0xB5D1, 0xB5D8, 0xB5EC, 0xB610, 0xB611, 0xB614, 0xB618,
    0xB625, 0xB62C, 0xB634, 0xB648, 0xB664, 0xB668, 0xB69C, 0xB69D, 0xB6A0, 0xB6A4, 0xB6AB, 0xB6AC, 0xB6B1, 0xB6D4, 0xB6F0, 0xB6F4,
    0xB6F8, 0xB700, 0xB701, 0xB705, 0xB728, 0xB729, 0xB72C, 0xB72F, 0xB730, 0xB738, 0xB739, 0xB73B, 0xB744, 0xB748, 0xB74C, 0xB754,
    0xB755, 0xB760, 0xB764, 0xB768, 0xB770, 0xB771, 0xB773, 0xB775, 0xB77C, 0xB77D, 0xB780, 0xB784, 0xB78C, 0xB78D, 0xB78F, 0xB790,
    0xB791, 0xB792, 0xB796, 0xB797, 0xD16E, 0xD16F, 0xD170, 0xD171, 0xD172, 0xD173, 0xD174, 0xD175, 0xD176, 0xD177, 0xD178, 0xD179,
    0xD17A, 0xD17B, 0xD17D, 0xD17E, 0xD17F, 0xD180, 0xD181, 0xD182, 0xD183, 0xD185, 0xD186, 0xD187, 0xD189, 0xD18A, 0x0000, 0x0000,
    0x0000, 0x0000, 0x0000, 0x0000, 0xD18B, 0xD18C, 0xD18D, 0xD18E, 0xD18F, 0xD190, 0xD191, 0xD192, 0xD193, 0xD194, 0xD195, 0xD196,
    0xD197, 0xD198, 0xD199, 0xD19A, 0xD19B, 0xD19C, 0xD19D, 0xD19E, 0xD19F, 0xD1A2, 0xD1A3, 0xD1A5, 0xD1A6, 0xD1A7, 0x0000, 0x0000,
    0x0000, 0x0000, 0x0000, 0x0000, 0xD1A9, 0xD1AA, 0xD1AB, 0xD1AC, 0xD1AD, 0xD1AE, 0xD1AF, 0xD1B2, 0xD1B4, 0xD1B6, 0xD1B7, 0xD1B8,
    0xD1B9, 0xD1BB, 0xD1BD, 0xD1BE, 0xD1BF, 0xD1C1, 0xD1C2, 0xD1C3, 0xD1C4, 0xD1C5, 0xD1C6, 0xD1C7, 0xD1C8, 0xD1C9, 0xD1CA, 0xD1CB,
    0xD1CC, 0xD1CD, 0xD1CE, 0xD1CF, 0xB798, 0xB799, 0xB79C, 0xB7A0, 0xB7A8, 0xB7A9, 0xB7AB, 0xB7AC, 0xB7AD, 0xB7B4, 0xB7B5, 0xB7B8,
    0xB7C7, 0xB7C9, 0xB7EC, 0xB7ED, 0xB7F0, 0xB7F4, 0xB7FC, 0xB7FD, 0xB7FF, 0xB800, 0xB801, 0xB807, 0xB808, 0xB809, 0xB80C, 0xB810,
    0xB818, 0xB819, 0xB81B, 0xB81D, 0xB824, 0xB825, 0xB828, 0xB82C, 0xB834, 0xB835, 0xB837, 0xB838, 0xB839, 0xB840, 0xB844, 0xB851,
    0xB853, 0xB85C, 0xB85D, 0xB860, 0xB864, 0xB86C, 0xB86D, 0xB86F, 0xB871, 0xB878, 0xB87C, 0xB88D, 0xB8A8, 0xB8B0, 0xB8B4, 0xB8B8,
    0xB8C0, 0xB8C1, 0xB8C3, 0xB8C5, 0xB8CC, 0xB8D0, 0xB8D4, 0xB8DD, 0xB8DF, 0xB8E1, 0xB8E8, 0xB8E9, 0xB8EC, 0xB8F0, 0xB8F8, 0xB8F9,
    0xB8FB, 0xB8FD, 0xB904, 0xB918, 0xB920, 0xB93C, 0xB93D, 0xB940, 0xB944, 0xB94C, 0xB94F, 0xB951, 0xB958, 0xB959, 0xB95C, 0xB960,
    0xB968, 0xB969, 0xD1D0, 0xD1D1, 0xD1D2, 0xD1D3, 0xD1D4, 0xD1D5, 0xD1D6, 0xD1D7, 0xD1D9, 0xD1DA, 0xD1DB, 0xD1DC, 0xD1DD, 0xD1DE,
    0xD1DF, 0xD1E0, 0xD1E1, 0xD1E2, 0xD1E3, 0xD1E4, 0xD1E5, 0xD1E6, 0xD1E7, 0xD1E8, 0xD1E9, 0xD1EA, 0x0000, 0x0000, 0x0000, 0x0000,
    0x0000, 0x0000, 0xD1EB, 0xD1EC, 0xD1ED, 0xD1EE, 0xD1EF, 0xD1F0, 0xD1F1, 0xD1F2, 0xD1F3, 0xD1F5, 0xD1F6, 0xD1F7, 0xD1F9, 0xD1FA,
    0xD1FB, 0xD1FC, 0xD1FD, 0xD1FE, 0xD1FF, 0xD200, 0xD201, 0xD202, 0xD203, 0xD204, 0xD205, 0xD206, 0x0000, 0x0000, 0x0000, 0x0000,
    0x0000, 0x0000, 0xD208, 0xD20A, 0xD20B, 0xD20C, 0xD20D, 0xD20E, 0xD20F, 0xD211, 0xD212, 0xD213, 0xD214, 0xD215, 0xD216, 0xD217,
    0xD218, 0xD219, 0xD21A, 0xD21B, 0xD21C, 0xD21D, 0xD21E, 0xD21F, 0xD220, 0xD221, 0xD222, 0xD223, 0xD224, 0xD225, 0xD226, 0xD227,
    0xD228, 0xD229, 0xB96B, 0xB96D, 0xB974, 0xB975, 0xB978, 0xB97C, 0xB984, 0xB985, 0xB987, 0xB989, 0xB98A, 0xB98D, 0xB98E, 0xB9AC,
    0xB9AD, 0xB9B0, 0xB9B4, 0xB9BC, 0xB9BD, 0xB9BF, 0xB9C1, 0xB9C8, 0xB9C9, 0xB9CC, 0xB9CE, 0xB9CF, 0xB9D0, 0xB9D1, 0xB9D2, 0xB9D8,
    0xB9D9, 0xB9DB, 0xB9DD, 0xB9DE, 0xB9E1, 0xB9E3, 0xB9E4, 0xB9E5, 0xB9E8, 0xB9EC, 0xB9F4, 0xB9F5, 0xB9F7, 0xB9F8, 0xB9F9, 0xB9FA,
    0xBA00, 0xBA01, 0xBA08, 0xBA15, 0xBA38, 0xBA39, 0xBA3C, 0xBA40, 0xBA42, 0xBA48, 0xBA49, 0xBA4B, 0xBA4D, 0xBA4E, 0xBA53, 0xBA54,
    0xBA55, 0xBA58, 0xBA5C, 0xBA64, 0xBA65, 0xBA67, 0xBA68, 0xBA69, 0xBA70, 0xBA71, 0xBA74, 0xBA78, 0xBA83, 0xBA84, 0xBA85, 0xBA87,
    0xBA8C, 0xBAA8, 0xBAA9, 0xBAAB, 0xBAAC, 0xBAB0, 0xBAB2, 0xBAB8, 0xBAB9, 0xBABB, 0xBABD, 0xBAC4, 0xBAC8, 0xBAD8, 0xBAD9, 0xBAFC,
    0xD22A, 0xD22B, 0xD22E, 0xD22F, 0xD231, 0xD232, 0xD233, 0xD235, 0xD236, 0xD237, 0xD238, 0xD239, 0xD23A, 0xD23B, 0xD23E, 0xD240,
    0xD242, 0xD243, 0xD244, 0xD245, 0xD246, 0xD247, 0xD249, 0xD24A, 0xD24B, 0xD24C, 0x0000, 0x0000, 0x0000, 0x0000, 0x0000, 0x0000,
    0xD24D, 0xD24E, 0xD24F, 0xD250, 0xD251, 0xD252, 0xD253, 0xD254, 0xD255, 0xD256, 0xD257, 0xD258, 0xD259, 0xD25A, 0xD25B, 0xD25D,
    0xD25E, 0xD25F, 0xD260, 0xD261, 0xD262, 0xD263, 0xD265, 0xD266, 0xD267, 0xD268, 0x0000, 0x0000, 0x0000, 0x0000, 0x0000, 0x0000,
    0xD269, 0xD26A, 0xD26B, 0xD26C, 0xD26D, 0xD26E, 0xD26F, 0xD270, 0xD271, 0xD272, 0xD273, 0xD274, 0xD275, 0xD276, 0xD277, 0xD278,
    0xD279, 0xD27A, 0xD27B, 0xD27C, 0xD27D, 0xD27E, 0xD27F, 0xD282, 0xD283, 0xD285, 0xD286, 0xD287, 0xD289, 0xD28A, 0xD28B, 0xD28C,
    0xBB00, 0xBB04, 0xBB0D, 0xBB0F, 0xBB11, 0xBB18, 0xBB1C, 0xBB20, 0xBB29, 0xBB2B, 0xBB34, 0xBB35, 0xBB36, 0xBB38, 0xBB3B, 0xBB3C,
    0xBB3D, 0xBB3E, 0xBB44, 0xBB45, 0xBB47, 0xBB49, 0xBB4D, 0xBB4F, 0xBB50, 0xBB54, 0xBB58, 0xBB61, 0xBB63, 0xBB6C, 0xBB88, 0xBB8C,
    0xBB90, 0xBBA4, 0xBBA8, 0xBBAC, 0xBBB4, 0xBBB7, 0xBBC0, 0xBBC4, 0xBBC8, 0xBBD0, 0xBBD3, 0xBBF8, 0xBBF9, 0xBBFC, 0xBBFF, 0xBC00,
    0xBC02, 0xBC08, 0xBC09, 0xBC0B, 0xBC0C, 0xBC0D, 0xBC0F, 0xBC11, 0xBC14, 0xBC15, 0xBC16, 0xBC17, 0xBC18, 0xBC1B, 0xBC1C, 0xBC1D,
    0xBC1E, 0xBC1F, 0xBC24, 0xBC25, 0xBC27, 0xBC29, 0xBC2D, 0xBC30, 0xBC31, 0xBC34, 0xBC38, 0xBC40, 0xBC41, 0xBC43, 0xBC44, 0xBC45,
    0xBC49, 0xBC4C, 0xBC4D, 0xBC50, 0xBC5D, 0xBC84, 0xBC85, 0xBC88, 0xBC8B, 0xBC8C, 0xBC8E, 0xBC94, 0xBC95, 0xBC97, 0xD28D, 0xD28E,
    0xD28F, 0xD292, 0xD293, 0xD294, 0xD296, 0xD297, 0xD298, 0xD299, 0xD29A, 0xD29B, 0xD29D, 0xD29E, 0xD29F, 0xD2A1, 0xD2A2, 0xD2A3,
    0xD2A5, 0xD2A6, 0xD2A7, 0xD2A8, 0xD2A9, 0xD2AA, 0xD2AB, 0xD2AD, 0x0000, 0x0000, 0x0000, 0x0000, 0x0000, 0x0000, 0xD2AE, 0xD2AF,
    0xD2B0, 0xD2B2, 0xD2B3, 0xD2B4, 0xD2B5, 0xD2B6, 0xD2B7, 0xD2BA, 0xD2BB, 0xD2BD, 0xD2BE, 0xD2C1, 0xD2C3, 0xD2C4, 0xD2C5, 0xD2C6,
    0xD2C7, 0xD2CA, 0xD2CC, 0xD2CD, 0xD2CE, 0xD2CF, 0xD2D0, 0xD2D1, 0x0000, 0x0000, 0x0000, 0x0000, 0x0000, 0x0000, 0xD2D2, 0xD2D3,
    0xD2D5, 0xD2D6, 0xD2D7, 0xD2D9, 0xD2DA, 0xD2DB, 0xD2DD, 0xD2DE, 0xD2DF, 0xD2E0, 0xD2E1, 0xD2E2, 0xD2E3, 0xD2E6, 0xD2E7, 0xD2E8,
    0xD2E9, 0xD2EA, 0xD2EB, 0xD2EC, 0xD2ED, 0xD2EE, 0xD2EF, 0xD2F2, 0xD2F3, 0xD2F5, 0xD2F6, 0xD2F7, 0xD2F9, 0xD2FA, 0xBC99, 0xBC9A,
    0xBCA0, 0xBCA1, 0xBCA4, 0xBCA7, 0xBCA8, 0xBCB0, 0xBCB1, 0xBCB3, 0xBCB4, 0xBCB5, 0xBCBC, 0xBCBD, 0xBCC0, 0xBCC4, 0xBCCD, 0xBCCF,
    0xBCD0, 0xBCD1, 0xBCD5, 0xBCD8, 0xBCDC, 0xBCF4, 0xBCF5, 0xBCF6, 0xBCF8, 0xBCFC, 0xBD04, 0xBD05, 0xBD07, 0xBD09, 0xBD10, 0xBD14,
    0xBD24, 0xBD2C, 0xBD40, 0xBD48, 0xBD49, 0xBD4C, 0xBD50, 0xBD58, 0xBD59, 0xBD64, 0xBD68, 0xBD80, 0xBD81, 0xBD84, 0xBD87, 0xBD88,
    0xBD89, 0xBD8A, 0xBD90, 0xBD91, 0xBD93, 0xBD95, 0xBD99, 0xBD9A, 0xBD9C, 0xBDA4, 0xBDB0, 0xBDB8, 0xBDD4, 0xBDD5, 0xBDD8, 0xBDDC,
    0xBDE9, 0xBDF0, 0xBDF4, 0xBDF8, 0xBE00, 0xBE03, 0xBE05, 0xBE0C, 0xBE0D, 0xBE10, 0xBE14, 0xBE1C, 0xBE1D, 0xBE1F, 0xBE44, 0xBE45,
    0xBE48, 0xBE4C, 0xBE4E, 0xBE54, 0xBE55, 0xBE57, 0xBE59, 0xBE5A, 0xBE5B, 0xBE60, 0xBE61, 0xBE64, 0xD2FB, 0xD2FC, 0xD2FD, 0xD2FE,
    0xD2FF, 0xD302, 0xD304, 0xD306, 0xD307, 0xD308, 0xD309, 0xD30A, 0xD30B, 0xD30F, 0xD311, 0xD312, 0xD313, 0xD315, 0xD317, 0xD318,
    0xD319, 0xD31A, 0xD31B, 0xD31E, 0xD322, 0xD323, 0x0000, 0x0000, 0x0000, 0x0000, 0x0000, 0x0000, 0xD324, 0xD326, 0xD327, 0xD32A,
    0xD32B, 0xD32D, 0xD32E, 0xD32F, 0xD331, 0xD332, 0xD333, 0xD334, 0xD335, 0xD336, 0xD337, 0xD33A, 0xD33E, 0xD33F, 0xD340, 0xD341,
    0xD342, 0xD343, 0xD346, 0xD347, 0xD348, 0xD349, 0x0000, 0x0000, 0x0000, 0x0000, 0x0000, 0x0000, 0xD34A, 0xD34B, 0xD34C, 0xD34D,
    0xD34E, 0xD34F, 0xD350, 0xD351, 0xD352, 0xD353, 0xD354, 0xD355, 0xD356, 0xD357, 0xD358, 0xD359, 0xD35A, 0xD35B, 0xD35C, 0xD35D,
    0xD35E, 0xD35F, 0xD360, 0xD361, 0xD362, 0xD363, 0xD364, 0xD365, 0xD366, 0xD367, 0xD368, 0xD369, 0xBE68, 0xBE6A, 0xBE70, 0xBE71,
    0xBE73, 0xBE74, 0xBE75, 0xBE7B, 0xBE7C, 0xBE7D, 0xBE80, 0xBE84, 0xBE8C, 0xBE8D, 0xBE8F, 0xBE90, 0xBE91, 0xBE98, 0xBE99, 0xBEA8,
    0xBED0, 0xBED1, 0xBED4, 0xBED7, 0xBED8, 0xBEE0, 0xBEE3, 0xBEE4, 0xBEE5, 0xBEEC, 0xBF01, 0xBF08, 0xBF09, 0xBF18, 0xBF19, 0xBF1B,
    0xBF1C, 0xBF1D, 0xBF40, 0xBF41, 0xBF44, 0xBF48, 0xBF50, 0xBF51, 0xBF55, 0xBF94, 0xBFB0, 0xBFC5, 0xBFCC, 0xBFCD, 0xBFD0, 0xBFD4,
    0xBFDC, 0xBFDF, 0xBFE1, 0xC03C, 0xC051, 0xC058, 0xC05C, 0xC060, 0xC068, 0xC069, 0xC090, 0xC091, 0xC094, 0xC098, 0xC0A0, 0xC0A1,
    0xC0A3, 0xC0A5, 0xC0AC, 0xC0AD, 0xC0AF, 0xC0B0, 0xC0B3, 0xC0B4, 0xC0B5, 0xC0B6, 0xC0BC, 0xC0BD, 0xC0BF, 0xC0C0, 0xC0C1, 0xC0C5,
    0xC0C8, 0xC0C9, 0xC0CC, 0xC0D0, 0xC0D8, 0xC0D9, 0xC0DB, 0xC0DC, 0xC0DD, 0xC0E4, 0xD36A, 0xD36B, 0xD36C, 0xD36D, 0xD36E, 0xD36F,
    0xD370, 0xD371, 0xD372, 0xD373, 0xD374, 0xD375, 0xD376, 0xD377, 0xD378, 0xD379, 0xD37A, 0xD37B, 0xD37E, 0xD37F, 0xD381, 0xD382,
    0xD383, 0xD385, 0xD386, 0xD387, 0x0000, 0x0000, 0x0000, 0x0000, 0x0000, 0x0000, 0xD388, 0xD389, 0xD38A, 0xD38B, 0xD38E, 0xD392,
    0xD393, 0xD394, 0xD395, 0xD396, 0xD397, 0xD39A, 0xD39B, 0xD39D, 0xD39E, 0xD39F, 0xD3A1, 0xD3A2, 0xD3A3, 0xD3A4, 0xD3A5, 0xD3A6,
    0xD3A7, 0xD3AA, 0xD3AC, 0xD3AE, 0x0000, 0x0000, 0x0000, 0x0000, 0x0000, 0x0000, 0xD3AF, 0xD3B0, 0xD3B1, 0xD3B2, 0xD3B3, 0xD3B5,
    0xD3B6, 0xD3B7, 0xD3B9, 0xD3BA, 0xD3BB, 0xD3BD, 0xD3BE, 0xD3BF, 0xD3C0, 0xD3C1, 0xD3C2, 0xD3C3, 0xD3C6, 0xD3C7, 0xD3CA, 0xD3CB,
    0xD3CC, 0xD3CD, 0xD3CE, 0xD3CF, 0xD3D1, 0xD3D2, 0xD3D3, 0xD3D4, 0xD3D5, 0xD3D6, 0xC0E5, 0xC0E8, 0xC0EC, 0xC0F4, 0xC0F5, 0xC0F7,
    0xC0F9, 0xC100, 0xC104, 0xC108, 0xC110, 0xC115, 0xC11C, 0xC11D, 0xC11E, 0xC11F, 0xC120, 0xC123, 0xC124, 0xC126, 0xC127, 0xC12C,
    0xC12D, 0xC12F, 0xC130, 0xC131, 0xC136, 0xC138, 0xC139, 0xC13C, 0xC140, 0xC148, 0xC149, 0xC14B, 0xC14C, 0xC14D, 0xC154, 0xC155,
    0xC158, 0xC15C, 0xC164, 0xC165, 0xC167, 0xC168, 0xC169, 0xC170, 0xC174, 0xC178, 0xC185, 0xC18C, 0xC18D, 0xC18E, 0xC190, 0xC194,
    0xC196, 0xC19C, 0xC19D, 0xC19F, 0xC1A1, 0xC1A5, 0xC1A8, 0xC1A9, 0xC1AC, 0xC1B0, 0xC1BD, 0xC1C4, 0xC1C8, 0xC1CC, 0xC1D4, 0xC1D7,
    0xC1D8, 0xC1E0, 0xC1E4, 0xC1E8, 0xC1F0, 0xC1F1, 0xC1F3, 0xC1FC, 0xC1FD, 0xC200, 0xC204, 0xC20C, 0xC20D, 0xC20F, 0xC211, 0xC218,
    0xC219, 0xC21C, 0xC21F, 0xC220, 0xC228, 0xC229, 0xC22B, 0xC22D, 0xD3D7, 0xD3D9, 0xD3DA, 0xD3DB, 0xD3DC, 0xD3DD, 0xD3DE, 0xD3DF,
    0xD3E0, 0xD3E2, 0xD3E4, 0xD3E5, 0xD3E6, 0xD3E7, 0xD3E8, 0xD3E9, 0xD3EA, 0xD3EB, 0xD3EE, 0xD3EF, 0xD3F1, 0xD3F2, 0xD3F3, 0xD3F5,
    0xD3F6, 0xD3F7, 0x0000, 0x0000, 0x0000, 0x0000, 0x0000, 0x0000, 0xD3F8, 0xD3F9, 0xD3FA, 0xD3FB, 0xD3FE, 0xD400, 0xD402, 0xD403,
    0xD404, 0xD405, 0xD406, 0xD407, 0xD409, 0xD40A, 0xD40B, 0xD40C, 0xD40D, 0xD40E, 0xD40F, 0xD410, 0xD411, 0xD412, 0xD413, 0xD414,
    0xD415, 0xD416, 0x0000, 0x0000, 0x0000, 0x0000, 0x0000, 0x0000, 0xD417, 0xD418, 0xD419, 0xD41A, 0xD41B, 0xD41C, 0xD41E, 0xD41F,
    0xD420, 0xD421, 0xD422, 0xD423, 0xD424, 0xD425, 0xD426, 0xD427, 0xD428, 0xD429, 0xD42A, 0xD42B, 0xD42C, 0xD42D, 0xD42E, 0xD42F,
    0xD430, 0xD431, 0xD432, 0xD433, 0xD434, 0xD435, 0xD436, 0xD437, 0xC22F, 0xC231, 0xC232, 0xC234, 0xC248, 0xC250, 0xC251, 0xC254,
    0xC258, 0xC260, 0xC265, 0xC26C, 0xC26D, 0xC270, 0xC274, 0xC27C, 0xC27D, 0xC27F, 0xC281, 0xC288, 0xC289, 0xC290, 0xC298, 0xC29B,
    0xC29D, 0xC2A4, 0xC2A5, 0xC2A8, 0xC2AC, 0xC2AD, 0xC2B4, 0xC2B5, 0xC2B7, 0xC2B9, 0xC2DC, 0xC2DD, 0xC2E0, 0xC2E3, 0xC2E4, 0xC2EB,
    0xC2EC, 0xC2ED, 0xC2EF, 0xC2F1, 0xC2F6, 0xC2F8, 0xC2F9, 0xC2FB, 0xC2FC, 0xC300, 0xC308, 0xC309, 0xC30C, 0xC30D, 0xC313, 0xC314,
    0xC315, 0xC318, 0xC31C, 0xC324, 0xC325, 0xC328, 0xC329, 0xC345, 0xC368, 0xC369, 0xC36C, 0xC370, 0xC372, 0xC378, 0xC379, 0xC37C,
    0xC37D, 0xC384, 0xC388, 0xC38C, 0xC3C0, 0xC3D8, 0xC3D9, 0xC3DC, 0xC3DF, 0xC3E0, 0xC3E2, 0xC3E8, 0xC3E9, 0xC3ED, 0xC3F4, 0xC3F5,
    0xC3F8, 0xC408, 0xC410, 0xC424, 0xC42C, 0xC430, 0xD438, 0xD439, 0xD43A, 0xD43B, 0xD43C, 0xD43D, 0xD43E, 0xD43F, 0xD441, 0xD442,
    0xD443, 0xD445, 0xD446, 0xD447, 0xD448, 0xD449, 0xD44A, 0xD44B, 0xD44C, 0xD44D, 0xD44E, 0xD44F, 0xD450, 0xD451, 0xD452, 0xD453,
    0x0000, 0x0000, 0x0000, 0x0000, 0x0000, 0x0000, 0xD454, 0xD455, 0xD456, 0xD457, 0xD458, 0xD459, 0xD45A, 0xD45B, 0xD45D, 0xD45E,
    0xD45F, 0xD461, 0xD462, 0xD463, 0xD465, 0xD466, 0xD467, 0xD468, 0xD469, 0xD46A, 0xD46B, 0xD46C, 0xD46E, 0xD470, 0xD471, 0xD472,
    0x0000, 0x0000, 0x0000, 0x0000, 0x0000, 0x0000, 0xD473, 0xD474, 0xD475, 0xD476, 0xD477, 0xD47A, 0xD47B, 0xD47D, 0xD47E, 0xD481,
    0xD483, 0xD484, 0xD485, 0xD486, 0xD487, 0xD48A, 0xD48C, 0xD48E, 0xD48F, 0xD490, 0xD491, 0xD492, 0xD493, 0xD495, 0xD496, 0xD497,
    0xD498, 0xD499, 0xD49A, 0xD49B, 0xD49C, 0xD49D, 0xC434, 0xC43C, 0xC43D, 0xC448, 0xC464, 0xC465, 0xC468, 0xC46C, 0xC474, 0xC475,
    0xC479, 0xC480, 0xC494, 0xC49C, 0xC4B8, 0xC4BC, 0xC4E9, 0xC4F0, 0xC4F1, 0xC4F4, 0xC4F8, 0xC4FA, 0xC4FF, 0xC500, 0xC501, 0xC50C,
    0xC510, 0xC514, 0xC51C, 0xC528, 0xC529, 0xC52C, 0xC530, 0xC538, 0xC539, 0xC53B, 0xC53D, 0xC544, 0xC545, 0xC548, 0xC549, 0xC54A,
    0xC54C, 0xC54D, 0xC54E, 0xC553, 0xC554, 0xC555, 0xC557, 0xC558, 0xC559, 0xC55D, 0xC55E, 0xC560, 0xC561, 0xC564, 0xC568, 0xC570,
    0xC571, 0xC573, 0xC574, 0xC575, 0xC57C, 0xC57D, 0xC580, 0xC584, 0xC587, 0xC58C, 0xC58D, 0xC58F, 0xC591, 0xC595, 0xC597, 0xC598,
    0xC59C, 0xC5A0, 0xC5A9, 0xC5B4, 0xC5B5, 0xC5B8, 0xC5B9, 0xC5BB, 0xC5BC, 0xC5BD, 0xC5BE, 0xC5C4, 0xC5C5, 0xC5C6, 0xC5C7, 0xC5C8,
    0xC5C9, 0xC5CA, 0xC5CC, 0xC5CE, 0xD49E, 0xD49F, 0xD4A0, 0xD4A1, 0xD4A2, 0xD4A3, 0xD4A4, 0xD4A5, 0xD4A6, 0xD4A7, 0xD4A8, 0xD4AA,
    0xD4AB, 0xD4AC, 0xD4AD, 0xD4AE, 0xD4AF, 0xD4B0, 0xD4B1, 0xD4B2, 0xD4B3, 0xD4B4, 0xD4B5, 0xD4B6, 0xD4B7, 0xD4B8, 0x0000, 0x0000,
    0x0000, 0x0000, 0x0000, 0x0000, 0xD4B9, 0xD4BA, 0xD4BB, 0xD4BC, 0xD4BD, 0xD4BE, 0xD4BF, 0xD4C0, 0xD4C1, 0xD4C2, 0xD4C3, 0xD4C4,
    0xD4C5, 0xD4C6, 0xD4C7, 0xD4C8, 0xD4C9, 0xD4CA, 0xD4CB, 0xD4CD, 0xD4CE, 0xD4CF, 0xD4D1, 0xD4D2, 0xD4D3, 0xD4D5, 0x0000, 0x0000,
    0x0000, 0x0000, 0x0000, 0x0000, 0xD4D6, 0xD4D7, 0xD4D8, 0xD4D9, 0xD4DA, 0xD4DB, 0xD4DD, 0xD4DE, 0xD4E0, 0xD4E1, 0xD4E2, 0xD4E3,
    0xD4E4, 0xD4E5, 0xD4E6, 0xD4E7, 0xD4E9, 0xD4EA, 0xD4EB, 0xD4ED, 0xD4EE, 0xD4EF, 0xD4F1, 0xD4F2, 0xD4F3, 0xD4F4, 0xD4F5, 0xD4F6,
    0xD4F7, 0xD4F9, 0xD4FA, 0xD4FC, 0xC5D0, 0xC5D1, 0xC5D4, 0xC5D8, 0xC5E0, 0xC5E1, 0xC5E3, 0xC5E5, 0xC5EC, 0xC5ED, 0xC5EE, 0xC5F0,
    0xC5F4, 0xC5F6, 0xC5F7, 0xC5FC, 0xC5FD, 0xC5FE, 0xC5FF, 0xC600, 0xC601, 0xC605, 0xC606, 0xC607, 0xC608, 0xC60C, 0xC610, 0xC618,
    0xC619, 0xC61B, 0xC61C, 0xC624, 0xC625, 0xC628, 0xC62C, 0xC62D, 0xC62E, 0xC630, 0xC633, 0xC634, 0xC635, 0xC637, 0xC639, 0xC63B,
    0xC640, 0xC641, 0xC644, 0xC648, 0xC650, 0xC651, 0xC653, 0xC654, 0xC655, 0xC65C, 0xC65D, 0xC660, 0xC66C, 0xC66F, 0xC671, 0xC678,
    0xC679, 0xC67C, 0xC680, 0xC688, 0xC689, 0xC68B, 0xC68D, 0xC694, 0xC695, 0xC698, 0xC69C, 0xC6A4, 0xC6A5, 0xC6A7, 0xC6A9, 0xC6B0,
    0xC6B1, 0xC6B4, 0xC6B8, 0xC6B9, 0xC6BA, 0xC6C0, 0xC6C1, 0xC6C3, 0xC6C5, 0xC6CC, 0xC6CD, 0xC6D0, 0xC6D4, 0xC6DC, 0xC6DD, 0xC6E0,
    0xC6E1, 0xC6E8, 0xD4FE, 0xD4FF, 0xD500, 0xD501, 0xD502, 0xD503, 0xD505, 0xD506, 0xD507, 0xD509, 0xD50A, 0xD50B, 0xD50D, 0xD50E,
    0xD50F, 0xD510, 0xD511, 0xD512, 0xD513, 0xD516, 0xD518, 0xD519, 0xD51A, 0xD51B, 0xD51C, 0xD51D, 0x0000, 0x0000, 0x0000, 0x0000,
    0x0000, 0x0000, 0xD51E, 0xD51F, 0xD520, 0xD521, 0xD522, 0xD523, 0xD524, 0xD525, 0xD526, 0xD527, 0xD528, 0xD529, 0xD52A, 0xD52B,
    0xD52C, 0xD52D, 0xD52E, 0xD52F, 0xD530, 0xD531, 0xD532, 0xD533, 0xD534, 0xD535, 0xD536, 0xD537, 0x0000, 0x0000, 0x0000, 0x0000,
    0x0000, 0x0000, 0xD538, 0xD539, 0xD53A, 0xD53B, 0xD53E, 0xD53F, 0xD541, 0xD542, 0xD543, 0xD545, 0xD546, 0xD547, 0xD548, 0xD549,
    0xD54A, 0xD54B, 0xD54E, 0xD550, 0xD552, 0xD553, 0xD554, 0xD555, 0xD556, 0xD557, 0xD55A, 0xD55B, 0xD55D, 0xD55E, 0xD55F, 0xD561,
    0xD562, 0xD563, 0xC6E9, 0xC6EC, 0xC6F0, 0xC6F8, 0xC6F9, 0xC6FD, 0xC704, 0xC705, 0xC708, 0xC70C, 0xC714, 0xC715, 0xC717, 0xC719,
    0xC720, 0xC721, 0xC724, 0xC728, 0xC730, 0xC731, 0xC733, 0xC735, 0xC737, 0xC73C, 0xC73D, 0xC740, 0xC744, 0xC74A, 0xC74C, 0xC74D,
    0xC74F, 0xC751, 0xC752, 0xC753, 0xC754, 0xC755, 0xC756, 0xC757, 0xC758, 0xC75C, 0xC760, 0xC768, 0xC76B, 0xC774, 0xC775, 0xC778,
    0xC77C, 0xC77D, 0xC77E, 0xC783, 0xC784, 0xC785, 0xC787, 0xC788, 0xC789, 0xC78A, 0xC78E, 0xC790, 0xC791, 0xC794, 0xC796, 0xC797,
    0xC798, 0xC79A, 0xC7A0, 0xC7A1, 0xC7A3, 0xC7A4, 0xC7A5, 0xC7A6, 0xC7AC, 0xC7AD, 0xC7B0, 0xC7B4, 0xC7BC, 0xC7BD, 0xC7BF, 0xC7C0,
    0xC7C1, 0xC7C8, 0xC7C9, 0xC7CC, 0xC7CE, 0xC7D0, 0xC7D8, 0xC7DD, 0xC7E4, 0xC7E8, 0xC7EC, 0xC800, 0xC801, 0xC804, 0xC808, 0xC80A,
    0xD564, 0xD566, 0xD567, 0xD56A, 0xD56C, 0xD56E, 0xD56F, 0xD570, 0xD571, 0xD572, 0xD573, 0xD576, 0xD577, 0xD579, 0xD57A, 0xD57B,
    0xD57D, 0xD57E, 0xD57F, 0xD580, 0xD581, 0xD582, 0xD583, 0xD586, 0xD58A, 0xD58B, 0x0000, 0x0000, 0x0000, 0x0000, 0x0000, 0x0000,
    0xD58C, 0xD58D, 0xD58E, 0xD58F, 0xD591, 0xD592, 0xD593, 0xD594, 0xD595, 0xD596, 0xD597, 0xD598, 0xD599, 0xD59A, 0xD59B, 0xD59C,
    0xD59D, 0xD59E, 0xD59F, 0xD5A0, 0xD5A1, 0xD5A2, 0xD5A3, 0xD5A4, 0xD5A6, 0xD5A7, 0x0000, 0x0000, 0x0000, 0x0000, 0x0000, 0x0000,
    0xD5A8, 0xD5A9, 0xD5AA, 0xD5AB, 0xD5AC, 0xD5AD, 0xD5AE, 0xD5AF, 0xD5B0, 0xD5B1, 0xD5B2, 0xD5B3, 0xD5B4, 0xD5B5, 0xD5B6, 0xD5B7,
    0xD5B8, 0xD5B9, 0xD5BA, 0xD5BB, 0xD5BC, 0xD5BD, 0xD5BE, 0xD5BF, 0xD5C0, 0xD5C1, 0xD5C2, 0xD5C3, 0xD5C4, 0xD5C5, 0xD5C6, 0xD5C7,
    0xC810, 0xC811, 0xC813, 0xC815, 0xC816, 0xC81C, 0xC81D, 0xC820, 0xC824, 0xC82C, 0xC82D, 0xC82F, 0xC831, 0xC838, 0xC83C, 0xC840,
    0xC848, 0xC849, 0xC84C, 0xC84D, 0xC854, 0xC870, 0xC871, 0xC874, 0xC878, 0xC87A, 0xC880, 0xC881, 0xC883, 0xC885, 0xC886, 0xC887,
    0xC88B, 0xC88C, 0xC88D, 0xC894, 0xC89D, 0xC89F, 0xC8A1, 0xC8A8, 0xC8BC, 0xC8BD, 0xC8C4, 0xC8C8, 0xC8CC, 0xC8D4, 0xC8D5, 0xC8D7,
    0xC8D9, 0xC8E0, 0xC8E1, 0xC8E4, 0xC8F5, 0xC8FC, 0xC8FD, 0xC900, 0xC904, 0xC905, 0xC906, 0xC90C, 0xC90D, 0xC90F, 0xC911, 0xC918,
    0xC92C, 0xC934, 0xC950, 0xC951, 0xC954, 0xC958, 0xC960, 0xC961, 0xC963, 0xC96C, 0xC970, 0xC974, 0xC97C, 0xC988, 0xC989, 0xC98C,
    0xC990, 0xC998, 0xC999, 0xC99B, 0xC99D, 0xC9C0, 0xC9C1, 0xC9C4, 0xC9C7, 0xC9C8, 0xC9CA, 0xC9D0, 0xC9D1, 0xC9D3, 0xD5CA, 0xD5CB,
    0xD5CD, 0xD5CE, 0xD5CF, 0xD5D1, 0xD5D3, 0xD5D4, 0xD5D5, 0xD5D6, 0xD5D7, 0xD5DA, 0xD5DC, 0xD5DE, 0xD5DF, 0xD5E0, 0xD5E1, 0xD5E2,
    0xD5E3, 0xD5E6, 0xD5E7, 0xD5E9, 0xD5EA, 0xD5EB, 0xD5ED, 0xD5EE, 0x0000, 0x0000, 0x0000, 0x0000, 0x0000, 0x0000, 0xD5EF, 0xD5F0,
    0xD5F1, 0xD5F2, 0xD5F3, 0xD5F6, 0xD5F8, 0xD5FA, 0xD5FB, 0xD5FC, 0xD5FD, 0xD5FE, 0xD5FF, 0xD602, 0xD603, 0xD605, 0xD606, 0xD607,
    0xD609, 0xD60A, 0xD60B, 0xD60C, 0xD60D, 0xD60E, 0xD60F, 0xD612, 0x0000, 0x0000, 0x0000, 0x0000, 0x0000, 0x0000, 0xD616, 0xD617,
    0xD618, 0xD619, 0xD61A, 0xD61B, 0xD61D, 0xD61E, 0xD61F, 0xD621, 0xD622, 0xD623, 0xD625, 0xD626, 0xD627, 0xD628, 0xD629, 0xD62A,
    0xD62B, 0xD62C, 0xD62E, 0xD62F, 0xD630, 0xD631, 0xD632, 0xD633, 0xD634, 0xD635, 0xD636, 0xD637, 0xD63A, 0xD63B, 0xC9D5, 0xC9D6,
    0xC9D9, 0xC9DA, 0xC9DC, 0xC9DD, 0xC9E0, 0xC9E2, 0xC9E4, 0xC9E7, 0xC9EC, 0xC9ED, 0xC9EF, 0xC9F0, 0xC9F1, 0xC9F8, 0xC9F9, 0xC9FC,
    0xCA00, 0xCA08, 0xCA09, 0xCA0B, 0xCA0C, 0xCA0D, 0xCA14, 0xCA18, 0xCA29, 0xCA4C, 0xCA4D, 0xCA50, 0xCA54, 0xCA5C, 0xCA5D, 0xCA5F,
    0xCA60, 0xCA61, 0xCA68, 0xCA7D, 0xCA84, 0xCA98, 0xCABC, 0xCABD, 0xCAC0, 0xCAC4, 0xCACC, 0xCACD, 0xCACF, 0xCAD1, 0xCAD3, 0xCAD8,
    0xCAD9, 0xCAE0, 0xCAEC, 0xCAF4, 0xCB08, 0xCB10, 0xCB14, 0xCB18, 0xCB20, 0xCB21, 0xCB41, 0xCB48, 0xCB49, 0xCB4C, 0xCB50, 0xCB58,
    0xCB59, 0xCB5D, 0xCB64, 0xCB78, 0xCB79, 0xCB9C, 0xCBB8, 0xCBD4, 0xCBE4, 0xCBE7, 0xCBE9, 0xCC0C, 0xCC0D, 0xCC10, 0xCC14, 0xCC1C,
    0xCC1D, 0xCC21, 0xCC22, 0xCC27, 0xCC28, 0xCC29, 0xCC2C, 0xCC2E, 0xCC30, 0xCC38, 0xCC39, 0xCC3B, 0xD63D, 0xD63E, 0xD63F, 0xD641,
    0xD642, 0xD643, 0xD644, 0xD646, 0xD647, 0xD64A, 0xD64C, 0xD64E, 0xD64F, 0xD650, 0xD652, 0xD653, 0xD656, 0xD657, 0xD659, 0xD65A,
    0xD65B, 0xD65D, 0xD65E, 0xD65F, 0xD660, 0xD661, 0x0000, 0x0000, 0x0000, 0x0000, 0x0000, 0x0000, 0xD662, 0xD663, 0xD664, 0xD665,
    0xD666, 0xD668, 0xD66A, 0xD66B, 0xD66C, 0xD66D, 0xD66E, 0xD66F, 0xD672, 0xD673, 0xD675, 0xD676, 0xD677, 0xD678, 0xD679, 0xD67A,
    0xD67B, 0xD67C, 0xD67D, 0xD67E, 0xD67F, 0xD680, 0x0000, 0x0000, 0x0000, 0x0000, 0x0000, 0x0000, 0xD681, 0xD682, 0xD684, 0xD686,
    0xD687, 0xD688, 0xD689, 0xD68A, 0xD68B, 0xD68E, 0xD68F, 0xD691, 0xD692, 0xD693, 0xD695, 0xD696, 0xD697, 0xD698, 0xD699, 0xD69A,
    0xD69B, 0xD69C, 0xD69E, 0xD6A0, 0xD6A2, 0xD6A3, 0xD6A4, 0xD6A5, 0xD6A6, 0xD6A7, 0xD6A9, 0xD6AA, 0xCC3C, 0xCC3D, 0xCC3E, 0xCC44,
    0xCC45, 0xCC48, 0xCC4C, 0xCC54, 0xCC55, 0xCC57, 0xCC58, 0xCC59, 0xCC60, 0xCC64, 0xCC66, 0xCC68, 0xCC70, 0xCC75, 0xCC98, 0xCC99,
    0xCC9C, 0xCCA0, 0xCCA8, 0xCCA9, 0xCCAB, 0xCCAC, 0xCCAD, 0xCCB4, 0xCCB5, 0xCCB8, 0xCCBC, 0xCCC4, 0xCCC5, 0xCCC7, 0xCCC9, 0xCCD0,
    0xCCD4, 0xCCE4, 0xCCEC, 0xCCF0, 0xCD01, 0xCD08, 0xCD09, 0xCD0C, 0xCD10, 0xCD18, 0xCD19, 0xCD1B, 0xCD1D, 0xCD24, 0xCD28, 0xCD2C,
    0xCD39, 0xCD5C, 0xCD60, 0xCD64, 0xCD6C, 0xCD6D, 0xCD6F, 0xCD71, 0xCD78, 0xCD88, 0xCD94, 0xCD95, 0xCD98, 0xCD9C, 0xCDA4, 0xCDA5,
    0xCDA7, 0xCDA9, 0xCDB0, 0xCDC4, 0xCDCC, 0xCDD0, 0xCDE8, 0xCDEC, 0xCDF0, 0xCDF8, 0xCDF9, 0xCDFB, 0xCDFD, 0xCE04, 0xCE08, 0xCE0C,
    0xCE14, 0xCE19, 0xCE20, 0xCE21, 0xCE24, 0xCE28, 0xCE30, 0xCE31, 0xCE33, 0xCE35, 0xD6AB, 0xD6AD, 0xD6AE, 0xD6AF, 0xD6B1, 0xD6B2,
    0xD6B3, 0xD6B4, 0xD6B5, 0xD6B6, 0xD6B7, 0xD6B8, 0xD6BA, 0xD6BC, 0xD6BD, 0xD6BE, 0xD6BF, 0xD6C0, 0xD6C1, 0xD6C2, 0xD6C3, 0xD6C6,
    0xD6C7, 0xD6C9, 0xD6CA, 0xD6CB, 0x0000, 0x0000, 0x0000, 0x0000, 0x0000, 0x0000, 0xD6CD, 0xD6CE, 0xD6CF, 0xD6D0, 0xD6D2, 0xD6D3,
    0xD6D5, 0xD6D6, 0xD6D8, 0xD6DA, 0xD6DB, 0xD6DC, 0xD6DD, 0xD6DE, 0xD6DF, 0xD6E1, 0xD6E2, 0xD6E3, 0xD6E5, 0xD6E6, 0xD6E7, 0xD6E9,
    0xD6EA, 0xD6EB, 0xD6EC, 0xD6ED, 0x0000, 0x0000, 0x0000, 0x0000, 0x0000, 0x0000, 0xD6EE, 0xD6EF, 0xD6F1, 0xD6F2, 0xD6F3, 0xD6F4,
    0xD6F6, 0xD6F7, 0xD6F8, 0xD6F9, 0xD6FA, 0xD6FB, 0xD6FE, 0xD6FF, 0xD701, 0xD702, 0xD703, 0xD705, 0xD706, 0xD707, 0xD708, 0xD709,
    0xD70A, 0xD70B, 0xD70C, 0xD70D, 0xD70E, 0xD70F, 0xD710, 0xD712, 0xD713, 0xD714, 0xCE58, 0xCE59, 0xCE5C, 0xCE5F, 0xCE60, 0xCE61,
    0xCE68, 0xCE69, 0xCE6B, 0xCE6D, 0xCE74, 0xCE75, 0xCE78, 0xCE7C, 0xCE84, 0xCE85, 0xCE87, 0xCE89, 0xCE90, 0xCE91, 0xCE94, 0xCE98,
    0xCEA0, 0xCEA1, 0xCEA3, 0xCEA4, 0xCEA5, 0xCEAC, 0xCEAD, 0xCEC1, 0xCEE4, 0xCEE5, 0xCEE8, 0xCEEB, 0xCEEC, 0xCEF4, 0xCEF5, 0xCEF7,
    0xCEF8, 0xCEF9, 0xCF00, 0xCF01, 0xCF04, 0xCF08, 0xCF10, 0xCF11, 0xCF13, 0xCF15, 0xCF1C, 0xCF20, 0xCF24, 0xCF2C, 0xCF2D, 0xCF2F,
    0xCF30, 0xCF31, 0xCF38, 0xCF54, 0xCF55, 0xCF58, 0xCF5C, 0xCF64, 0xCF65, 0xCF67, 0xCF69, 0xCF70, 0xCF71, 0xCF74, 0xCF78, 0xCF80,
    0xCF85, 0xCF8C, 0xCFA1, 0xCFA8, 0xCFB0, 0xCFC4, 0xCFE0, 0xCFE1, 0xCFE4, 0xCFE8, 0xCFF0, 0xCFF1, 0xCFF3, 0xCFF5, 0xCFFC, 0xD000,
    0xD004, 0xD011, 0xD018, 0xD02D, 0xD034, 0xD035, 0xD038, 0xD03C, 0xD715, 0xD716, 0xD717, 0xD71A, 0xD71B, 0xD71D, 0xD71E, 0xD71F,
    0xD721, 0xD722, 0xD723, 0xD724, 0xD725, 0xD726, 0xD727, 0xD72A, 0xD72C, 0xD72E, 0xD72F, 0xD730, 0xD731, 0xD732, 0xD733, 0xD736,
    0xD737, 0xD739, 0x0000, 0x0000, 0x0000, 0x0000, 0x0000, 0x0000, 0xD73A, 0xD73B, 0xD73D, 0xD73E, 0xD73F, 0xD740, 0xD741, 0xD742,
    0xD743, 0xD745, 0xD746, 0xD748, 0xD74A, 0xD74B, 0xD74C, 0xD74D, 0xD74E, 0xD74F, 0xD752, 0xD753, 0xD755, 0xD75A, 0xD75B, 0xD75C,
    0xD75D, 0xD75E, 0x0000, 0x0000, 0x0000, 0x0000, 0x0000, 0x0000, 0xD75F, 0xD762, 0xD764, 0xD766, 0xD767, 0xD768, 0xD76A, 0xD76B,
    0xD76D, 0xD76E, 0xD76F, 0xD771, 0xD772, 0xD773, 0xD775, 0xD776, 0xD777, 0xD778, 0xD779, 0xD77A, 0xD77B, 0xD77E, 0xD77F, 0xD780,
    0xD782, 0xD783, 0xD784, 0xD785, 0xD786, 0xD787, 0xD78A, 0xD78B, 0xD044, 0xD045, 0xD047, 0xD049, 0xD050, 0xD054, 0xD058, 0xD060,
    0xD06C, 0xD06D, 0xD070, 0xD074, 0xD07C, 0xD07D, 0xD081, 0xD0A4, 0xD0A5, 0xD0A8, 0xD0AC, 0xD0B4, 0xD0B5, 0xD0B7, 0xD0B9, 0xD0C0,
    0xD0C1, 0xD0C4, 0xD0C8, 0xD0C9, 0xD0D0, 0xD0D1, 0xD0D3, 0xD0D4, 0xD0D5, 0xD0DC, 0xD0DD, 0xD0E0, 0xD0E4, 0xD0EC, 0xD0ED, 0xD0EF,
    0xD0F0, 0xD0F1, 0xD0F8, 0xD10D, 0xD130, 0xD131, 0xD134, 0xD138, 0xD13A, 0xD140, 0xD141, 0xD143, 0xD144, 0xD145, 0xD14C, 0xD14D,
    0xD150, 0xD154, 0xD15C, 0xD15D, 0xD15F, 0xD161, 0xD168, 0xD16C, 0xD17C, 0xD184, 0xD188, 0xD1A0, 0xD1A1, 0xD1A4, 0xD1A8, 0xD1B0,
    0xD1B1, 0xD1B3, 0xD1B5, 0xD1BA, 0xD1BC, 0xD1C0, 0xD1D8, 0xD1F4, 0xD1F8, 0xD207, 0xD209, 0xD210, 0xD22C, 0xD22D, 0xD230, 0xD234,
    0xD23C, 0xD23D, 0xD23F, 0xD241, 0xD248, 0xD25C, 0xD78D, 0xD78E, 0xD78F, 0xD791, 0xD792, 0xD793, 0xD794, 0xD795, 0xD796, 0xD797,
    0xD79A, 0xD79C, 0xD79E, 0xD79F, 0xD7A0, 0xD7A1, 0xD7A2, 0xD7A3, 0x0000, 0x0000, 0x0000, 0x0000, 0x0000, 0x0000, 0x0000, 0x0000,
    0x0000, 0x0000, 0x0000, 0x0000, 0x0000, 0x0000, 0x0000, 0x0000, 0x0000, 0x0000, 0x0000, 0x0000, 0x0000, 0x0000, 0x0000, 0x0000,
    0x0000, 0x0000, 0x0000, 0x0000, 0x0000, 0x0000, 0x0000, 0x0000, 0x0000, 0x0000, 0x0000, 0x0000, 0x0000, 0x0000, 0x0000, 0x0000,
    0x0000, 0x0000, 0x0000, 0x0000, 0x0000, 0x0000, 0x0000, 0x0000, 0x0000, 0x0000, 0x0000, 0x0000, 0x0000, 0x0000, 0x0000, 0x0000,
    0x0000, 0x0000, 0x0000, 0x0000, 0x0000, 0x0000, 0x0000, 0x0000, 0x0000, 0x0000, 0x0000, 0x0000, 0x0000, 0x0000, 0x0000, 0x0000,
    0x0000, 0x0000, 0x0000, 0x0000, 0x0000, 0x0000, 0xD264, 0xD280, 0xD281, 0xD284, 0xD288, 0xD290, 0xD291, 0xD295, 0xD29C, 0xD2A0,
    0xD2A4, 0xD2AC, 0xD2B1, 0xD2B8, 0xD2B9, 0xD2BC, 0xD2BF, 0xD2C0, 0xD2C2, 0xD2C8, 0xD2C9, 0xD2CB, 0xD2D4, 0xD2D8, 0xD2DC, 0xD2E4,
    0xD2E5, 0xD2F0, 0xD2F1, 0xD2F4, 0xD2F8, 0xD300, 0xD301, 0xD303, 0xD305, 0xD30C, 0xD30D, 0xD30E, 0xD310, 0xD314, 0xD316, 0xD31C,
    0xD31D, 0xD31F, 0xD320, 0xD321, 0xD325, 0xD328, 0xD329, 0xD32C, 0xD330, 0xD338, 0xD339, 0xD33B, 0xD33C, 0xD33D, 0xD344, 0xD345,
    0xD37C, 0xD37D, 0xD380, 0xD384, 0xD38C, 0xD38D, 0xD38F, 0xD390, 0xD391, 0xD398, 0xD399, 0xD39C, 0xD3A0, 0xD3A8, 0xD3A9, 0xD3AB,
    0xD3AD, 0xD3B4, 0xD3B8, 0xD3BC, 0xD3C4, 0xD3C5, 0xD3C8, 0xD3C9, 0xD3D0, 0xD3D8, 0xD3E1, 0xD3E3, 0xD3EC, 0xD3ED, 0xD3F0, 0xD3F4,
    0xD3FC, 0xD3FD, 0xD3FF, 0xD401, 0x0000, 0x0000, 0x0000, 0x0000, 0x0000, 0x0000, 0x0000, 0x0000, 0x0000, 0x0000, 0x0000, 0x0000,
    0x0000, 0x0000, 0x0000, 0x0000, 0x0000, 0x0000, 0x0000, 0x0000, 0x0000, 0x0000, 0x0000, 0x0000, 0x0000, 0x0000, 0x0000, 0x0000,
    0x0000, 0x0000, 0x0000, 0x0000, 0x0000, 0x0000, 0x0000, 0x0000, 0x0000, 0x0000, 0x0000, 0x0000, 0x0000, 0x0000, 0x0000, 0x0000,
    0x0000, 0x0000, 0x0000, 0x0000, 0x0000, 0x0000, 0x0000, 0x0000, 0x0000, 0x0000, 0x0000, 0x0000, 0x0000, 0x0000, 0x0000, 0x0000,
    0x0000, 0x0000, 0x0000, 0x0000, 0x0000, 0x0000, 0x0000, 0x0000, 0x0000, 0x0000, 0x0000, 0x0000, 0x0000, 0x0000, 0x0000, 0x0000,
    0x0000, 0x0000, 0x0000, 0x0000, 0x0000, 0x0000, 0x0000, 0x0000, 0x0000, 0x0000, 0x0000, 0x0000, 0x0000, 0x0000, 0x0000, 0x0000,
    0x0000, 0x0000, 0x0000, 0x0000, 0xD408, 0xD41D, 0xD440, 0xD444, 0xD45C, 0xD460, 0xD464, 0xD46D, 0xD46F, 0xD478, 0xD479, 0xD47C,
    0xD47F, 0xD480, 0xD482, 0xD488, 0xD489, 0xD48B, 0xD48D, 0xD494, 0xD4A9, 0xD4CC, 0xD4D0, 0xD4D4, 0xD4DC, 0xD4DF, 0xD4E8, 0xD4EC,
    0xD4F0, 0xD4F8, 0xD4FB, 0xD4FD, 0xD504, 0xD508, 0xD50C, 0xD514, 0xD515, 0xD517, 0xD53C, 0xD53D, 0xD540, 0xD544, 0xD54C, 0xD54D,
    0xD54F, 0xD551, 0xD558, 0xD559, 0xD55C, 0xD560, 0xD565, 0xD568, 0xD569, 0xD56B, 0xD56D, 0xD574, 0xD575, 0xD578, 0xD57C, 0xD584,
    0xD585, 0xD587, 0xD588, 0xD589, 0xD590, 0xD5A5, 0xD5C8, 0xD5C9, 0xD5CC, 0xD5D0, 0xD5D2, 0xD5D8, 0xD5D9, 0xD5DB, 0xD5DD, 0xD5E4,
    0xD5E5, 0xD5E8, 0xD5EC, 0xD5F4, 0xD5F5, 0xD5F7, 0xD5F9, 0xD600, 0xD601, 0xD604, 0xD608, 0xD610, 0xD611, 0xD613, 0xD614, 0xD615,
    0xD61C, 0xD620, 0x0000, 0x0000, 0x0000, 0x0000, 0x0000, 0x0000, 0x0000, 0x0000, 0x0000, 0x0000, 0x0000, 0x0000, 0x0000, 0x0000,
    0x0000, 0x0000, 0x0000, 0x0000, 0x0000, 0x0000, 0x0000, 0x0000, 0x0000, 0x0000, 0x0000, 0x0000, 0x0000, 0x0000, 0x0000, 0x0000,
    0x0000, 0x0000, 0x0000, 0x0000, 0x0000, 0x0000, 0x0000, 0x0000, 0x0000, 0x0000, 0x0000, 0x0000, 0x0000, 0x0000, 0x0000, 0x0000,
    0x0000, 0x0000, 0x0000, 0x0000, 0x0000, 0x0000, 0x0000, 0x0000, 0x0000, 0x0000, 0x0000, 0x0000, 0x0000, 0x0000, 0x0000, 0x0000,
    0x0000, 0x0000, 0x0000, 0x0000, 0x0000, 0x0000, 0x0000, 0x0000, 0x0000, 0x0000, 0x0000, 0x0000, 0x0000, 0x0000, 0x0000, 0x0000,
    0x0000, 0x0000, 0x0000, 0x0000, 0x0000, 0x0000, 0x0000, 0x0000, 0x0000, 0x0000, 0x0000, 0x0000, 0x0000, 0x0000, 0x0000, 0x0000,
    0x0000, 0x0000, 0xD624, 0xD62D, 0xD638, 0xD639, 0xD63C, 0xD640, 0xD645, 0xD648, 0xD649, 0xD64B, 0xD64D, 0xD651, 0xD654, 0xD655,
    0xD658, 0xD65C, 0xD667, 0xD669, 0xD670, 0xD671, 0xD674, 0xD683, 0xD685, 0xD68C, 0xD68D, 0xD690, 0xD694, 0xD69D, 0xD69F, 0xD6A1,
    0xD6A8, 0xD6AC, 0xD6B0, 0xD6B9, 0xD6BB, 0xD6C4, 0xD6C5, 0xD6C8, 0xD6CC, 0xD6D1, 0xD6D4, 0xD6D7, 0xD6D9, 0xD6E0, 0xD6E4, 0xD6E8,
    0xD6F0, 0xD6F5, 0xD6FC, 0xD6FD, 0xD700, 0xD704, 0xD711, 0xD718, 0xD719, 0xD71C, 0xD720, 0xD728, 0xD729, 0xD72B, 0xD72D, 0xD734,
    0xD735, 0xD738, 0xD73C, 0xD744, 0xD747, 0xD749, 0xD750, 0xD751, 0xD754, 0xD756, 0xD757, 0xD758, 0xD759, 0xD760, 0xD761, 0xD763,
    0xD765, 0xD769, 0xD76C, 0xD770, 0xD774, 0xD77C, 0xD77D, 0xD781, 0xD788, 0xD789, 0xD78C, 0xD790, 0xD798, 0xD799, 0xD79B, 0xD79D,
    0x0000, 0x0000, 0x0000, 0x0000, 0x0000, 0x0000, 0x0000, 0x0000, 0x0000, 0x0000, 0x0000, 0x0000, 0x0000, 0x0000, 0x0000, 0x0000,
    0x0000, 0x0000, 0x0000, 0x0000, 0x0000, 0x0000, 0x0000, 0x0000, 0x0000, 0x0000, 0x0000, 0x0000, 0x0000, 0x0000, 0x0000, 0x0000,
    0x0000, 0x0000, 0x0000, 0x0000, 0x0000, 0x0000, 0x0000, 0x0000, 0x0000, 0x0000, 0x0000, 0x0000, 0x0000, 0x0000, 0x0000, 0x0000,
    0x0000, 0x0000, 0x0000, 0x0000, 0x0000, 0x0000, 0x0000, 0x0000, 0x0000, 0x0000, 0x0000, 0x0000, 0x0000, 0x0000, 0x0000, 0x0000,
    0x0000, 0x0000, 0x0000, 0x0000, 0x0000, 0x0000, 0x0000, 0x0000, 0x0000, 0x0000, 0x0000, 0x0000, 0x0000, 0x0000, 0x0000, 0x0000,
    0x0000, 0x0000, 0x0000, 0x0000, 0x0000, 0x0000, 0x0000, 0x0000, 0x0000, 0x0000, 0x0000, 0x0000, 0x0000, 0x0000, 0x0000, 0x0000,
    0x0000, 0x0000, 0x0000, 0x0000, 0x0000, 0x0000, 0x0000, 0x0000, 0x0000, 0x0000, 0x0000, 0x0000, 0x0000, 0x0000, 0x0000, 0x0000,
    0x0000, 0x0000, 0x0000, 0x0000, 0x0000, 0x0000, 0x0000, 0x0000, 0x0000, 0x0000, 0x0000, 0x0000, 0x0000, 0x0000, 0x0000, 0x0000,
    0x0000, 0x0000, 0x0000, 0x0000, 0x0000, 0x0000, 0x0000, 0x0000, 0x0000, 0x0000, 0x0000, 0x0000, 0x0000, 0x0000, 0x0000, 0x0000,
    0x0000, 0x0000, 0x0000, 0x0000, 0x0000, 0x0000, 0x0000, 0x0000, 0x0000, 0x0000, 0x0000, 0x0000, 0x0000, 0x0000, 0x0000, 0x0000,
    0x0000, 0x0000, 0x0000, 0x0000, 0x0000, 0x0000, 0x0000, 0x0000, 0x0000, 0x0000, 0x0000, 0x0000, 0x0000, 0x0000, 0x0000, 0x0000,
    0x0000, 0x0000, 0x0000, 0x0000, 0x0000, 0x0000, 0x0000, 0x0000, 0x0000, 0x0000, 0x0000, 0x0000, 0x0000, 0x0000, 0x0000, 0x0000,
    0x0000, 0x0000, 0x0000, 0x0000, 0x0000, 0x0000, 0x0000, 0x0000, 0x0000, 0x0000, 0x0000, 0x0000, 0x0000, 0x0000, 0x0000, 0x0000,
    0x0000, 0x0000, 0x0000, 0x0000, 0x0000, 0x0000, 0x0000, 0x0000, 0x0000, 0x0000, 0x0000, 0x0000, 0x0000, 0x0000, 0x0000, 0x0000,
    0x0000, 0x0000, 0x0000, 0x0000, 0x0000, 0x0000, 0x0000, 0x0000, 0x0000, 0x0000, 0x0000, 0x0000, 0x0000, 0x0000, 0x0000, 0x0000,
    0x0000, 0x0000, 0x0000, 0x0000, 0x0000, 0x0000, 0x0000, 0x0000, 0x0000, 0x0000, 0x0000, 0x0000, 0x0000, 0x0000, 0x0000, 0x0000,
    0x0000, 0x0000, 0x0000, 0x0000, 0x0000, 0x0000, 0x0000, 0x0000, 0x0000, 0x0000, 0x0000, 0x0000, 0x0000, 0x0000, 0x0000, 0x0000,
    0x0000, 0x0000, 0x0000, 0x0000, 0x0000, 0x0000, 0x0000, 0x0000, 0x0000, 0x0000, 0x0000, 0x0000, 0x0000, 0x0000, 0x4F3D, 0x4F73,
    0x5047, 0x50F9, 0x52A0, 0x53EF, 0x5475, 0x54E5, 0x5609, 0x5AC1, 0x5BB6, 0x6687, 0x67B6, 0x67B7, 0x67EF, 0x6B4C, 0x73C2, 0x75C2,
    0x7A3C, 0x82DB, 0x8304, 0x8857, 0x8888, 0x8A36, 0x8CC8, 0x8DCF, 0x8EFB, 0x8FE6, 0x99D5, 0x523B, 0x5374, 0x5404, 0x606A, 0x6164,
    0x6BBC, 0x73CF, 0x811A, 0x89BA, 0x89D2, 0x95A3, 0x4F83, 0x520A, 0x58BE, 0x5978, 0x59E6, 0x5E72, 0x5E79, 0x61C7, 0x63C0, 0x6746,
    0x67EC, 0x687F, 0x6F97, 0x764E, 0x770B, 0x78F5, 0x7A08, 0x7AFF, 0x7C21, 0x809D, 0x826E, 0x8271, 0x8AEB, 0x9593, 0x4E6B, 0x559D,
    0x66F7, 0x6E34, 0x78A3, 0x7AED, 0x845B, 0x8910, 0x874E, 0x97A8, 0x52D8, 0x574E, 0x582A, 0x5D4C, 0x611F, 0x61BE, 0x6221, 0x6562,
    0x67D1, 0x6A44, 0x6E1B, 0x7518, 0x75B3, 0x76E3, 0x77B0, 0x7D3A, 0x90AF, 0x9451, 0x9452, 0x9F95, 0x0000, 0x0000, 0x0000, 0x0000,
    0x0000, 0x0000, 0x0000, 0x0000, 0x0000, 0x0000, 0x0000, 0x0000, 0x0000, 0x0000, 0x0000, 0x0000, 0x0000, 0x0000, 0x0000, 0x0000,
    0x0000, 0x0000, 0x0000, 0x0000, 0x0000, 0x0000, 0x0000, 0x0000, 0x0000, 0x0000, 0x0000, 0x0000, 0x0000, 0x0000, 0x0000, 0x0000,
    0x0000, 0x0000, 0x0000, 0x0000, 0x0000, 0x0000, 0x0000, 0x0000, 0x0000, 0x0000, 0x0000, 0x0000, 0x0000, 0x0000, 0x0000, 0x0000,
    0x0000, 0x0000, 0x0000, 0x0000, 0x0000, 0x0000, 0x0000, 0x0000, 0x0000, 0x0000, 0x0000, 0x0000, 0x0000, 0x0000, 0x0000, 0x0000,
    0x0000, 0x0000, 0x0000, 0x0000, 0x0000, 0x0000, 0x0000, 0x0000, 0x0000, 0x0000, 0x0000, 0x0000, 0x0000, 0x0000, 0x0000, 0x0000,
    0x0000, 0x0000, 0x0000, 0x0000, 0x0000, 0x0000, 0x0000, 0x0000, 0x0000, 0x0000, 0x0000, 0x0000, 0x5323, 0x5CAC, 0x7532, 0x80DB,
    0x9240, 0x9598, 0x525B, 0x5808, 0x59DC, 0x5CA1, 0x5D17, 0x5EB7, 0x5F3A, 0x5F4A, 0x6177, 0x6C5F, 0x757A, 0x7586, 0x7CE0, 0x7D73,
    0x7DB1, 0x7F8C, 0x8154, 0x8221, 0x8591, 0x8941, 0x8B1B, 0x92FC, 0x964D, 0x9C47, 0x4ECB, 0x4EF7, 0x500B, 0x51F1, 0x584F, 0x6137,
    0x613E, 0x6168, 0x6539, 0x69EA, 0x6F11, 0x75A5, 0x7686, 0x76D6, 0x7B87, 0x82A5, 0x84CB, 0xF900, 0x93A7, 0x958B, 0x5580, 0x5BA2,
    0x5751, 0xF901, 0x7CB3, 0x7FB9, 0x91B5, 0x5028, 0x53BB, 0x5C45, 0x5DE8, 0x62D2, 0x636E, 0x64DA, 0x64E7, 0x6E20, 0x70AC, 0x795B,
    0x8DDD, 0x8E1E, 0xF902, 0x907D, 0x9245, 0x92F8, 0x4E7E, 0x4EF6, 0x5065, 0x5DFE, 0x5EFA, 0x6106, 0x6957, 0x8171, 0x8654, 0x8E47,
    0x9375, 0x9A2B, 0x4E5E, 0x5091, 0x6770, 0x6840, 0x5109, 0x528D, 0x5292, 0x6AA2, 0x0000, 0x0000, 0x0000, 0x0000, 0x0000, 0x0000,
    0x0000, 0x0000, 0x0000, 0x0000, 0x0000, 0x0000, 0x0000, 0x0000, 0x0000, 0x0000, 0x0000, 0x0000, 0x0000, 0x0000, 0x0000, 0x0000,
    0x0000, 0x0000, 0x0000, 0x0000, 0x0000, 0x0000, 0x0000, 0x0000, 0x0000, 0x0000, 0x0000, 0x0000, 0x0000, 0x0000, 0x0000, 0x0000,
    0x0000, 0x0000, 0x0000, 0x0000, 0x0000, 0x0000, 0x0000, 0x0000, 0x0000, 0x0000, 0x0000, 0x0000, 0x0000, 0x0000, 0x0000, 0x0000,
    0x0000, 0x0000, 0x0000, 0x0000, 0x0000, 0x0000, 0x0000, 0x0000, 0x0000, 0x0000, 0x0000, 0x0000, 0x0000, 0x0000, 0x0000, 0x0000,
    0x0000, 0x0000, 0x0000, 0x0000, 0x0000, 0x0000, 0x0000, 0x0000, 0x0000, 0x0000, 0x0000, 0x0000, 0x0000, 0x0000, 0x0000, 0x0000,
    0x0000, 0x0000, 0x0000, 0x0000, 0x0000, 0x0000, 0x0000, 0x0000, 0x0000, 0x0000, 0x77BC, 0x9210, 0x9ED4, 0x52AB, 0x602F, 0x8FF2,
    0x5048, 0x61A9, 0x63ED, 0x64CA, 0x683C, 0x6A84, 0x6FC0, 0x8188, 0x89A1, 0x9694, 0x5805, 0x727D, 0x72AC, 0x7504, 0x7D79, 0x7E6D,
    0x80A9, 0x898B, 0x8B74, 0x9063, 0x9D51, 0x6289, 0x6C7A, 0x6F54, 0x7D50, 0x7F3A, 0x8A23, 0x517C, 0x614A, 0x7B9D, 0x8B19, 0x9257,
    0x938C, 0x4EAC, 0x4FD3, 0x501E, 0x50BE, 0x5106, 0x52C1, 0x52CD, 0x537F, 0x5770, 0x5883, 0x5E9A, 0x5F91, 0x6176, 0x61AC, 0x64CE,
    0x656C, 0x666F, 0x66BB, 0x66F4, 0x6897, 0x6D87, 0x7085, 0x70F1, 0x749F, 0x74A5, 0x74CA, 0x75D9, 0x786C, 0x78EC, 0x7ADF, 0x7AF6,
    0x7D45, 0x7D93, 0x8015, 0x803F, 0x811B, 0x8396, 0x8B66, 0x8F15, 0x9015, 0x93E1, 0x9803, 0x9838, 0x9A5A, 0x9BE8, 0x4FC2, 0x5553,
    0x583A, 0x5951, 0x5B63, 0x5C46, 0x60B8, 0x6212, 0x6842, 0x68B0, 0x0000, 0x0000, 0x0000, 0x0000, 0x0000, 0x0000, 0x0000, 0x0000,
    0x0000, 0x0000, 0x0000, 0x0000, 0x0000, 0x0000, 0x0000, 0x0000, 0x0000, 0x0000, 0x0000, 0x0000, 0x0000, 0x0000, 0x0000, 0x0000,
    0x0000, 0x0000, 0x0000, 0x0000, 0x0000, 0x0000, 0x0000, 0x0000, 0x0000, 0x0000, 0x0000, 0x0000, 0x0000, 0x0000, 0x0000, 0x0000,
    0x0000, 0x0000, 0x0000, 0x0000, 0x0000, 0x0000, 0x0000, 0x0000, 0x0000, 0x0000, 0x0000, 0x0000, 0x0000, 0x0000, 0x0000, 0x0000,
    0x0000, 0x0000, 0x0000, 0x0000, 0x0000, 0x0000, 0x0000, 0x0000, 0x0000, 0x0000, 0x0000, 0x0000, 0x0000, 0x0000, 0x0000, 0x0000,
    0x0000, 0x0000, 0x0000, 0x0000, 0x0000, 0x0000, 0x0000, 0x0000, 0x0000, 0x0000, 0x0000, 0x0000, 0x0000, 0x0000, 0x0000, 0x0000,
    0x0000, 0x0000, 0x0000, 0x0000, 0x0000, 0x0000, 0x0000, 0x0000, 0x68E8, 0x6EAA, 0x754C, 0x7678, 0x78CE, 0x7A3D, 0x7CFB, 0x7E6B,
    0x7E7C, 0x8A08, 0x8AA1, 0x8C3F, 0x968E, 0x9DC4, 0x53E4, 0x53E9, 0x544A, 0x5471, 0x56FA, 0x59D1, 0x5B64, 0x5C3B, 0x5EAB, 0x62F7,
    0x6537, 0x6545, 0x6572, 0x66A0, 0x67AF, 0x69C1, 0x6CBD, 0x75FC, 0x7690, 0x777E, 0x7A3F, 0x7F94, 0x8003, 0x80A1, 0x818F, 0x82E6,
    0x82FD, 0x83F0, 0x85C1, 0x8831, 0x88B4, 0x8AA5, 0xF903, 0x8F9C, 0x932E, 0x96C7, 0x9867, 0x9AD8, 0x9F13, 0x54ED, 0x659B, 0x66F2,
    0x688F, 0x7A40, 0x8C37, 0x9D60, 0x56F0, 0x5764, 0x5D11, 0x6606, 0x68B1, 0x68CD, 0x6EFE, 0x7428, 0x889E, 0x9BE4, 0x6C68, 0xF904,
    0x9AA8, 0x4F9B, 0x516C, 0x5171, 0x529F, 0x5B54, 0x5DE5, 0x6050, 0x606D, 0x62F1, 0x63A7, 0x653B, 0x73D9, 0x7A7A, 0x86A3, 0x8CA2,
    0x978F, 0x4E32, 0x5BE1, 0x6208, 0x679C, 0x74DC, 0x0000, 0x0000, 0x0000, 0x0000, 0x0000, 0x0000, 0x0000, 0x0000, 0x0000, 0x0000,
    0x0000, 0x0000, 0x0000, 0x0000, 0x0000, 0x0000, 0x0000, 0x0000, 0x0000, 0x0000, 0x0000, 0x0000, 0x0000, 0x0000, 0x0000, 0x0000,
    0x0000, 0x0000, 0x0000, 0x0000, 0x0000, 0x0000, 0x0000, 0x0000, 0x0000, 0x0000, 0x0000, 0x0000, 0x0000, 0x0000, 0x0000, 0x0000,
    0x0000, 0x0000, 0x0000, 0x0000, 0x0000, 0x0000, 0x0000, 0x0000, 0x0000, 0x0000, 0x0000, 0x0000, 0x0000, 0x0000, 0x0000, 0x0000,
    0x0000, 0x0000, 0x0000, 0x0000, 0x0000, 0x0000, 0x0000, 0x0000, 0x0000, 0x0000, 0x0000, 0x0000, 0x0000, 0x0000, 0x0000, 0x0000,
    0x0000, 0x0000, 0x0000, 0x0000, 0x0000, 0x0000, 0x0000, 0x0000, 0x0000, 0x0000, 0x0000, 0x0000, 0x0000, 0x0000, 0x0000, 0x0000,
    0x0000, 0x0000, 0x0000, 0x0000, 0x0000, 0x0000, 0x79D1, 0x83D3, 0x8A87, 0x8AB2, 0x8DE8, 0x904E, 0x934B, 0x9846, 0x5ED3, 0x69E8,
    0x85FF, 0x90ED, 0xF905, 0x51A0, 0x5B98, 0x5BEC, 0x6163, 0x68FA, 0x6B3E, 0x704C, 0x742F, 0x74D8, 0x7BA1, 0x7F50, 0x83C5, 0x89C0,
    0x8CAB, 0x95DC, 0x9928, 0x522E, 0x605D, 0x62EC, 0x9002, 0x4F8A, 0x5149, 0x5321, 0x58D9, 0x5EE3, 0x66E0, 0x6D38, 0x709A, 0x72C2,
    0x73D6, 0x7B50, 0x80F1, 0x945B, 0x5366, 0x639B, 0x7F6B, 0x4E56, 0x5080, 0x584A, 0x58DE, 0x602A, 0x6127, 0x62D0, 0x69D0, 0x9B41,
    0x5B8F, 0x7D18, 0x80B1, 0x8F5F, 0x4EA4, 0x50D1, 0x54AC, 0x55AC, 0x5B0C, 0x5DA0, 0x5DE7, 0x652A, 0x654E, 0x6821, 0x6A4B, 0x72E1,
    0x768E, 0x77EF, 0x7D5E, 0x7FF9, 0x81A0, 0x854E, 0x86DF, 0x8F03, 0x8F4E, 0x90CA, 0x9903, 0x9A55, 0x9BAB, 0x4E18, 0x4E45, 0x4E5D,
    0x4EC7, 0x4FF1, 0x5177, 0x52FE, 0x0000, 0x0000, 0x0000, 0x0000, 0x0000, 0x0000, 0x0000, 0x0000, 0x0000, 0x0000, 0x0000, 0x0000,
    0x0000, 0x0000, 0x0000, 0x0000, 0x0000, 0x0000, 0x0000, 0x0000, 0x0000, 0x0000, 0x0000, 0x0000, 0x0000, 0x0000, 0x0000, 0x0000,
    0x0000, 0x0000, 0x0000, 0x0000, 0x0000, 0x0000, 0x0000, 0x0000, 0x0000, 0x0000, 0x0000, 0x0000, 0x0000, 0x0000, 0x0000, 0x0000,
    0x0000, 0x0000, 0x0000, 0x0000, 0x0000, 0x0000, 0x0000, 0x0000, 0x0000, 0x0000, 0x0000, 0x0000, 0x0000, 0x0000, 0x0000, 0x0000,
    0x0000, 0x0000, 0x0000, 0x0000, 0x0000, 0x0000, 0x0000, 0x0000, 0x0000, 0x0000, 0x0000, 0x0000, 0x0000, 0x0000, 0x0000, 0x0000,
    0x0000, 0x0000, 0x0000, 0x0000, 0x0000, 0x0000, 0x0000, 0x0000, 0x0000, 0x0000, 0x0000, 0x0000, 0x0000, 0x0000, 0x0000, 0x0000,
    0x0000, 0x0000, 0x0000, 0x0000, 0x5340, 0x53E3, 0x53E5, 0x548E, 0x5614, 0x5775, 0x57A2, 0x5BC7, 0x5D87, 0x5ED0, 0x61FC, 0x62D8,
    0x6551, 0x67B8, 0x67E9, 0x69CB, 0x6B50, 0x6BC6, 0x6BEC, 0x6C42, 0x6E9D, 0x7078, 0x72D7, 0x7396, 0x7403, 0x77BF, 0x77E9, 0x7A76,
    0x7D7F, 0x8009, 0x81FC, 0x8205, 0x820A, 0x82DF, 0x8862, 0x8B33, 0x8CFC, 0x8EC0, 0x9011, 0x90B1, 0x9264, 0x92B6, 0x99D2, 0x9A45,
    0x9CE9, 0x9DD7, 0x9F9C, 0x570B, 0x5C40, 0x83CA, 0x97A0, 0x97AB, 0x9EB4, 0x541B, 0x7A98, 0x7FA4, 0x88D9, 0x8ECD, 0x90E1, 0x5800,
    0x5C48, 0x6398, 0x7A9F, 0x5BAE, 0x5F13, 0x7A79, 0x7AAE, 0x828E, 0x8EAC, 0x5026, 0x5238, 0x52F8, 0x5377, 0x5708, 0x62F3, 0x6372,
    0x6B0A, 0x6DC3, 0x7737, 0x53A5, 0x7357, 0x8568, 0x8E76, 0x95D5, 0x673A, 0x6AC3, 0x6F70, 0x8A6D, 0x8ECC, 0x994B, 0xF906, 0x6677,
    0x6B78, 0x8CB4, 0x0000, 0x0000, 0x0000, 0x0000, 0x0000, 0x0000, 0x0000, 0x0000, 0x0000, 0x0000, 0x0000, 0x0000, 0x0000, 0x0000,
    0x0000, 0x0000, 0x0000, 0x0000, 0x0000, 0x0000, 0x0000, 0x0000, 0x0000, 0x0000, 0x0000, 0x0000, 0x0000, 0x0000, 0x0000, 0x0000,
    0x0000, 0x0000, 0x0000, 0x0000, 0x0000, 0x0000, 0x0000, 0x0000, 0x0000, 0x0000, 0x0000, 0x0000, 0x0000, 0x0000, 0x0000, 0x0000,
    0x0000, 0x0000, 0x0000, 0x0000, 0x0000, 0x0000, 0x0000, 0x0000, 0x0000, 0x0000, 0x0000, 0x0000, 0x0000, 0x0000, 0x0000, 0x0000,
    0x0000, 0x0000, 0x0000, 0x0000, 0x0000, 0x0000, 0x0000, 0x0000, 0x0000, 0x0000, 0x0000, 0x0000, 0x0000, 0x0000, 0x0000, 0x0000,
    0x0000, 0x0000, 0x0000, 0x0000, 0x0000, 0x0000, 0x0000, 0x0000, 0x0000, 0x0000, 0x0000, 0x0000, 0x0000, 0x0000, 0x0000, 0x0000,
    0x0000, 0x0000, 0x9B3C, 0xF907, 0x53EB, 0x572D, 0x594E, 0x63C6, 0x69FB, 0x73EA, 0x7845, 0x7ABA, 0x7AC5, 0x7CFE, 0x8475, 0x898F,
    0x8D73, 0x9035, 0x95A8, 0x52FB, 0x5747, 0x7547, 0x7B60, 0x83CC, 0x921E, 0xF908, 0x6A58, 0x514B, 0x524B, 0x5287, 0x621F, 0x68D8,
    0x6975, 0x9699, 0x50C5, 0x52A4, 0x52E4, 0x61C3, 0x65A4, 0x6839, 0x69FF, 0x747E, 0x7B4B, 0x82B9, 0x83EB, 0x89B2, 0x8B39, 0x8FD1,
    0x9949, 0xF909, 0x4ECA, 0x5997, 0x64D2, 0x6611, 0x6A8E, 0x7434, 0x7981, 0x79BD, 0x82A9, 0x887E, 0x887F, 0x895F, 0xF90A, 0x9326,
    0x4F0B, 0x53CA, 0x6025, 0x6271, 0x6C72, 0x7D1A, 0x7D66, 0x4E98, 0x5162, 0x77DC, 0x80AF, 0x4F01, 0x4F0E, 0x5176, 0x5180, 0x55DC,
    0x5668, 0x573B, 0x57FA, 0x57FC, 0x5914, 0x5947, 0x5993, 0x5BC4, 0x5C90, 0x5D0E, 0x5DF1, 0x5E7E, 0x5FCC, 0x6280, 0x65D7, 0x65E3,
    0x0000, 0x0000, 0x0000, 0x0000, 0x0000, 0x0000, 0x0000, 0x0000, 0x0000, 0x0000, 0x0000, 0x0000, 0x0000, 0x0000, 0x0000, 0x0000,
    0x0000, 0x0000, 0x0000, 0x0000, 0x0000, 0x0000, 0x0000, 0x0000, 0x0000, 0x0000, 0x0000, 0x0000, 0x0000, 0x0000, 0x0000, 0x0000,
    0x0000, 0x0000, 0x0000, 0x0000, 0x0000, 0x0000, 0x0000, 0x0000, 0x0000, 0x0000, 0x0000, 0x0000, 0x0000, 0x0000, 0x0000, 0x0000,
    0x0000, 0x0000, 0x0000, 0x0000, 0x0000, 0x0000, 0x0000, 0x0000, 0x0000, 0x0000, 0x0000, 0x0000, 0x0000, 0x0000, 0x0000, 0x0000,
    0x0000, 0x0000, 0x0000, 0x0000, 0x0000, 0x0000, 0x0000, 0x0000, 0x0000, 0x0000, 0x0000, 0x0000, 0x0000, 0x0000, 0x0000, 0x0000,
    0x0000, 0x0000, 0x0000, 0x0000, 0x0000, 0x0000, 0x0000, 0x0000, 0x0000, 0x0000, 0x0000, 0x0000, 0x0000, 0x0000, 0x0000, 0x0000,
    0x671E, 0x671F, 0x675E, 0x68CB, 0x68C4, 0x6A5F, 0x6B3A, 0x6C23, 0x6C7D, 0x6C82, 0x6DC7, 0x7398, 0x7426, 0x742A, 0x7482, 0x74A3,
    0x7578, 0x757F, 0x7881, 0x78EF, 0x7941, 0x7947, 0x7948, 0x797A, 0x7B95, 0x7D00, 0x7DBA, 0x7F88, 0x8006, 0x802D, 0x808C, 0x8A18,
    0x8B4F, 0x8C48, 0x8D77, 0x9321, 0x9324, 0x98E2, 0x9951, 0x9A0E, 0x9A0F, 0x9A65, 0x9E92, 0x7DCA, 0x4F76, 0x5409, 0x62EE, 0x6854,
    0x91D1, 0x55AB, 0x513A, 0xF90B, 0xF90C, 0x5A1C, 0x61E6, 0xF90D, 0x62CF, 0x62FF, 0xF90E, 0xF90F, 0xF910, 0xF911, 0xF912, 0xF913,
    0x90A3, 0xF914, 0xF915, 0xF916, 0xF917, 0xF918, 0x8AFE, 0xF919, 0xF91A, 0xF91B, 0xF91C, 0x6696, 0xF91D, 0x7156, 0xF91E, 0xF91F,
    0x96E3, 0xF920, 0x634F, 0x637A, 0x5357, 0xF921, 0x678F, 0x6960, 0x6E73, 0xF922, 0x7537, 0xF923, 0xF924, 0xF925, 0x0000, 0x0000,
    0x0000, 0x0000, 0x0000, 0x0000, 0x0000, 0x0000, 0x0000, 0x0000, 0x0000, 0x0000, 0x0000, 0x0000, 0x0000, 0x0000, 0x0000, 0x0000,
    0x0000, 0x0000, 0x0000, 0x0000, 0x0000, 0x0000, 0x0000, 0x0000, 0x0000, 0x0000, 0x0000, 0x0000, 0x0000, 0x0000, 0x0000, 0x0000,
    0x0000, 0x0000, 0x0000, 0x0000, 0x0000, 0x0000, 0x0000, 0x0000, 0x0000, 0x0000, 0x0000, 0x0000, 0x0000, 0x0000, 0x0000, 0x0000,
    0x0000, 0x0000, 0x0000, 0x0000, 0x0000, 0x0000, 0x0000, 0x0000, 0x0000, 0x0000, 0x0000, 0x0000, 0x0000, 0x0000, 0x0000, 0x0000,
    0x0000, 0x0000, 0x0000, 0x0000, 0x0000, 0x0000, 0x0000, 0x0000, 0x0000, 0x0000, 0x0000, 0x0000, 0x0000, 0x0000, 0x0000, 0x0000,
    0x0000, 0x0000, 0x0000, 0x0000, 0x0000, 0x0000, 0x0000, 0x0000, 0x0000, 0x0000, 0x0000, 0x0000, 0x0000, 0x0000, 0x7D0D, 0xF926,
    0xF927, 0x8872, 0x56CA, 0x5A18, 0xF928, 0xF929, 0xF92A, 0xF92B, 0xF92C, 0x4E43, 0xF92D, 0x5167, 0x5948, 0x67F0, 0x8010, 0xF92E,
    0x5973, 0x5E74, 0x649A, 0x79CA, 0x5FF5, 0x606C, 0x62C8, 0x637B, 0x5BE7, 0x5BD7, 0x52AA, 0xF92F, 0x5974, 0x5F29, 0x6012, 0xF930,
    0xF931, 0xF932, 0x7459, 0xF933, 0xF934, 0xF935, 0xF936, 0xF937, 0xF938, 0x99D1, 0xF939, 0xF93A, 0xF93B, 0xF93C, 0xF93D, 0xF93E,
    0xF93F, 0xF940, 0xF941, 0xF942, 0xF943, 0x6FC3, 0xF944, 0xF945, 0x81BF, 0x8FB2, 0x60F1, 0xF946, 0xF947, 0x8166, 0xF948, 0xF949,
    0x5C3F, 0xF94A, 0xF94B, 0xF94C, 0xF94D, 0xF94E, 0xF94F, 0xF950, 0xF951, 0x5AE9, 0x8A25, 0x677B, 0x7D10, 0xF952, 0xF953, 0xF954,
    0xF955, 0xF956, 0xF957, 0x80FD, 0xF958, 0xF959, 0x5C3C, 0x6CE5, 0x533F, 0x6EBA, 0x591A, 0x8336, 0x0000, 0x0000, 0x0000, 0x0000,
    0x0000, 0x0000, 0x0000, 0x0000, 0x0000, 0x0000, 0x0000, 0x0000, 0x0000, 0x0000, 0x0000, 0x0000, 0x0000, 0x0000, 0x0000, 0x0000,
    0x0000, 0x0000, 0x0000, 0x0000, 0x0000, 0x0000, 0x0000, 0x0000, 0x0000, 0x0000, 0x0000, 0x0000, 0x0000, 0x0000, 0x0000, 0x0000,
    0x0000, 0x0000, 0x0000, 0x0000, 0x0000, 0x0000, 0x0000, 0x0000, 0x0000, 0x0000, 0x0000, 0x0000, 0x0000, 0x0000, 0x0000, 0x0000,
    0x0000, 0x0000, 0x0000, 0x0000, 0x0000, 0x0000, 0x0000, 0x0000, 0x0000, 0x0000, 0x0000, 0x0000, 0x0000, 0x0000, 0x0000, 0x0000,
    0x0000, 0x0000, 0x0000, 0x0000, 0x0000, 0x0000, 0x0000, 0x0000, 0x0000, 0x0000, 0x0000, 0x0000, 0x0000, 0x0000, 0x0000, 0x0000,
    0x0000, 0x0000, 0x0000, 0x0000, 0x0000, 0x0000, 0x0000, 0x0000, 0x0000, 0x0000, 0x0000, 0x0000, 0x4E39, 0x4EB6, 0x4F46, 0x55AE,
    0x5718, 0x58C7, 0x5F56, 0x65B7, 0x65E6, 0x6A80, 0x6BB5, 0x6E4D, 0x77ED, 0x7AEF, 0x7C1E, 0x7DDE, 0x86CB, 0x8892, 0x9132, 0x935B,
    0x64BB, 0x6FBE, 0x737A, 0x75B8, 0x9054, 0x5556, 0x574D, 0x61BA, 0x64D4, 0x66C7, 0x6DE1, 0x6E5B, 0x6F6D, 0x6FB9, 0x75F0, 0x8043,
    0x81BD, 0x8541, 0x8983, 0x8AC7, 0x8B5A, 0x931F, 0x6C93, 0x7553, 0x7B54, 0x8E0F, 0x905D, 0x5510, 0x5802, 0x5858, 0x5E62, 0x6207,
    0x649E, 0x68E0, 0x7576, 0x7CD6, 0x87B3, 0x9EE8, 0x4EE3, 0x5788, 0x576E, 0x5927, 0x5C0D, 0x5CB1, 0x5E36, 0x5F85, 0x6234, 0x64E1,
    0x73B3, 0x81FA, 0x888B, 0x8CB8, 0x968A, 0x9EDB, 0x5B85, 0x5FB7, 0x60B3, 0x5012, 0x5200, 0x5230, 0x5716, 0x5835, 0x5857, 0x5C0E,
    0x5C60, 0x5CF6, 0x5D8B, 0x5EA6, 0x5F92, 0x60BC, 0x6311, 0x6389, 0x6417, 0x6843, 0x0000, 0x0000, 0x0000, 0x0000, 0x0000, 0x0000,
    0x0000, 0x0000, 0x0000, 0x0000, 0x0000, 0x0000, 0x0000, 0x0000, 0x0000, 0x0000, 0x0000, 0x0000, 0x0000, 0x0000, 0x0000, 0x0000,
    0x0000, 0x0000, 0x0000, 0x0000, 0x0000, 0x0000, 0x0000, 0x0000, 0x0000, 0x0000, 0x0000, 0x0000, 0x0000, 0x0000, 0x0000, 0x0000,
    0x0000, 0x0000, 0x0000, 0x0000, 0x0000, 0x0000, 0x0000, 0x0000, 0x0000, 0x0000, 0x0000, 0x0000, 0x0000, 0x0000, 0x0000, 0x0000,
    0x0000, 0x0000, 0x0000, 0x0000, 0x0000, 0x0000, 0x0000, 0x0000, 0x0000, 0x0000, 0x0000, 0x0000, 0x0000, 0x0000, 0x0000, 0x0000,
    0x0000, 0x0000, 0x0000, 0x0000, 0x0000, 0x0000, 0x0000, 0x0000, 0x0000, 0x0000, 0x0000, 0x0000, 0x0000, 0x0000, 0x0000, 0x0000,
    0x0000, 0x0000, 0x0000, 0x0000, 0x0000, 0x0000, 0x0000, 0x0000, 0x0000, 0x0000, 0x68F9, 0x6AC2, 0x6DD8, 0x6E21, 0x6ED4, 0x6FE4,
    0x71FE, 0x76DC, 0x7779, 0x79B1, 0x7A3B, 0x8404, 0x89A9, 0x8CED, 0x8DF3, 0x8E48, 0x9003, 0x9014, 0x9053, 0x90FD, 0x934D, 0x9676,
    0x97DC, 0x6BD2, 0x7006, 0x7258, 0x72A2, 0x7368, 0x7763, 0x79BF, 0x7BE4, 0x7E9B, 0x8B80, 0x58A9, 0x60C7, 0x6566, 0x65FD, 0x66BE,
    0x6C8C, 0x711E, 0x71C9, 0x8C5A, 0x9813, 0x4E6D, 0x7A81, 0x4EDD, 0x51AC, 0x51CD, 0x52D5, 0x540C, 0x61A7, 0x6771, 0x6850, 0x68DF,
    0x6D1E, 0x6F7C, 0x75BC, 0x77B3, 0x7AE5, 0x80F4, 0x8463, 0x9285, 0x515C, 0x6597, 0x675C, 0x6793, 0x75D8, 0x7AC7, 0x8373, 0xF95A,
    0x8C46, 0x9017, 0x982D, 0x5C6F, 0x81C0, 0x829A, 0x9041, 0x906F, 0x920D, 0x5F97, 0x5D9D, 0x6A59, 0x71C8, 0x767B, 0x7B49, 0x85E4,
    0x8B04, 0x9127, 0x9A30, 0x5587, 0x61F6, 0xF95B, 0x7669, 0x7F85, 0x0000, 0x0000, 0x0000, 0x0000, 0x0000, 0x0000, 0x0000, 0x0000,
    0x0000, 0x0000, 0x0000, 0x0000, 0x0000, 0x0000, 0x0000, 0x0000, 0x0000, 0x0000, 0x0000, 0x0000, 0x0000, 0x0000, 0x0000, 0x0000,
    0x0000, 0x0000, 0x0000, 0x0000, 0x0000, 0x0000, 0x0000, 0x0000, 0x0000, 0x0000, 0x0000, 0x0000, 0x0000, 0x0000, 0x0000, 0x0000,
    0x0000, 0x0000, 0x0000, 0x0000, 0x0000, 0x0000, 0x0000, 0x0000, 0x0000, 0x0000, 0x0000, 0x0000, 0x0000, 0x0000, 0x0000, 0x0000,
    0x0000, 0x0000, 0x0000, 0x0000, 0x0000, 0x0000, 0x0000, 0x0000, 0x0000, 0x0000, 0x0000, 0x0000, 0x0000, 0x0000, 0x0000, 0x0000,
    0x0000, 0x0000, 0x0000, 0x0000, 0x0000, 0x0000, 0x0000, 0x0000, 0x0000, 0x0000, 0x0000, 0x0000, 0x0000, 0x0000, 0x0000, 0x0000,
    0x0000, 0x0000, 0x0000, 0x0000, 0x0000, 0x0000, 0x0000, 0x0000, 0x863F, 0x87BA, 0x88F8, 0x908F, 0xF95C, 0x6D1B, 0x70D9, 0x73DE,
    0x7D61, 0x843D, 0xF95D, 0x916A, 0x99F1, 0xF95E, 0x4E82, 0x5375, 0x6B04, 0x6B12, 0x703E, 0x721B, 0x862D, 0x9E1E, 0x524C, 0x8FA3,
    0x5D50, 0x64E5, 0x652C, 0x6B16, 0x6FEB, 0x7C43, 0x7E9C, 0x85CD, 0x8964, 0x89BD, 0x62C9, 0x81D8, 0x881F, 0x5ECA, 0x6717, 0x6D6A,
    0x72FC, 0x7405, 0x746F, 0x8782, 0x90DE, 0x4F86, 0x5D0D, 0x5FA0, 0x840A, 0x51B7, 0x63A0, 0x7565, 0x4EAE, 0x5006, 0x5169, 0x51C9,
    0x6881, 0x6A11, 0x7CAE, 0x7CB1, 0x7CE7, 0x826F, 0x8AD2, 0x8F1B, 0x91CF, 0x4FB6, 0x5137, 0x52F5, 0x5442, 0x5EEC, 0x616E, 0x623E,
    0x65C5, 0x6ADA, 0x6FFE, 0x792A, 0x85DC, 0x8823, 0x95AD, 0x9A62, 0x9A6A, 0x9E97, 0x9ECE, 0x529B, 0x66C6, 0x6B77, 0x701D, 0x792B,
    0x8F62, 0x9742, 0x6190, 0x6200, 0x6523, 0x6F23, 0x0000, 0x0000, 0x0000, 0x0000, 0x0000, 0x0000, 0x0000, 0x0000, 0x0000, 0x0000,
    0x0000, 0x0000, 0x0000, 0x0000, 0x0000, 0x0000, 0x0000, 0x0000, 0x0000, 0x0000, 0x0000, 0x0000, 0x0000, 0x0000, 0x0000, 0x0000,
    0x0000, 0x0000, 0x0000, 0x0000, 0x0000, 0x0000, 0x0000, 0x0000, 0x0000, 0x0000, 0x0000, 0x0000, 0x0000, 0x0000, 0x0000, 0x0000,
    0x0000, 0x0000, 0x0000, 0x0000, 0x0000, 0x0000, 0x0000, 0x0000, 0x0000, 0x0000, 0x0000, 0x0000, 0x0000, 0x0000, 0x0000, 0x0000,
    0x0000, 0x0000, 0x0000, 0x0000, 0x0000, 0x0000, 0x0000, 0x0000, 0x0000, 0x0000, 0x0000, 0x0000, 0x0000, 0x0000, 0x0000, 0x0000,
    0x0000, 0x0000, 0x0000, 0x0000, 0x0000, 0x0000, 0x0000, 0x0000, 0x0000, 0x0000, 0x0000, 0x0000, 0x0000, 0x0000, 0x0000, 0x0000,
    0x0000, 0x0000, 0x0000, 0x0000, 0x0000, 0x0000, 0x7149, 0x7489, 0x7DF4, 0x806F, 0x84EE, 0x8F26, 0x9023, 0x934A, 0x51BD, 0x5217,
    0x52A3, 0x6D0C, 0x70C8, 0x88C2, 0x5EC9, 0x6582, 0x6BAE, 0x6FC2, 0x7C3E, 0x7375, 0x4EE4, 0x4F36, 0x56F9, 0xF95F, 0x5CBA, 0x5DBA,
    0x601C, 0x73B2, 0x7B2D, 0x7F9A, 0x7FCE, 0x8046, 0x901E, 0x9234, 0x96F6, 0x9748, 0x9818, 0x9F61, 0x4F8B, 0x6FA7, 0x79AE, 0x91B4,
    0x96B7, 0x52DE, 0xF960, 0x6488, 0x64C4, 0x6AD3, 0x6F5E, 0x7018, 0x7210, 0x76E7, 0x8001, 0x8606, 0x865C, 0x8DEF, 0x8F05, 0x9732,
    0x9B6F, 0x9DFA, 0x9E75, 0x788C, 0x797F, 0x7DA0, 0x83C9, 0x9304, 0x9E7F, 0x9E93, 0x8AD6, 0x58DF, 0x5F04, 0x6727, 0x7027, 0x74CF,
    0x7C60, 0x807E, 0x5121, 0x7028, 0x7262, 0x78CA, 0x8CC2, 0x8CDA, 0x8CF4, 0x96F7, 0x4E86, 0x50DA, 0x5BEE, 0x5ED6, 0x6599, 0x71CE,
    0x7642, 0x77AD, 0x804A, 0x84FC, 0x0000, 0x0000, 0x0000, 0x0000, 0x0000, 0x0000, 0x0000, 0x0000, 0x0000, 0x0000, 0x0000, 0x0000,
    0x0000, 0x0000, 0x0000, 0x0000, 0x0000, 0x0000, 0x0000, 0x0000, 0x0000, 0x0000, 0x0000, 0x0000, 0x0000, 0x0000, 0x0000, 0x0000,
    0x0000, 0x0000, 0x0000, 0x0000, 0x0000, 0x0000, 0x0000, 0x0000, 0x0000, 0x0000, 0x0000, 0x0000, 0x0000, 0x0000, 0x0000, 0x0000,
    0x0000, 0x0000, 0x0000, 0x0000, 0x0000, 0x0000, 0x0000, 0x0000, 0x0000, 0x0000, 0x0000, 0x0000, 0x0000, 0x0000, 0x0000, 0x0000,
    0x0000, 0x0000, 0x0000, 0x0000, 0x0000, 0x0000, 0x0000, 0x0000, 0x0000, 0x0000, 0x0000, 0x0000, 0x0000, 0x0000, 0x0000, 0x0000,
    0x0000, 0x0000, 0x0000, 0x0000, 0x0000, 0x0000, 0x0000, 0x0000, 0x0000, 0x0000, 0x0000, 0x0000, 0x0000, 0x0000, 0x0000, 0x0000,
    0x0000, 0x0000, 0x0000, 0x0000, 0x907C, 0x9B27, 0x9F8D, 0x58D8, 0x5A41, 0x5C62, 0x6A13, 0x6DDA, 0x6F0F, 0x763B, 0x7D2F, 0x7E37,
    0x851E, 0x8938, 0x93E4, 0x964B, 0x5289, 0x65D2, 0x67F3, 0x69B4, 0x6D41, 0x6E9C, 0x700F, 0x7409, 0x7460, 0x7559, 0x7624, 0x786B,
    0x8B2C, 0x985E, 0x516D, 0x622E, 0x9678, 0x4F96, 0x502B, 0x5D19, 0x6DEA, 0x7DB8, 0x8F2A, 0x5F8B, 0x6144, 0x6817, 0xF961, 0x9686,
    0x52D2, 0x808B, 0x51DC, 0x51CC, 0x695E, 0x7A1C, 0x7DBE, 0x83F1, 0x9675, 0x4FDA, 0x5229, 0x5398, 0x540F, 0x550E, 0x5C65, 0x60A7,
    0x674E, 0x68A8, 0x6D6C, 0x7281, 0x72F8, 0x7406, 0x7483, 0xF962, 0x75E2, 0x7C6C, 0x7F79, 0x7FB8, 0x8389, 0x88CF, 0x88E1, 0x91CC,
    0x91D0, 0x96E2, 0x9BC9, 0x541D, 0x6F7E, 0x71D0, 0x7498, 0x85FA, 0x8EAA, 0x96A3, 0x9C57, 0x9E9F, 0x6797, 0x6DCB, 0x7433, 0x81E8,
    0x9716, 0x782C, 0x0000, 0x0000, 0x0000, 0x0000, 0x0000, 0x0000, 0x0000, 0x0000, 0x0000, 0x0000, 0x0000, 0x0000, 0x0000, 0x0000,
    0x0000, 0x0000, 0x0000, 0x0000, 0x0000, 0x0000, 0x0000, 0x0000, 0x0000, 0x0000, 0x0000, 0x0000, 0x0000, 0x0000, 0x0000, 0x0000,
    0x0000, 0x0000, 0x0000, 0x0000, 0x0000, 0x0000, 0x0000, 0x0000, 0x0000, 0x0000, 0x0000, 0x0000, 0x0000, 0x0000, 0x0000, 0x0000,
    0x0000, 0x0000, 0x0000, 0x0000, 0x0000, 0x0000, 0x0000, 0x0000, 0x0000, 0x0000, 0x0000, 0x0000, 0x0000, 0x0000, 0x0000, 0x0000,
    0x0000, 0x0000, 0x0000, 0x0000, 0x0000, 0x0000, 0x0000, 0x0000, 0x0000, 0x0000, 0x0000, 0x0000, 0x0000, 0x0000, 0x0000, 0x0000,
    0x0000, 0x0000, 0x0000, 0x0000, 0x0000, 0x0000, 0x0000, 0x0000, 0x0000, 0x0000, 0x0000, 0x0000, 0x0000, 0x0000, 0x0000, 0x0000,
    0x0000, 0x0000, 0x7ACB, 0x7B20, 0x7C92, 0x6469, 0x746A, 0x75F2, 0x78BC, 0x78E8, 0x99AC, 0x9B54, 0x9EBB, 0x5BDE, 0x5E55, 0x6F20,
    0x819C, 0x83AB, 0x9088, 0x4E07, 0x534D, 0x5A29, 0x5DD2, 0x5F4E, 0x6162, 0x633D, 0x6669, 0x66FC, 0x6EFF, 0x6F2B, 0x7063, 0x779E,
    0x842C, 0x8513, 0x883B, 0x8F13, 0x9945, 0x9C3B, 0x551C, 0x62B9, 0x672B, 0x6CAB, 0x8309, 0x896A, 0x977A, 0x4EA1, 0x5984, 0x5FD8,
    0x5FD9, 0x671B, 0x7DB2, 0x7F54, 0x8292, 0x832B, 0x83BD, 0x8F1E, 0x9099, 0x57CB, 0x59B9, 0x5A92, 0x5BD0, 0x6627, 0x679A, 0x6885,
    0x6BCF, 0x7164, 0x7F75, 0x8CB7, 0x8CE3, 0x9081, 0x9B45, 0x8108, 0x8C8A, 0x964C, 0x9A40, 0x9EA5, 0x5B5F, 0x6C13, 0x731B, 0x76F2,
    0x76DF, 0x840C, 0x51AA, 0x8993, 0x514D, 0x5195, 0x52C9, 0x68C9, 0x6C94, 0x7704, 0x7720, 0x7DBF, 0x7DEC, 0x9762, 0x9EB5, 0x6EC5,
    0x0000, 0x0000, 0x0000, 0x0000, 0x0000, 0x0000, 0x0000, 0x0000, 0x0000, 0x0000, 0x0000, 0x0000, 0x0000, 0x0000, 0x0000, 0x0000,
    0x0000, 0x0000, 0x0000, 0x0000, 0x0000, 0x0000, 0x0000, 0x0000, 0x0000, 0x0000, 0x0000, 0x0000, 0x0000, 0x0000, 0x0000, 0x0000,
    0x0000, 0x0000, 0x0000, 0x0000, 0x0000, 0x0000, 0x0000, 0x0000, 0x0000, 0x0000, 0x0000, 0x0000, 0x0000, 0x0000, 0x0000, 0x0000,
    0x0000, 0x0000, 0x0000, 0x0000, 0x0000, 0x0000, 0x0000, 0x0000, 0x0000, 0x0000, 0x0000, 0x0000, 0x0000, 0x0000, 0x0000, 0x0000,
    0x0000, 0x0000, 0x0000, 0x0000, 0x0000, 0x0000, 0x0000, 0x0000, 0x0000, 0x0000, 0x0000, 0x0000, 0x0000, 0x0000, 0x0000, 0x0000,
    0x0000, 0x0000, 0x0000, 0x0000, 0x0000, 0x0000, 0x0000, 0x0000, 0x0000, 0x0000, 0x0000, 0x0000, 0x0000, 0x0000, 0x0000, 0x0000,
    0x8511, 0x51A5, 0x540D, 0x547D, 0x660E, 0x669D, 0x6927, 0x6E9F, 0x76BF, 0x7791, 0x8317, 0x84C2, 0x879F, 0x9169, 0x9298, 0x9CF4,
    0x8882, 0x4FAE, 0x5192, 0x52DF, 0x59C6, 0x5E3D, 0x6155, 0x6478, 0x6479, 0x66AE, 0x67D0, 0x6A21, 0x6BCD, 0x6BDB, 0x725F, 0x7261,
    0x7441, 0x7738, 0x77DB, 0x8017, 0x82BC, 0x8305, 0x8B00, 0x8B28, 0x8C8C, 0x6728, 0x6C90, 0x7267, 0x76EE, 0x7766, 0x7A46, 0x9DA9,
    0x6B7F, 0x6C92, 0x5922, 0x6726, 0x8499, 0x536F, 0x5893, 0x5999, 0x5EDF, 0x63CF, 0x6634, 0x6773, 0x6E3A, 0x732B, 0x7AD7, 0x82D7,
    0x9328, 0x52D9, 0x5DEB, 0x61AE, 0x61CB, 0x620A, 0x62C7, 0x64AB, 0x65E0, 0x6959, 0x6B66, 0x6BCB, 0x7121, 0x73F7, 0x755D, 0x7E46,
    0x821E, 0x8302, 0x856A, 0x8AA3, 0x8CBF, 0x9727, 0x9D61, 0x58A8, 0x9ED8, 0x5011, 0x520E, 0x543B, 0x554F, 0x6587, 0x0000, 0x0000,
    0x0000, 0x0000, 0x0000, 0x0000, 0x0000, 0x0000, 0x0000, 0x0000, 0x0000, 0x0000, 0x0000, 0x0000, 0x0000, 0x0000, 0x0000, 0x0000,
    0x0000, 0x0000, 0x0000, 0x0000, 0x0000, 0x0000, 0x0000, 0x0000, 0x0000, 0x0000, 0x0000, 0x0000, 0x0000, 0x0000, 0x0000, 0x0000,
    0x0000, 0x0000, 0x0000, 0x0000, 0x0000, 0x0000, 0x0000, 0x0000, 0x0000, 0x0000, 0x0000, 0x0000, 0x0000, 0x0000, 0x0000, 0x0000,
    0x0000, 0x0000, 0x0000, 0x0000, 0x0000, 0x0000, 0x0000, 0x0000, 0x0000, 0x0000, 0x0000, 0x0000, 0x0000, 0x0000, 0x0000, 0x0000,
    0x0000, 0x0000, 0x0000, 0x0000, 0x0000, 0x0000, 0x0000, 0x0000, 0x0000, 0x0000, 0x0000, 0x0000, 0x0000, 0x0000, 0x0000, 0x0000,
    0x0000, 0x0000, 0x0000, 0x0000, 0x0000, 0x0000, 0x0000, 0x0000, 0x0000, 0x0000, 0x0000, 0x0000, 0x0000, 0x0000, 0x6C76, 0x7D0A,
    0x7D0B, 0x805E, 0x868A, 0x9580, 0x96EF, 0x52FF, 0x6C95, 0x7269, 0x5473, 0x5A9A, 0x5C3E, 0x5D4B, 0x5F4C, 0x5FAE, 0x672A, 0x68B6,
    0x6963, 0x6E3C, 0x6E44, 0x7709, 0x7C73, 0x7F8E, 0x8587, 0x8B0E, 0x8FF7, 0x9761, 0x9EF4, 0x5CB7, 0x60B6, 0x610D, 0x61AB, 0x654F,
    0x65FB, 0x65FC, 0x6C11, 0x6CEF, 0x739F, 0x73C9, 0x7DE1, 0x9594, 0x5BC6, 0x871C, 0x8B10, 0x525D, 0x535A, 0x62CD, 0x640F, 0x64B2,
    0x6734, 0x6A38, 0x6CCA, 0x73C0, 0x749E, 0x7B94, 0x7C95, 0x7E1B, 0x818A, 0x8236, 0x8584, 0x8FEB, 0x96F9, 0x99C1, 0x4F34, 0x534A,
    0x53CD, 0x53DB, 0x62CC, 0x642C, 0x6500, 0x6591, 0x69C3, 0x6CEE, 0x6F58, 0x73ED, 0x7554, 0x7622, 0x76E4, 0x76FC, 0x78D0, 0x78FB,
    0x792C, 0x7D46, 0x822C, 0x87E0, 0x8FD4, 0x9812, 0x98EF, 0x52C3, 0x62D4, 0x64A5, 0x6E24, 0x6F51, 0x0000, 0x0000, 0x0000, 0x0000,
    0x0000, 0x0000, 0x0000, 0x0000, 0x0000, 0x0000, 0x0000, 0x0000, 0x0000, 0x0000, 0x0000, 0x0000, 0x0000, 0x0000, 0x0000, 0x0000,
    0x0000, 0x0000, 0x0000, 0x0000, 0x0000, 0x0000, 0x0000, 0x0000, 0x0000, 0x0000, 0x0000, 0x0000, 0x0000, 0x0000, 0x0000, 0x0000,
    0x0000, 0x0000, 0x0000, 0x0000, 0x0000, 0x0000, 0x0000, 0x0000, 0x0000, 0x0000, 0x0000, 0x0000, 0x0000, 0x0000, 0x0000, 0x0000,
    0x0000, 0x0000, 0x0000, 0x0000, 0x0000, 0x0000, 0x0000, 0x0000, 0x0000, 0x0000, 0x0000, 0x0000, 0x0000, 0x0000, 0x0000, 0x0000,
    0x0000, 0x0000, 0x0000, 0x0000, 0x0000, 0x0000, 0x0000, 0x0000, 0x0000, 0x0000, 0x0000, 0x0000, 0x0000, 0x0000, 0x0000, 0x0000,
    0x0000, 0x0000, 0x0000, 0x0000, 0x0000, 0x0000, 0x0000, 0x0000, 0x0000, 0x0000, 0x0000, 0x0000, 0x767C, 0x8DCB, 0x91B1, 0x9262,
    0x9AEE, 0x9B43, 0x5023, 0x508D, 0x574A, 0x59A8, 0x5C28, 0x5E47, 0x5F77, 0x623F, 0x653E, 0x65B9, 0x65C1, 0x6609, 0x678B, 0x699C,
    0x6EC2, 0x78C5, 0x7D21, 0x80AA, 0x8180, 0x822B, 0x82B3, 0x84A1, 0x868C, 0x8A2A, 0x8B17, 0x90A6, 0x9632, 0x9F90, 0x500D, 0x4FF3,
    0xF963, 0x57F9, 0x5F98, 0x62DC, 0x6392, 0x676F, 0x6E43, 0x7119, 0x76C3, 0x80CC, 0x80DA, 0x88F4, 0x88F5, 0x8919, 0x8CE0, 0x8F29,
    0x914D, 0x966A, 0x4F2F, 0x4F70, 0x5E1B, 0x67CF, 0x6822, 0x767D, 0x767E, 0x9B44, 0x5E61, 0x6A0A, 0x7169, 0x71D4, 0x756A, 0xF964,
    0x7E41, 0x8543, 0x85E9, 0x98DC, 0x4F10, 0x7B4F, 0x7F70, 0x95A5, 0x51E1, 0x5E06, 0x68B5, 0x6C3E, 0x6C4E, 0x6CDB, 0x72AF, 0x7BC4,
    0x8303, 0x6CD5, 0x743A, 0x50FB, 0x5288, 0x58C1, 0x64D8, 0x6A97, 0x74A7, 0x7656, 0x0000, 0x0000, 0x0000, 0x0000, 0x0000, 0x0000,
    0x0000, 0x0000, 0x0000, 0x0000, 0x0000, 0x0000, 0x0000, 0x0000, 0x0000, 0x0000, 0x0000, 0x0000, 0x0000, 0x0000, 0x0000, 0x0000,
    0x0000, 0x0000, 0x0000, 0x0000, 0x0000, 0x0000, 0x0000, 0x0000, 0x0000, 0x0000, 0x0000, 0x0000, 0x0000, 0x0000, 0x0000, 0x0000,
    0x0000, 0x0000, 0x0000, 0x0000, 0x0000, 0x0000, 0x0000, 0x0000, 0x0000, 0x0000, 0x0000, 0x0000, 0x0000, 0x0000, 0x0000, 0x0000,
    0x0000, 0x0000, 0x0000, 0x0000, 0x0000, 0x0000, 0x0000, 0x0000, 0x0000, 0x0000, 0x0000, 0x0000, 0x0000, 0x0000, 0x0000, 0x0000,
    0x0000, 0x0000, 0x0000, 0x0000, 0x0000, 0x0000, 0x0000, 0x0000, 0x0000, 0x0000, 0x0000, 0x0000, 0x0000, 0x0000, 0x0000, 0x0000,
    0x0000, 0x0000, 0x0000, 0x0000, 0x0000, 0x0000, 0x0000, 0x0000, 0x0000, 0x0000, 0x78A7, 0x8617, 0x95E2, 0x9739, 0xF965, 0x535E,
    0x5F01, 0x8B8A, 0x8FA8, 0x8FAF, 0x908A, 0x5225, 0x77A5, 0x9C49, 0x9F08, 0x4E19, 0x5002, 0x5175, 0x5C5B, 0x5E77, 0x661E, 0x663A,
    0x67C4, 0x68C5, 0x70B3, 0x7501, 0x75C5, 0x79C9, 0x7ADD, 0x8F27, 0x9920, 0x9A08, 0x4FDD, 0x5821, 0x5831, 0x5BF6, 0x666E, 0x6B65,
    0x6D11, 0x6E7A, 0x6F7D, 0x73E4, 0x752B, 0x83E9, 0x88DC, 0x8913, 0x8B5C, 0x8F14, 0x4F0F, 0x50D5, 0x5310, 0x535C, 0x5B93, 0x5FA9,
    0x670D, 0x798F, 0x8179, 0x832F, 0x8514, 0x8907, 0x8986, 0x8F39, 0x8F3B, 0x99A5, 0x9C12, 0x672C, 0x4E76, 0x4FF8, 0x5949, 0x5C01,
    0x5CEF, 0x5CF0, 0x6367, 0x68D2, 0x70FD, 0x71A2, 0x742B, 0x7E2B, 0x84EC, 0x8702, 0x9022, 0x92D2, 0x9CF3, 0x4E0D, 0x4ED8, 0x4FEF,
    0x5085, 0x5256, 0x526F, 0x5426, 0x5490, 0x57E0, 0x592B, 0x5A66, 0x0000, 0x0000, 0x0000, 0x0000, 0x0000, 0x0000, 0x0000, 0x0000,
    0x0000, 0x0000, 0x0000, 0x0000, 0x0000, 0x0000, 0x0000, 0x0000, 0x0000, 0x0000, 0x0000, 0x0000, 0x0000, 0x0000, 0x0000, 0x0000,
    0x0000, 0x0000, 0x0000, 0x0000, 0x0000, 0x0000, 0x0000, 0x0000, 0x0000, 0x0000, 0x0000, 0x0000, 0x0000, 0x0000, 0x0000, 0x0000,
    0x0000, 0x0000, 0x0000, 0x0000, 0x0000, 0x0000, 0x0000, 0x0000, 0x0000, 0x0000, 0x0000, 0x0000, 0x0000, 0x0000, 0x0000, 0x0000,
    0x0000, 0x0000, 0x0000, 0x0000, 0x0000, 0x0000, 0x0000, 0x0000, 0x0000, 0x0000, 0x0000, 0x0000, 0x0000, 0x0000, 0x0000, 0x0000,
    0x0000, 0x0000, 0x0000, 0x0000, 0x0000, 0x0000, 0x0000, 0x0000, 0x0000, 0x0000, 0x0000, 0x0000, 0x0000, 0x0000, 0x0000, 0x0000,
    0x0000, 0x0000, 0x0000, 0x0000, 0x0000, 0x0000, 0x0000, 0x0000, 0x5B5A, 0x5B75, 0x5BCC, 0x5E9C, 0xF966, 0x6276, 0x6577, 0x65A7,
    0x6D6E, 0x6EA5, 0x7236, 0x7B26, 0x7C3F, 0x7F36, 0x8150, 0x8151, 0x819A, 0x8240, 0x8299, 0x83A9, 0x8A03, 0x8CA0, 0x8CE6, 0x8CFB,
    0x8D74, 0x8DBA, 0x90E8, 0x91DC, 0x961C, 0x9644, 0x99D9, 0x9CE7, 0x5317, 0x5206, 0x5429, 0x5674, 0x58B3, 0x5954, 0x596E, 0x5FFF,
    0x61A4, 0x626E, 0x6610, 0x6C7E, 0x711A, 0x76C6, 0x7C89, 0x7CDE, 0x7D1B, 0x82AC, 0x8CC1, 0x96F0, 0xF967, 0x4F5B, 0x5F17, 0x5F7F,
    0x62C2, 0x5D29, 0x670B, 0x68DA, 0x787C, 0x7E43, 0x9D6C, 0x4E15, 0x5099, 0x5315, 0x532A, 0x5351, 0x5983, 0x5A62, 0x5E87, 0x60B2,
    0x618A, 0x6249, 0x6279, 0x6590, 0x6787, 0x69A7, 0x6BD4, 0x6BD6, 0x6BD7, 0x6BD8, 0x6CB8, 0xF968, 0x7435, 0x75FA, 0x7812, 0x7891,
    0x79D5, 0x79D8, 0x7C83, 0x7DCB, 0x7FE1, 0x80A5, 0x0000, 0x0000, 0x0000, 0x0000, 0x0000, 0x0000, 0x0000, 0x0000, 0x0000, 0x0000,
    0x0000, 0x0000, 0x0000, 0x0000, 0x0000, 0x0000, 0x0000, 0x0000, 0x0000, 0x0000, 0x0000, 0x0000, 0x0000, 0x0000, 0x0000, 0x0000,
    0x0000, 0x0000, 0x0000, 0x0000, 0x0000, 0x0000, 0x0000, 0x0000, 0x0000, 0x0000, 0x0000, 0x0000, 0x0000, 0x0000, 0x0000, 0x0000,
    0x0000, 0x0000, 0x0000, 0x0000, 0x0000, 0x0000, 0x0000, 0x0000, 0x0000, 0x0000, 0x0000, 0x0000, 0x0000, 0x0000, 0x0000, 0x0000,
    0x0000, 0x0000, 0x0000, 0x0000, 0x0000, 0x0000, 0x0000, 0x0000, 0x0000, 0x0000, 0x0000, 0x0000, 0x0000, 0x0000, 0x0000, 0x0000,
    0x0000, 0x0000, 0x0000, 0x0000, 0x0000, 0x0000, 0x0000, 0x0000, 0x0000, 0x0000, 0x0000, 0x0000, 0x0000, 0x0000, 0x0000, 0x0000,
    0x0000, 0x0000, 0x0000, 0x0000, 0x0000, 0x0000, 0x813E, 0x81C2, 0x83F2, 0x871A, 0x88E8, 0x8AB9, 0x8B6C, 0x8CBB, 0x9119, 0x975E,
    0x98DB, 0x9F3B, 0x56AC, 0x5B2A, 0x5F6C, 0x658C, 0x6AB3, 0x6BAF, 0x6D5C, 0x6FF1, 0x7015, 0x725D, 0x73AD, 0x8CA7, 0x8CD3, 0x983B,
    0x6191, 0x6C37, 0x8058, 0x9A01, 0x4E4D, 0x4E8B, 0x4E9B, 0x4ED5, 0x4F3A, 0x4F3C, 0x4F7F, 0x4FDF, 0x50FF, 0x53F2, 0x53F8, 0x5506,
    0x55E3, 0x56DB, 0x58EB, 0x5962, 0x5A11, 0x5BEB, 0x5BFA, 0x5C04, 0x5DF3, 0x5E2B, 0x5F99, 0x601D, 0x6368, 0x659C, 0x65AF, 0x67F6,
    0x67FB, 0x68AD, 0x6B7B, 0x6C99, 0x6CD7, 0x6E23, 0x7009, 0x7345, 0x7802, 0x793E, 0x7940, 0x7960, 0x79C1, 0x7BE9, 0x7D17, 0x7D72,
    0x8086, 0x820D, 0x838E, 0x84D1, 0x86C7, 0x88DF, 0x8A50, 0x8A5E, 0x8B1D, 0x8CDC, 0x8D66, 0x8FAD, 0x90AA, 0x98FC, 0x99DF, 0x9E9D,
    0x524A, 0xF969, 0x6714, 0xF96A, 0x0000, 0x0000, 0x0000, 0x0000, 0x0000, 0x0000, 0x0000, 0x0000, 0x0000, 0x0000, 0x0000, 0x0000,
    0x0000, 0x0000, 0x0000, 0x0000, 0x0000, 0x0000, 0x0000, 0x0000, 0x0000, 0x0000, 0x0000, 0x0000, 0x0000, 0x0000, 0x0000, 0x0000,
    0x0000, 0x0000, 0x0000, 0x0000, 0x0000, 0x0000, 0x0000, 0x0000, 0x0000, 0x0000, 0x0000, 0x0000, 0x0000, 0x0000, 0x0000, 0x0000,
    0x0000, 0x0000, 0x0000, 0x0000, 0x0000, 0x0000, 0x0000, 0x0000, 0x0000, 0x0000, 0x0000, 0x0000, 0x0000, 0x0000, 0x0000, 0x0000,
    0x0000, 0x0000, 0x0000, 0x0000, 0x0000, 0x0000, 0x0000, 0x0000, 0x0000, 0x0000, 0x0000, 0x0000, 0x0000, 0x0000, 0x0000, 0x0000,
    0x0000, 0x0000, 0x0000, 0x0000, 0x0000, 0x0000, 0x0000, 0x0000, 0x0000, 0x0000, 0x0000, 0x0000, 0x0000, 0x0000, 0x0000, 0x0000,
    0x0000, 0x0000, 0x0000, 0x0000, 0x5098, 0x522A, 0x5C71, 0x6563, 0x6C55, 0x73CA, 0x7523, 0x759D, 0x7B97, 0x849C, 0x9178, 0x9730,
    0x4E77, 0x6492, 0x6BBA, 0x715E, 0x85A9, 0x4E09, 0xF96B, 0x6749, 0x68EE, 0x6E17, 0x829F, 0x8518, 0x886B, 0x63F7, 0x6F81, 0x9212,
    0x98AF, 0x4E0A, 0x50B7, 0x50CF, 0x511F, 0x5546, 0x55AA, 0x5617, 0x5B40, 0x5C19, 0x5CE0, 0x5E38, 0x5E8A, 0x5EA0, 0x5EC2, 0x60F3,
    0x6851, 0x6A61, 0x6E58, 0x723D, 0x7240, 0x72C0, 0x76F8, 0x7965, 0x7BB1, 0x7FD4, 0x88F3, 0x89F4, 0x8A73, 0x8C61, 0x8CDE, 0x971C,
    0x585E, 0x74BD, 0x8CFD, 0x55C7, 0xF96C, 0x7A61, 0x7D22, 0x8272, 0x7272, 0x751F, 0x7525, 0xF96D, 0x7B19, 0x5885, 0x58FB, 0x5DBC,
    0x5E8F, 0x5EB6, 0x5F90, 0x6055, 0x6292, 0x637F, 0x654D, 0x6691, 0x66D9, 0x66F8, 0x6816, 0x68F2, 0x7280, 0x745E, 0x7B6E, 0x7D6E,
    0x7DD6, 0x7F72, 0x0000, 0x0000, 0x0000, 0x0000, 0x0000, 0x0000, 0x0000, 0x0000, 0x0000, 0x0000, 0x0000, 0x0000, 0x0000, 0x0000,
    0x0000, 0x0000, 0x0000, 0x0000, 0x0000, 0x0000, 0x0000, 0x0000, 0x0000, 0x0000, 0x0000, 0x0000, 0x0000, 0x0000, 0x0000, 0x0000,
    0x0000, 0x0000, 0x0000, 0x0000, 0x0000, 0x0000, 0x0000, 0x0000, 0x0000, 0x0000, 0x0000, 0x0000, 0x0000, 0x0000, 0x0000, 0x0000,
    0x0000, 0x0000, 0x0000, 0x0000, 0x0000, 0x0000, 0x0000, 0x0000, 0x0000, 0x0000, 0x0000, 0x0000, 0x0000, 0x0000, 0x0000, 0x0000,
    0x0000, 0x0000, 0x0000, 0x0000, 0x0000, 0x0000, 0x0000, 0x0000, 0x0000, 0x0000, 0x0000, 0x0000, 0x0000, 0x0000, 0x0000, 0x0000,
    0x0000, 0x0000, 0x0000, 0x0000, 0x0000, 0x0000, 0x0000, 0x0000, 0x0000, 0x0000, 0x0000, 0x0000, 0x0000, 0x0000, 0x0000, 0x0000,
    0x0000, 0x0000, 0x80E5, 0x8212, 0x85AF, 0x897F, 0x8A93, 0x901D, 0x92E4, 0x9ECD, 0x9F20, 0x5915, 0x596D, 0x5E2D, 0x60DC, 0x6614,
    0x6673, 0x6790, 0x6C50, 0x6DC5, 0x6F5F, 0x77F3, 0x78A9, 0x84C6, 0x91CB, 0x932B, 0x4ED9, 0x50CA, 0x5148, 0x5584, 0x5B0B, 0x5BA3,
    0x6247, 0x657E, 0x65CB, 0x6E32, 0x717D, 0x7401, 0x7444, 0x7487, 0x74BF, 0x766C, 0x79AA, 0x7DDA, 0x7E55, 0x7FA8, 0x817A, 0x81B3,
    0x8239, 0x861A, 0x87EC, 0x8A75, 0x8DE3, 0x9078, 0x9291, 0x9425, 0x994D, 0x9BAE, 0x5368, 0x5C51, 0x6954, 0x6CC4, 0x6D29, 0x6E2B,
    0x820C, 0x859B, 0x893B, 0x8A2D, 0x8AAA, 0x96EA, 0x9F67, 0x5261, 0x66B9, 0x6BB2, 0x7E96, 0x87FE, 0x8D0D, 0x9583, 0x965D, 0x651D,
    0x6D89, 0x71EE, 0xF96E, 0x57CE, 0x59D3, 0x5BAC, 0x6027, 0x60FA, 0x6210, 0x661F, 0x665F, 0x7329, 0x73F9, 0x76DB, 0x7701, 0x7B6C,
    0x0000, 0x0000, 0x0000, 0x0000, 0x0000, 0x0000, 0x0000, 0x0000, 0x0000, 0x0000, 0x0000, 0x0000, 0x0000, 0x0000, 0x0000, 0x0000,
    0x0000, 0x0000, 0x0000, 0x0000, 0x0000, 0x0000, 0x0000, 0x0000, 0x0000, 0x0000, 0x0000, 0x0000, 0x0000, 0x0000, 0x0000, 0x0000,
    0x0000, 0x0000, 0x0000, 0x0000, 0x0000, 0x0000, 0x0000, 0x0000, 0x0000, 0x0000, 0x0000, 0x0000, 0x0000, 0x0000, 0x0000, 0x0000,
    0x0000, 0x0000, 0x0000, 0x0000, 0x0000, 0x0000, 0x0000, 0x0000, 0x0000, 0x0000, 0x0000, 0x0000, 0x0000, 0x0000, 0x0000, 0x0000,
    0x0000, 0x0000, 0x0000, 0x0000, 0x0000, 0x0000, 0x0000, 0x0000, 0x0000, 0x0000, 0x0000, 0x0000, 0x0000, 0x0000, 0x0000, 0x0000,
    0x0000, 0x0000, 0x0000, 0x0000, 0x0000, 0x0000, 0x0000, 0x0000, 0x0000, 0x0000, 0x0000, 0x0000, 0x0000, 0x0000, 0x0000, 0x0000,
    0x8056, 0x8072, 0x8165, 0x8AA0, 0x9192, 0x4E16, 0x52E2, 0x6B72, 0x6D17, 0x7A05, 0x7B39, 0x7D30, 0xF96F, 0x8CB0, 0x53EC, 0x562F,
    0x5851, 0x5BB5, 0x5C0F, 0x5C11, 0x5DE2, 0x6240, 0x6383, 0x6414, 0x662D, 0x68B3, 0x6CBC, 0x6D88, 0x6EAF, 0x701F, 0x70A4, 0x71D2,
    0x7526, 0x758F, 0x758E, 0x7619, 0x7B11, 0x7BE0, 0x7C2B, 0x7D20, 0x7D39, 0x852C, 0x856D, 0x8607, 0x8A34, 0x900D, 0x9061, 0x90B5,
    0x92B7, 0x97F6, 0x9A37, 0x4FD7, 0x5C6C, 0x675F, 0x6D91, 0x7C9F, 0x7E8C, 0x8B16, 0x8D16, 0x901F, 0x5B6B, 0x5DFD, 0x640D, 0x84C0,
    0x905C, 0x98E1, 0x7387, 0x5B8B, 0x609A, 0x677E, 0x6DDE, 0x8A1F, 0x8AA6, 0x9001, 0x980C, 0x5237, 0xF970, 0x7051, 0x788E, 0x9396,
    0x8870, 0x91D7, 0x4FEE, 0x53D7, 0x55FD, 0x56DA, 0x5782, 0x58FD, 0x5AC2, 0x5B88, 0x5CAB, 0x5CC0, 0x5E25, 0x6101, 0x0000, 0x0000,
    0x0000, 0x0000, 0x0000, 0x0000, 0x0000, 0x0000, 0x0000, 0x0000, 0x0000, 0x0000, 0x0000, 0x0000, 0x0000, 0x0000, 0x0000, 0x0000,
    0x0000, 0x0000, 0x0000, 0x0000, 0x0000, 0x0000, 0x0000, 0x0000, 0x0000, 0x0000, 0x0000, 0x0000, 0x0000, 0x0000, 0x0000, 0x0000,
    0x0000, 0x0000, 0x0000, 0x0000, 0x0000, 0x0000, 0x0000, 0x0000, 0x0000, 0x0000, 0x0000, 0x0000, 0x0000, 0x0000, 0x0000, 0x0000,
    0x0000, 0x0000, 0x0000, 0x0000, 0x0000, 0x0000, 0x0000, 0x0000, 0x0000, 0x0000, 0x0000, 0x0000, 0x0000, 0x0000, 0x0000, 0x0000,
    0x0000, 0x0000, 0x0000, 0x0000, 0x0000, 0x0000, 0x0000, 0x0000, 0x0000, 0x0000, 0x0000, 0x0000, 0x0000, 0x0000, 0x0000, 0x0000,
    0x0000, 0x0000, 0x0000, 0x0000, 0x0000, 0x0000, 0x0000, 0x0000, 0x0000, 0x0000, 0x0000, 0x0000, 0x0000, 0x0000, 0x620D, 0x624B,
    0x6388, 0x641C, 0x6536, 0x6578, 0x6A39, 0x6B8A, 0x6C34, 0x6D19, 0x6F31, 0x71E7, 0x72E9, 0x7378, 0x7407, 0x74B2, 0x7626, 0x7761,
    0x79C0, 0x7A57, 0x7AEA, 0x7CB9, 0x7D8F, 0x7DAC, 0x7E61, 0x7F9E, 0x8129, 0x8331, 0x8490, 0x84DA, 0x85EA, 0x8896, 0x8AB0, 0x8B90,
    0x8F38, 0x9042, 0x9083, 0x916C, 0x9296, 0x92B9, 0x968B, 0x96A7, 0x96A8, 0x96D6, 0x9700, 0x9808, 0x9996, 0x9AD3, 0x9B1A, 0x53D4,
    0x587E, 0x5919, 0x5B70, 0x5BBF, 0x6DD1, 0x6F5A, 0x719F, 0x7421, 0x74B9, 0x8085, 0x83FD, 0x5DE1, 0x5F87, 0x5FAA, 0x6042, 0x65EC,
    0x6812, 0x696F, 0x6A53, 0x6B89, 0x6D35, 0x6DF3, 0x73E3, 0x76FE, 0x77AC, 0x7B4D, 0x7D14, 0x8123, 0x821C, 0x8340, 0x84F4, 0x8563,
    0x8A62, 0x8AC4, 0x9187, 0x931E, 0x9806, 0x99B4, 0x620C, 0x8853, 0x8FF0, 0x9265, 0x5D07, 0x5D27, 0x0000, 0x0000, 0x0000, 0x0000,
    0x0000, 0x0000, 0x0000, 0x0000, 0x0000, 0x0000, 0x0000, 0x0000, 0x0000, 0x0000, 0x0000, 0x0000, 0x0000, 0x0000, 0x0000, 0x0000,
    0x0000, 0x0000, 0x0000, 0x0000, 0x0000, 0x0000, 0x0000, 0x0000, 0x0000, 0x0000, 0x0000, 0x0000, 0x0000, 0x0000, 0x0000, 0x0000,
    0x0000, 0x0000, 0x0000, 0x0000, 0x0000, 0x0000, 0x0000, 0x0000, 0x0000, 0x0000, 0x0000, 0x0000, 0x0000, 0x0000, 0x0000, 0x0000,
    0x0000, 0x0000, 0x0000, 0x0000, 0x0000, 0x0000, 0x0000, 0x0000, 0x0000, 0x0000, 0x0000, 0x0000, 0x0000, 0x0000, 0x0000, 0x0000,
    0x0000, 0x0000, 0x0000, 0x0000, 0x0000, 0x0000, 0x0000, 0x0000, 0x0000, 0x0000, 0x0000, 0x0000, 0x0000, 0x0000, 0x0000, 0x0000,
    0x0000, 0x0000, 0x0000, 0x0000, 0x0000, 0x0000, 0x0000, 0x0000, 0x0000, 0x0000, 0x0000, 0x0000, 0x5D69, 0x745F, 0x819D, 0x8768,
    0x6FD5, 0x62FE, 0x7FD2, 0x8936, 0x8972, 0x4E1E, 0x4E58, 0x50E7, 0x52DD, 0x5347, 0x627F, 0x6607, 0x7E69, 0x8805, 0x965E, 0x4F8D,
    0x5319, 0x5636, 0x59CB, 0x5AA4, 0x5C38, 0x5C4E, 0x5C4D, 0x5E02, 0x5F11, 0x6043, 0x65BD, 0x662F, 0x6642, 0x67BE, 0x67F4, 0x731C,
    0x77E2, 0x793A, 0x7FC5, 0x8494, 0x84CD, 0x8996, 0x8A66, 0x8A69, 0x8AE1, 0x8C55, 0x8C7A, 0x57F4, 0x5BD4, 0x5F0F, 0x606F, 0x62ED,
    0x690D, 0x6B96, 0x6E5C, 0x7184, 0x7BD2, 0x8755, 0x8B58, 0x8EFE, 0x98DF, 0x98FE, 0x4F38, 0x4F81, 0x4FE1, 0x547B, 0x5A20, 0x5BB8,
    0x613C, 0x65B0, 0x6668, 0x71FC, 0x7533, 0x795E, 0x7D33, 0x814E, 0x81E3, 0x8398, 0x85AA, 0x85CE, 0x8703, 0x8A0A, 0x8EAB, 0x8F9B,
    0xF971, 0x8FC5, 0x5931, 0x5BA4, 0x5BE6, 0x6089, 0x5BE9, 0x5C0B, 0x5FC3, 0x6C81, 0x0000, 0x0000, 0x0000, 0x0000, 0x0000, 0x0000,
    0x0000, 0x0000, 0x0000, 0x0000, 0x0000, 0x0000, 0x0000, 0x0000, 0x0000, 0x0000, 0x0000, 0x0000, 0x0000, 0x0000, 0x0000, 0x0000,
    0x0000, 0x0000, 0x0000, 0x0000, 0x0000, 0x0000, 0x0000, 0x0000, 0x0000, 0x0000, 0x0000, 0x0000, 0x0000, 0x0000, 0x0000, 0x0000,
    0x0000, 0x0000, 0x0000, 0x0000, 0x0000, 0x0000, 0x0000, 0x0000, 0x0000, 0x0000, 0x0000, 0x0000, 0x0000, 0x0000, 0x0000, 0x0000,
    0x0000, 0x0000, 0x0000, 0x0000, 0x0000, 0x0000, 0x0000, 0x0000, 0x0000, 0x0000, 0x0000, 0x0000, 0x0000, 0x0000, 0x0000, 0x0000,
    0x0000, 0x0000, 0x0000, 0x0000, 0x0000, 0x0000, 0x0000, 0x0000, 0x0000, 0x0000, 0x0000, 0x0000, 0x0000, 0x0000, 0x0000, 0x0000,
    0x0000, 0x0000, 0x0000, 0x0000, 0x0000, 0x0000, 0x0000, 0x0000, 0x0000, 0x0000, 0xF972, 0x6DF1, 0x700B, 0x751A, 0x82AF, 0x8AF6,
    0x4EC0, 0x5341, 0xF973, 0x96D9, 0x6C0F, 0x4E9E, 0x4FC4, 0x5152, 0x555E, 0x5A25, 0x5CE8, 0x6211, 0x7259, 0x82BD, 0x83AA, 0x86FE,
    0x8859, 0x8A1D, 0x963F, 0x96C5, 0x9913, 0x9D09, 0x9D5D, 0x580A, 0x5CB3, 0x5DBD, 0x5E44, 0x60E1, 0x6115, 0x63E1, 0x6A02, 0x6E25,
    0x9102, 0x9354, 0x984E, 0x9C10, 0x9F77, 0x5B89, 0x5CB8, 0x6309, 0x664F, 0x6848, 0x773C, 0x96C1, 0x978D, 0x9854, 0x9B9F, 0x65A1,
    0x8B01, 0x8ECB, 0x95BC, 0x5535, 0x5CA9, 0x5DD6, 0x5EB5, 0x6697, 0x764C, 0x83F4, 0x95C7, 0x58D3, 0x62BC, 0x72CE, 0x9D28, 0x4EF0,
    0x592E, 0x600F, 0x663B, 0x6B83, 0x79E7, 0x9D26, 0x5393, 0x54C0, 0x57C3, 0x5D16, 0x611B, 0x66D6, 0x6DAF, 0x788D, 0x827E, 0x9698,
    0x9744, 0x5384, 0x627C, 0x6396, 0x6DB2, 0x7E0A, 0x814B, 0x984D, 0x0000, 0x0000, 0x0000, 0x0000, 0x0000, 0x0000, 0x0000, 0x0000,
    0x0000, 0x0000, 0x0000, 0x0000, 0x0000, 0x0000, 0x0000, 0x0000, 0x0000, 0x0000, 0x0000, 0x0000, 0x0000, 0x0000, 0x0000, 0x0000,
    0x0000, 0x0000, 0x0000, 0x0000, 0x0000, 0x0000, 0x0000, 0x0000, 0x0000, 0x0000, 0x0000, 0x0000, 0x0000, 0x0000, 0x0000, 0x0000,
    0x0000, 0x0000, 0x0000, 0x0000, 0x0000, 0x0000, 0x0000, 0x0000, 0x0000, 0x0000, 0x0000, 0x0000, 0x0000, 0x0000, 0x0000, 0x0000,
    0x0000, 0x0000, 0x0000, 0x0000, 0x0000, 0x0000, 0x0000, 0x0000, 0x0000, 0x0000, 0x0000, 0x0000, 0x0000, 0x0000, 0x0000, 0x0000,
    0x0000, 0x0000, 0x0000, 0x0000, 0x0000, 0x0000, 0x0000, 0x0000, 0x0000, 0x0000, 0x0000, 0x0000, 0x0000, 0x0000, 0x0000, 0x0000,
    0x0000, 0x0000, 0x0000, 0x0000, 0x0000, 0x0000, 0x0000, 0x0000, 0x6AFB, 0x7F4C, 0x9DAF, 0x9E1A, 0x4E5F, 0x503B, 0x51B6, 0x591C,
    0x60F9, 0x63F6, 0x6930, 0x723A, 0x8036, 0xF974, 0x91CE, 0x5F31, 0xF975, 0xF976, 0x7D04, 0x82E5, 0x846F, 0x84BB, 0x85E5, 0x8E8D,
    0xF977, 0x4F6F, 0xF978, 0xF979, 0x58E4, 0x5B43, 0x6059, 0x63DA, 0x6518, 0x656D, 0x6698, 0xF97A, 0x694A, 0x6A23, 0x6D0B, 0x7001,
    0x716C, 0x75D2, 0x760D, 0x79B3, 0x7A70, 0xF97B, 0x7F8A, 0xF97C, 0x8944, 0xF97D, 0x8B93, 0x91C0, 0x967D, 0xF97E, 0x990A, 0x5704,
    0x5FA1, 0x65BC, 0x6F01, 0x7600, 0x79A6, 0x8A9E, 0x99AD, 0x9B5A, 0x9F6C, 0x5104, 0x61B6, 0x6291, 0x6A8D, 0x81C6, 0x5043, 0x5830,
    0x5F66, 0x7109, 0x8A00, 0x8AFA, 0x5B7C, 0x8616, 0x4FFA, 0x513C, 0x56B4, 0x5944, 0x63A9, 0x6DF9, 0x5DAA, 0x696D, 0x5186, 0x4E88,
    0x4F59, 0xF97F, 0xF980, 0xF981, 0x5982, 0xF982, 0x0000, 0x0000, 0x0000, 0x0000, 0x0000, 0x0000, 0x0000, 0x0000, 0x0000, 0x0000,
    0x0000, 0x0000, 0x0000, 0x0000, 0x0000, 0x0000, 0x0000, 0x0000, 0x0000, 0x0000, 0x0000, 0x0000, 0x0000, 0x0000, 0x0000, 0x0000,
    0x0000, 0x0000, 0x0000, 0x0000, 0x0000, 0x0000, 0x0000, 0x0000, 0x0000, 0x0000, 0x0000, 0x0000, 0x0000, 0x0000, 0x0000, 0x0000,
    0x0000, 0x0000, 0x0000, 0x0000, 0x0000, 0x0000, 0x0000, 0x0000, 0x0000, 0x0000, 0x0000, 0x0000, 0x0000, 0x0000, 0x0000, 0x0000,
    0x0000, 0x0000, 0x0000, 0x0000, 0x0000, 0x0000, 0x0000, 0x0000, 0x0000, 0x0000, 0x0000, 0x0000, 0x0000, 0x0000, 0x0000, 0x0000,
    0x0000, 0x0000, 0x0000, 0x0000, 0x0000, 0x0000, 0x0000, 0x0000, 0x0000, 0x0000, 0x0000, 0x0000, 0x0000, 0x0000, 0x0000, 0x0000,
    0x0000, 0x0000, 0x0000, 0x0000, 0x0000, 0x0000, 0xF983, 0x6B5F, 0x6C5D, 0xF984, 0x74B5, 0x7916, 0xF985, 0x8207, 0x8245, 0x8339,
    0x8F3F, 0x8F5D, 0xF986, 0x9918, 0xF987, 0xF988, 0xF989, 0x4EA6, 0xF98A, 0x57DF, 0x5F79, 0x6613, 0xF98B, 0xF98C, 0x75AB, 0x7E79,
    0x8B6F, 0xF98D, 0x9006, 0x9A5B, 0x56A5, 0x5827, 0x59F8, 0x5A1F, 0x5BB4, 0xF98E, 0x5EF6, 0xF98F, 0xF990, 0x6350, 0x633B, 0xF991,
    0x693D, 0x6C87, 0x6CBF, 0x6D8E, 0x6D93, 0x6DF5, 0x6F14, 0xF992, 0x70DF, 0x7136, 0x7159, 0xF993, 0x71C3, 0x71D5, 0xF994, 0x784F,
    0x786F, 0xF995, 0x7B75, 0x7DE3, 0xF996, 0x7E2F, 0xF997, 0x884D, 0x8EDF, 0xF998, 0xF999, 0xF99A, 0x925B, 0xF99B, 0x9CF6, 0xF99C,
    0xF99D, 0xF99E, 0x6085, 0x6D85, 0xF99F, 0x71B1, 0xF9A0, 0xF9A1, 0x95B1, 0x53AD, 0xF9A2, 0xF9A3, 0xF9A4, 0x67D3, 0xF9A5, 0x708E,
    0x7130, 0x7430, 0x8276, 0x82D2, 0x0000, 0x0000, 0x0000, 0x0000, 0x0000, 0x0000, 0x0000, 0x0000, 0x0000, 0x0000, 0x0000, 0x0000,
    0x0000, 0x0000, 0x0000, 0x0000, 0x0000, 0x0000, 0x0000, 0x0000, 0x0000, 0x0000, 0x0000, 0x0000, 0x0000, 0x0000, 0x0000, 0x0000,
    0x0000, 0x0000, 0x0000, 0x0000, 0x0000, 0x0000, 0x0000, 0x0000, 0x0000, 0x0000, 0x0000, 0x0000, 0x0000, 0x0000, 0x0000, 0x0000,
    0x0000, 0x0000, 0x0000, 0x0000, 0x0000, 0x0000, 0x0000, 0x0000, 0x0000, 0x0000, 0x0000, 0x0000, 0x0000, 0x0000, 0x0000, 0x0000,
    0x0000, 0x0000, 0x0000, 0x0000, 0x0000, 0x0000, 0x0000, 0x0000, 0x0000, 0x0000, 0x0000, 0x0000, 0x0000, 0x0000, 0x0000, 0x0000,
    0x0000, 0x0000, 0x0000, 0x0000, 0x0000, 0x0000, 0x0000, 0x0000, 0x0000, 0x0000, 0x0000, 0x0000, 0x0000, 0x0000, 0x0000, 0x0000,
    0x0000, 0x0000, 0x0000, 0x0000, 0xF9A6, 0x95BB, 0x9AE5, 0x9E7D, 0x66C4, 0xF9A7, 0x71C1, 0x8449, 0xF9A8, 0xF9A9, 0x584B, 0xF9AA,
    0xF9AB, 0x5DB8, 0x5F71, 0xF9AC, 0x6620, 0x668E, 0x6979, 0x69AE, 0x6C38, 0x6CF3, 0x6E36, 0x6F41, 0x6FDA, 0x701B, 0x702F, 0x7150,
    0x71DF, 0x7370, 0xF9AD, 0x745B, 0xF9AE, 0x74D4, 0x76C8, 0x7A4E, 0x7E93, 0xF9AF, 0xF9B0, 0x82F1, 0x8A60, 0x8FCE, 0xF9B1, 0x9348,
    0xF9B2, 0x9719, 0xF9B3, 0xF9B4, 0x4E42, 0x502A, 0xF9B5, 0x5208, 0x53E1, 0x66F3, 0x6C6D, 0x6FCA, 0x730A, 0x777F, 0x7A62, 0x82AE,
    0x85DD, 0x8602, 0xF9B6, 0x88D4, 0x8A63, 0x8B7D, 0x8C6B, 0xF9B7, 0x92B3, 0xF9B8, 0x9713, 0x9810, 0x4E94, 0x4F0D, 0x4FC9, 0x50B2,
    0x5348, 0x543E, 0x5433, 0x55DA, 0x5862, 0x58BA, 0x5967, 0x5A1B, 0x5BE4, 0x609F, 0xF9B9, 0x61CA, 0x6556, 0x65FF, 0x6664, 0x68A7,
    0x6C5A, 0x6FB3, 0x0000, 0x0000, 0x0000, 0x0000, 0x0000, 0x0000, 0x0000, 0x0000, 0x0000, 0x0000, 0x0000, 0x0000, 0x0000, 0x0000,
    0x0000, 0x0000, 0x0000, 0x0000, 0x0000, 0x0000, 0x0000, 0x0000, 0x0000, 0x0000, 0x0000, 0x0000, 0x0000, 0x0000, 0x0000, 0x0000,
    0x0000, 0x0000, 0x0000, 0x0000, 0x0000, 0x0000, 0x0000, 0x0000, 0x0000, 0x0000, 0x0000, 0x0000, 0x0000, 0x0000, 0x0000, 0x0000,
    0x0000, 0x0000, 0x0000, 0x0000, 0x0000, 0x0000, 0x0000, 0x0000, 0x0000, 0x0000, 0x0000, 0x0000, 0x0000, 0x0000, 0x0000, 0x0000,
    0x0000, 0x0000, 0x0000, 0x0000, 0x0000, 0x0000, 0x0000, 0x0000, 0x0000, 0x0000, 0x0000, 0x0000, 0x0000, 0x0000, 0x0000, 0x0000,
    0x0000, 0x0000, 0x0000, 0x0000, 0x0000, 0x0000, 0x0000, 0x0000, 0x0000, 0x0000, 0x0000, 0x0000, 0x0000, 0x0000, 0x0000, 0x0000,
    0x0000, 0x0000, 0x70CF, 0x71AC, 0x7352, 0x7B7D, 0x8708, 0x8AA4, 0x9C32, 0x9F07, 0x5C4B, 0x6C83, 0x7344, 0x7389, 0x923A, 0x6EAB,
    0x7465, 0x761F, 0x7A69, 0x7E15, 0x860A, 0x5140, 0x58C5, 0x64C1, 0x74EE, 0x7515, 0x7670, 0x7FC1, 0x9095, 0x96CD, 0x9954, 0x6E26,
    0x74E6, 0x7AA9, 0x7AAA, 0x81E5, 0x86D9, 0x8778, 0x8A1B, 0x5A49, 0x5B8C, 0x5B9B, 0x68A1, 0x6900, 0x6D63, 0x73A9, 0x7413, 0x742C,
    0x7897, 0x7DE9, 0x7FEB, 0x8118, 0x8155, 0x839E, 0x8C4C, 0x962E, 0x9811, 0x66F0, 0x5F80, 0x65FA, 0x6789, 0x6C6A, 0x738B, 0x502D,
    0x5A03, 0x6B6A, 0x77EE, 0x5916, 0x5D6C, 0x5DCD, 0x7325, 0x754F, 0xF9BA, 0xF9BB, 0x50E5, 0x51F9, 0x582F, 0x592D, 0x5996, 0x59DA,
    0x5BE5, 0xF9BC, 0xF9BD, 0x5DA2, 0x62D7, 0x6416, 0x6493, 0x64FE, 0xF9BE, 0x66DC, 0xF9BF, 0x6A48, 0xF9C0, 0x71FF, 0x7464, 0xF9C1,
    0x0000, 0x0000, 0x0000, 0x0000, 0x0000, 0x0000, 0x0000, 0x0000, 0x0000, 0x0000, 0x0000, 0x0000, 0x0000, 0x0000, 0x0000, 0x0000,
    0x0000, 0x0000, 0x0000, 0x0000, 0x0000, 0x0000, 0x0000, 0x0000, 0x0000, 0x0000, 0x0000, 0x0000, 0x0000, 0x0000, 0x0000, 0x0000,
    0x0000, 0x0000, 0x0000, 0x0000, 0x0000, 0x0000, 0x0000, 0x0000, 0x0000, 0x0000, 0x0000, 0x0000, 0x0000, 0x0000, 0x0000, 0x0000,
    0x0000, 0x0000, 0x0000, 0x0000, 0x0000, 0x0000, 0x0000, 0x0000, 0x0000, 0x0000, 0x0000, 0x0000, 0x0000, 0x0000, 0x0000, 0x0000,
    0x0000, 0x0000, 0x0000, 0x0000, 0x0000, 0x0000, 0x0000, 0x0000, 0x0000, 0x0000, 0x0000, 0x0000, 0x0000, 0x0000, 0x0000, 0x0000,
    0x0000, 0x0000, 0x0000, 0x0000, 0x0000, 0x0000, 0x0000, 0x0000, 0x0000, 0x0000, 0x0000, 0x0000, 0x0000, 0x0000, 0x0000, 0x0000,
    0x7A88, 0x7AAF, 0x7E47, 0x7E5E, 0x8000, 0x8170, 0xF9C2, 0x87EF, 0x8981, 0x8B20, 0x9059, 0xF9C3, 0x9080, 0x9952, 0x617E, 0x6B32,
    0x6D74, 0x7E1F, 0x8925, 0x8FB1, 0x4FD1, 0x50AD, 0x5197, 0x52C7, 0x57C7, 0x5889, 0x5BB9, 0x5EB8, 0x6142, 0x6995, 0x6D8C, 0x6E67,
    0x6EB6, 0x7194, 0x7462, 0x7528, 0x752C, 0x8073, 0x8338, 0x84C9, 0x8E0A, 0x9394, 0x93DE, 0xF9C4, 0x4E8E, 0x4F51, 0x5076, 0x512A,
    0x53C8, 0x53CB, 0x53F3, 0x5B87, 0x5BD3, 0x5C24, 0x611A, 0x6182, 0x65F4, 0x725B, 0x7397, 0x7440, 0x76C2, 0x7950, 0x7991, 0x79B9,
    0x7D06, 0x7FBD, 0x828B, 0x85D5, 0x865E, 0x8FC2, 0x9047, 0x90F5, 0x91EA, 0x9685, 0x96E8, 0x96E9, 0x52D6, 0x5F67, 0x65ED, 0x6631,
    0x682F, 0x715C, 0x7A36, 0x90C1, 0x980A, 0x4E91, 0xF9C5, 0x6A52, 0x6B9E, 0x6F90, 0x7189, 0x8018, 0x82B8, 0x8553, 0x0000, 0x0000,
    0x0000, 0x0000, 0x0000, 0x0000, 0x0000, 0x0000, 0x0000, 0x0000, 0x0000, 0x0000, 0x0000, 0x0000, 0x0000, 0x0000, 0x0000, 0x0000,
    0x0000, 0x0000, 0x0000, 0x0000, 0x0000, 0x0000, 0x0000, 0x0000, 0x0000, 0x0000, 0x0000, 0x0000, 0x0000, 0x0000, 0x0000, 0x0000,
    0x0000, 0x0000, 0x0000, 0x0000, 0x0000, 0x0000, 0x0000, 0x0000, 0x0000, 0x0000, 0x0000, 0x0000, 0x0000, 0x0000, 0x0000, 0x0000,
    0x0000, 0x0000, 0x0000, 0x0000, 0x0000, 0x0000, 0x0000, 0x0000, 0x0000, 0x0000, 0x0000, 0x0000, 0x0000, 0x0000, 0x0000, 0x0000,
    0x0000, 0x0000, 0x0000, 0x0000, 0x0000, 0x0000, 0x0000, 0x0000, 0x0000, 0x0000, 0x0000, 0x0000, 0x0000, 0x0000, 0x0000, 0x0000,
    0x0000, 0x0000, 0x0000, 0x0000, 0x0000, 0x0000, 0x0000, 0x0000, 0x0000, 0x0000, 0x0000, 0x0000, 0x0000, 0x0000, 0x904B, 0x9695,
    0x96F2, 0x97FB, 0x851A, 0x9B31, 0x4E90, 0x718A, 0x96C4, 0x5143, 0x539F, 0x54E1, 0x5713, 0x5712, 0x57A3, 0x5A9B, 0x5AC4, 0x5BC3,
    0x6028, 0x613F, 0x63F4, 0x6C85, 0x6D39, 0x6E72, 0x6E90, 0x7230, 0x733F, 0x7457, 0x82D1, 0x8881, 0x8F45, 0x9060, 0xF9C6, 0x9662,
    0x9858, 0x9D1B, 0x6708, 0x8D8A, 0x925E, 0x4F4D, 0x5049, 0x50DE, 0x5371, 0x570D, 0x59D4, 0x5A01, 0x5C09, 0x6170, 0x6690, 0x6E2D,
    0x7232, 0x744B, 0x7DEF, 0x80C3, 0x840E, 0x8466, 0x853F, 0x875F, 0x885B, 0x8918, 0x8B02, 0x9055, 0x97CB, 0x9B4F, 0x4E73, 0x4F91,
    0x5112, 0x516A, 0xF9C7, 0x552F, 0x55A9, 0x5B7A, 0x5BA5, 0x5E7C, 0x5E7D, 0x5EBE, 0x60A0, 0x60DF, 0x6108, 0x6109, 0x63C4, 0x6538,
    0x6709, 0xF9C8, 0x67D4, 0x67DA, 0xF9C9, 0x6961, 0x6962, 0x6CB9, 0x6D27, 0xF9CA, 0x6E38, 0xF9CB, 0x0000, 0x0000, 0x0000, 0x0000,
    0x0000, 0x0000, 0x0000, 0x0000, 0x0000, 0x0000, 0x0000, 0x0000, 0x0000, 0x0000, 0x0000, 0x0000, 0x0000, 0x0000, 0x0000, 0x0000,
    0x0000, 0x0000, 0x0000, 0x0000, 0x0000, 0x0000, 0x0000, 0x0000, 0x0000, 0x0000, 0x0000, 0x0000, 0x0000, 0x0000, 0x0000, 0x0000,
    0x0000, 0x0000, 0x0000, 0x0000, 0x0000, 0x0000, 0x0000, 0x0000, 0x0000, 0x0000, 0x0000, 0x0000, 0x0000, 0x0000, 0x0000, 0x0000,
    0x0000, 0x0000, 0x0000, 0x0000, 0x0000, 0x0000, 0x0000, 0x0000, 0x0000, 0x0000, 0x0000, 0x0000, 0x0000, 0x0000, 0x0000, 0x0000,
    0x0000, 0x0000, 0x0000, 0x0000, 0x0000, 0x0000, 0x0000, 0x0000, 0x0000, 0x0000, 0x0000, 0x0000, 0x0000, 0x0000, 0x0000, 0x0000,
    0x0000, 0x0000, 0x0000, 0x0000, 0x0000, 0x0000, 0x0000, 0x0000, 0x0000, 0x0000, 0x0000, 0x0000, 0x6FE1, 0x7336, 0x7337, 0xF9CC,
    0x745C, 0x7531, 0xF9CD, 0x7652, 0xF9CE, 0xF9CF, 0x7DAD, 0x81FE, 0x8438, 0x88D5, 0x8A98, 0x8ADB, 0x8AED, 0x8E30, 0x8E42, 0x904A,
    0x903E, 0x907A, 0x9149, 0x91C9, 0x936E, 0xF9D0, 0xF9D1, 0x5809, 0xF9D2, 0x6BD3, 0x8089, 0x80B2, 0xF9D3, 0xF9D4, 0x5141, 0x596B,
    0x5C39, 0xF9D5, 0xF9D6, 0x6F64, 0x73A7, 0x80E4, 0x8D07, 0xF9D7, 0x9217, 0x958F, 0xF9D8, 0xF9D9, 0xF9DA, 0xF9DB, 0x807F, 0x620E,
    0x701C, 0x7D68, 0x878D, 0xF9DC, 0x57A0, 0x6069, 0x6147, 0x6BB7, 0x8ABE, 0x9280, 0x96B1, 0x4E59, 0x541F, 0x6DEB, 0x852D, 0x9670,
    0x97F3, 0x98EE, 0x63D6, 0x6CE3, 0x9091, 0x51DD, 0x61C9, 0x81BA, 0x9DF9, 0x4F9D, 0x501A, 0x5100, 0x5B9C, 0x610F, 0x61FF, 0x64EC,
    0x6905, 0x6BC5, 0x7591, 0x77E3, 0x7FA9, 0x8264, 0x858F, 0x87FB, 0x8863, 0x8ABC, 0x0000, 0x0000, 0x0000, 0x0000, 0x0000, 0x0000,
    0x0000, 0x0000, 0x0000, 0x0000, 0x0000, 0x0000, 0x0000, 0x0000, 0x0000, 0x0000, 0x0000, 0x0000, 0x0000, 0x0000, 0x0000, 0x0000,
    0x0000, 0x0000, 0x0000, 0x0000, 0x0000, 0x0000, 0x0000, 0x0000, 0x0000, 0x0000, 0x0000, 0x0000, 0x0000, 0x0000, 0x0000, 0x0000,
    0x0000, 0x0000, 0x0000, 0x0000, 0x0000, 0x0000, 0x0000, 0x0000, 0x0000, 0x0000, 0x0000, 0x0000, 0x0000, 0x0000, 0x0000, 0x0000,
    0x0000, 0x0000, 0x0000, 0x0000, 0x0000, 0x0000, 0x0000, 0x0000, 0x0000, 0x0000, 0x0000, 0x0000, 0x0000, 0x0000, 0x0000, 0x0000,
    0x0000, 0x0000, 0x0000, 0x0000, 0x0000, 0x0000, 0x0000, 0x0000, 0x0000, 0x0000, 0x0000, 0x0000, 0x0000, 0x0000, 0x0000, 0x0000,
    0x0000, 0x0000, 0x0000, 0x0000, 0x0000, 0x0000, 0x0000, 0x0000, 0x0000, 0x0000, 0x8B70, 0x91AB, 0x4E8C, 0x4EE5, 0x4F0A, 0xF9DD,
    0xF9DE, 0x5937, 0x59E8, 0xF9DF, 0x5DF2, 0x5F1B, 0x5F5B, 0x6021, 0xF9E0, 0xF9E1, 0xF9E2, 0xF9E3, 0x723E, 0x73E5, 0xF9E4, 0x7570,
    0x75CD, 0xF9E5, 0x79FB, 0xF9E6, 0x800C, 0x8033, 0x8084, 0x82E1, 0x8351, 0xF9E7, 0xF9E8, 0x8CBD, 0x8CB3, 0x9087, 0xF9E9, 0xF9EA,
    0x98F4, 0x990C, 0xF9EB, 0xF9EC, 0x7037, 0x76CA, 0x7FCA, 0x7FCC, 0x7FFC, 0x8B1A, 0x4EBA, 0x4EC1, 0x5203, 0x5370, 0xF9ED, 0x54BD,
    0x56E0, 0x59FB, 0x5BC5, 0x5F15, 0x5FCD, 0x6E6E, 0xF9EE, 0xF9EF, 0x7D6A, 0x8335, 0xF9F0, 0x8693, 0x8A8D, 0xF9F1, 0x976D, 0x9777,
    0xF9F2, 0xF9F3, 0x4E00, 0x4F5A, 0x4F7E, 0x58F9, 0x65E5, 0x6EA2, 0x9038, 0x93B0, 0x99B9, 0x4EFB, 0x58EC, 0x598A, 0x59D9, 0x6041,
    0xF9F4, 0xF9F5, 0x7A14, 0xF9F6, 0x834F, 0x8CC3, 0x5165, 0x5344, 0x0000, 0x0000, 0x0000, 0x0000, 0x0000, 0x0000, 0x0000, 0x0000,
    0x0000, 0x0000, 0x0000, 0x0000, 0x0000, 0x0000, 0x0000, 0x0000, 0x0000, 0x0000, 0x0000, 0x0000, 0x0000, 0x0000, 0x0000, 0x0000,
    0x0000, 0x0000, 0x0000, 0x0000, 0x0000, 0x0000, 0x0000, 0x0000, 0x0000, 0x0000, 0x0000, 0x0000, 0x0000, 0x0000, 0x0000, 0x0000,
    0x0000, 0x0000, 0x0000, 0x0000, 0x0000, 0x0000, 0x0000, 0x0000, 0x0000, 0x0000, 0x0000, 0x0000, 0x0000, 0x0000, 0x0000, 0x0000,
    0x0000, 0x0000, 0x0000, 0x0000, 0x0000, 0x0000, 0x0000, 0x0000, 0x0000, 0x0000, 0x0000, 0x0000, 0x0000, 0x0000, 0x0000, 0x0000,
    0x0000, 0x0000, 0x0000, 0x0000, 0x0000, 0x0000, 0x0000, 0x0000, 0x0000, 0x0000, 0x0000, 0x0000, 0x0000, 0x0000, 0x0000, 0x0000,
    0x0000, 0x0000, 0x0000, 0x0000, 0x0000, 0x0000, 0x0000, 0x0000, 0xF9F7, 0xF9F8, 0xF9F9, 0x4ECD, 0x5269, 0x5B55, 0x82BF, 0x4ED4,
    0x523A, 0x54A8, 0x59C9, 0x59FF, 0x5B50, 0x5B57, 0x5B5C, 0x6063, 0x6148, 0x6ECB, 0x7099, 0x716E, 0x7386, 0x74F7, 0x75B5, 0x78C1,
    0x7D2B, 0x8005, 0x81EA, 0x8328, 0x8517, 0x85C9, 0x8AEE, 0x8CC7, 0x96CC, 0x4F5C, 0x52FA, 0x56BC, 0x65AB, 0x6628, 0x707C, 0x70B8,
    0x7235, 0x7DBD, 0x828D, 0x914C, 0x96C0, 0x9D72, 0x5B71, 0x68E7, 0x6B98, 0x6F7A, 0x76DE, 0x5C91, 0x66AB, 0x6F5B, 0x7BB4, 0x7C2A,
    0x8836, 0x96DC, 0x4E08, 0x4ED7, 0x5320, 0x5834, 0x58BB, 0x58EF, 0x596C, 0x5C07, 0x5E33, 0x5E84, 0x5F35, 0x638C, 0x66B2, 0x6756,
    0x6A1F, 0x6AA3, 0x6B0C, 0x6F3F, 0x7246, 0xF9FA, 0x7350, 0x748B, 0x7AE0, 0x7CA7, 0x8178, 0x81DF, 0x81E7, 0x838A, 0x846C, 0x8523,
    0x8594, 0x85CF, 0x88DD, 0x8D13, 0x91AC, 0x9577, 0x0000, 0x0000, 0x0000, 0x0000, 0x0000, 0x0000, 0x0000, 0x0000, 0x0000, 0x0000,
    0x0000, 0x0000, 0x0000, 0x0000, 0x0000, 0x0000, 0x0000, 0x0000, 0x0000, 0x0000, 0x0000, 0x0000, 0x0000, 0x0000, 0x0000, 0x0000,
    0x0000, 0x0000, 0x0000, 0x0000, 0x0000, 0x0000, 0x0000, 0x0000, 0x0000, 0x0000, 0x0000, 0x0000, 0x0000, 0x0000, 0x0000, 0x0000,
    0x0000, 0x0000, 0x0000, 0x0000, 0x0000, 0x0000, 0x0000, 0x0000, 0x0000, 0x0000, 0x0000, 0x0000, 0x0000, 0x0000, 0x0000, 0x0000,
    0x0000, 0x0000, 0x0000, 0x0000, 0x0000, 0x0000, 0x0000, 0x0000, 0x0000, 0x0000, 0x0000, 0x0000, 0x0000, 0x0000, 0x0000, 0x0000,
    0x0000, 0x0000, 0x0000, 0x0000, 0x0000, 0x0000, 0x0000, 0x0000, 0x0000, 0x0000, 0x0000, 0x0000, 0x0000, 0x0000, 0x0000, 0x0000,
    0x0000, 0x0000, 0x0000, 0x0000, 0x0000, 0x0000, 0x969C, 0x518D, 0x54C9, 0x5728, 0x5BB0, 0x624D, 0x6750, 0x683D, 0x6893, 0x6E3D,
    0x6ED3, 0x707D, 0x7E21, 0x88C1, 0x8CA1, 0x8F09, 0x9F4B, 0x9F4E, 0x722D, 0x7B8F, 0x8ACD, 0x931A, 0x4F47, 0x4F4E, 0x5132, 0x5480,
    0x59D0, 0x5E95, 0x62B5, 0x6775, 0x696E, 0x6A17, 0x6CAE, 0x6E1A, 0x72D9, 0x732A, 0x75BD, 0x7BB8, 0x7D35, 0x82E7, 0x83F9, 0x8457,
    0x85F7, 0x8A5B, 0x8CAF, 0x8E87, 0x9019, 0x90B8, 0x96CE, 0x9F5F, 0x52E3, 0x540A, 0x5AE1, 0x5BC2, 0x6458, 0x6575, 0x6EF4, 0x72C4,
    0xF9FB, 0x7684, 0x7A4D, 0x7B1B, 0x7C4D, 0x7E3E, 0x7FDF, 0x837B, 0x8B2B, 0x8CCA, 0x8D64, 0x8DE1, 0x8E5F, 0x8FEA, 0x8FF9, 0x9069,
    0x93D1, 0x4F43, 0x4F7A, 0x50B3, 0x5168, 0x5178, 0x524D, 0x526A, 0x5861, 0x587C, 0x5960, 0x5C08, 0x5C55, 0x5EDB, 0x609B, 0x6230,
    0x6813, 0x6BBF, 0x6C08, 0x6FB1, 0x0000, 0x0000, 0x0000, 0x0000, 0x0000, 0x0000, 0x0000, 0x0000, 0x0000, 0x0000, 0x0000, 0x0000,
    0x0000, 0x0000, 0x0000, 0x0000, 0x0000, 0x0000, 0x0000, 0x0000, 0x0000, 0x0000, 0x0000, 0x0000, 0x0000, 0x0000, 0x0000, 0x0000,
    0x0000, 0x0000, 0x0000, 0x0000, 0x0000, 0x0000, 0x0000, 0x0000, 0x0000, 0x0000, 0x0000, 0x0000, 0x0000, 0x0000, 0x0000, 0x0000,
    0x0000, 0x0000, 0x0000, 0x0000, 0x0000, 0x0000, 0x0000, 0x0000, 0x0000, 0x0000, 0x0000, 0x0000, 0x0000, 0x0000, 0x0000, 0x0000,
    0x0000, 0x0000, 0x0000, 0x0000, 0x0000, 0x0000, 0x0000, 0x0000, 0x0000, 0x0000, 0x0000, 0x0000, 0x0000, 0x0000, 0x0000, 0x0000,
    0x0000, 0x0000, 0x0000, 0x0000, 0x0000, 0x0000, 0x0000, 0x0000, 0x0000, 0x0000, 0x0000, 0x0000, 0x0000, 0x0000, 0x0000, 0x0000,
    0x0000, 0x0000, 0x0000, 0x0000, 0x714E, 0x7420, 0x7530, 0x7538, 0x7551, 0x7672, 0x7B4C, 0x7B8B, 0x7BAD, 0x7BC6, 0x7E8F, 0x8A6E,
    0x8F3E, 0x8F49, 0x923F, 0x9293, 0x9322, 0x942B, 0x96FB, 0x985A, 0x986B, 0x991E, 0x5207, 0x622A, 0x6298, 0x6D59, 0x7664, 0x7ACA,
    0x7BC0, 0x7D76, 0x5360, 0x5CBE, 0x5E97, 0x6F38, 0x70B9, 0x7C98, 0x9711, 0x9B8E, 0x9EDE, 0x63A5, 0x647A, 0x8776, 0x4E01, 0x4E95,
    0x4EAD, 0x505C, 0x5075, 0x5448, 0x59C3, 0x5B9A, 0x5E40, 0x5EAD, 0x5EF7, 0x5F81, 0x60C5, 0x633A, 0x653F, 0x6574, 0x65CC, 0x6676,
    0x6678, 0x67FE, 0x6968, 0x6A89, 0x6B63, 0x6C40, 0x6DC0, 0x6DE8, 0x6E1F, 0x6E5E, 0x701E, 0x70A1, 0x738E, 0x73FD, 0x753A, 0x775B,
    0x7887, 0x798E, 0x7A0B, 0x7A7D, 0x7CBE, 0x7D8E, 0x8247, 0x8A02, 0x8AEA, 0x8C9E, 0x912D, 0x914A, 0x91D8, 0x9266, 0x92CC, 0x9320,
    0x9706, 0x9756, 0x0000, 0x0000, 0x0000, 0x0000, 0x0000, 0x0000, 0x0000, 0x0000, 0x0000, 0x0000, 0x0000, 0x0000, 0x0000, 0x0000,
    0x0000, 0x0000, 0x0000, 0x0000, 0x0000, 0x0000, 0x0000, 0x0000, 0x0000, 0x0000, 0x0000, 0x0000, 0x0000, 0x0000, 0x0000, 0x0000,
    0x0000, 0x0000, 0x0000, 0x0000, 0x0000, 0x0000, 0x0000, 0x0000, 0x0000, 0x0000, 0x0000, 0x0000, 0x0000, 0x0000, 0x0000, 0x0000,
    0x0000, 0x0000, 0x0000, 0x0000, 0x0000, 0x0000, 0x0000, 0x0000, 0x0000, 0x0000, 0x0000, 0x0000, 0x0000, 0x0000, 0x0000, 0x0000,
    0x0000, 0x0000, 0x0000, 0x0000, 0x0000, 0x0000, 0x0000, 0x0000, 0x0000, 0x0000, 0x0000, 0x0000, 0x0000, 0x0000, 0x0000, 0x0000,
    0x0000, 0x0000, 0x0000, 0x0000, 0x0000, 0x0000, 0x0000, 0x0000, 0x0000, 0x0000, 0x0000, 0x0000, 0x0000, 0x0000, 0x0000, 0x0000,
    0x0000, 0x0000, 0x975C, 0x9802, 0x9F0E, 0x5236, 0x5291, 0x557C, 0x5824, 0x5E1D, 0x5F1F, 0x608C, 0x63D0, 0x68AF, 0x6FDF, 0x796D,
    0x7B2C, 0x81CD, 0x85BA, 0x88FD, 0x8AF8, 0x8E44, 0x918D, 0x9664, 0x969B, 0x973D, 0x984C, 0x9F4A, 0x4FCE, 0x5146, 0x51CB, 0x52A9,
    0x5632, 0x5F14, 0x5F6B, 0x63AA, 0x64CD, 0x65E9, 0x6641, 0x66FA, 0x66F9, 0x671D, 0x689D, 0x68D7, 0x69FD, 0x6F15, 0x6F6E, 0x7167,
    0x71E5, 0x722A, 0x74AA, 0x773A, 0x7956, 0x795A, 0x79DF, 0x7A20, 0x7A95, 0x7C97, 0x7CDF, 0x7D44, 0x7E70, 0x8087, 0x85FB, 0x86A4,
    0x8A54, 0x8ABF, 0x8D99, 0x8E81, 0x9020, 0x906D, 0x91E3, 0x963B, 0x96D5, 0x9CE5, 0x65CF, 0x7C07, 0x8DB3, 0x93C3, 0x5B58, 0x5C0A,
    0x5352, 0x62D9, 0x731D, 0x5027, 0x5B97, 0x5F9E, 0x60B0, 0x616B, 0x68D5, 0x6DD9, 0x742E, 0x7A2E, 0x7D42, 0x7D9C, 0x7E31, 0x816B,
    0x0000, 0x0000, 0x0000, 0x0000, 0x0000, 0x0000, 0x0000, 0x0000, 0x0000, 0x0000, 0x0000, 0x0000, 0x0000, 0x0000, 0x0000, 0x0000,
    0x0000, 0x0000, 0x0000, 0x0000, 0x0000, 0x0000, 0x0000, 0x0000, 0x0000, 0x0000, 0x0000, 0x0000, 0x0000, 0x0000, 0x0000, 0x0000,
    0x0000, 0x0000, 0x0000, 0x0000, 0x0000, 0x0000, 0x0000, 0x0000, 0x0000, 0x0000, 0x0000, 0x0000, 0x0000, 0x0000, 0x0000, 0x0000,
    0x0000, 0x0000, 0x0000, 0x0000, 0x0000, 0x0000, 0x0000, 0x0000, 0x0000, 0x0000, 0x0000, 0x0000, 0x0000, 0x0000, 0x0000, 0x0000,
    0x0000, 0x0000, 0x0000, 0x0000, 0x0000, 0x0000, 0x0000, 0x0000, 0x0000, 0x0000, 0x0000, 0x0000, 0x0000, 0x0000, 0x0000, 0x0000,
    0x0000, 0x0000, 0x0000, 0x0000, 0x0000, 0x0000, 0x0000, 0x0000, 0x0000, 0x0000, 0x0000, 0x0000, 0x0000, 0x0000, 0x0000, 0x0000,
    0x8E2A, 0x8E35, 0x937E, 0x9418, 0x4F50, 0x5750, 0x5DE6, 0x5EA7, 0x632B, 0x7F6A, 0x4E3B, 0x4F4F, 0x4F8F, 0x505A, 0x59DD, 0x80C4,
    0x546A, 0x5468, 0x55FE, 0x594F, 0x5B99, 0x5DDE, 0x5EDA, 0x665D, 0x6731, 0x67F1, 0x682A, 0x6CE8, 0x6D32, 0x6E4A, 0x6F8D, 0x70B7,
    0x73E0, 0x7587, 0x7C4C, 0x7D02, 0x7D2C, 0x7DA2, 0x821F, 0x86DB, 0x8A3B, 0x8A85, 0x8D70, 0x8E8A, 0x8F33, 0x9031, 0x914E, 0x9152,
    0x9444, 0x99D0, 0x7AF9, 0x7CA5, 0x4FCA, 0x5101, 0x51C6, 0x57C8, 0x5BEF, 0x5CFB, 0x6659, 0x6A3D, 0x6D5A, 0x6E96, 0x6FEC, 0x710C,
    0x756F, 0x7AE3, 0x8822, 0x9021, 0x9075, 0x96CB, 0x99FF, 0x8301, 0x4E2D, 0x4EF2, 0x8846, 0x91CD, 0x537D, 0x6ADB, 0x696B, 0x6C41,
    0x847A, 0x589E, 0x618E, 0x66FE, 0x62EF, 0x70DD, 0x7511, 0x75C7, 0x7E52, 0x84B8, 0x8B49, 0x8D08, 0x4E4B, 0x53EA, 0x0000, 0x0000,
    0x0000, 0x0000, 0x0000, 0x0000, 0x0000, 0x0000, 0x0000, 0x0000, 0x0000, 0x0000, 0x0000, 0x0000, 0x0000, 0x0000, 0x0000, 0x0000,
    0x0000, 0x0000, 0x0000, 0x0000, 0x0000, 0x0000, 0x0000, 0x0000, 0x0000, 0x0000, 0x0000, 0x0000, 0x0000, 0x0000, 0x0000, 0x0000,
    0x0000, 0x0000, 0x0000, 0x0000, 0x0000, 0x0000, 0x0000, 0x0000, 0x0000, 0x0000, 0x0000, 0x0000, 0x0000, 0x0000, 0x0000, 0x0000,
    0x0000, 0x0000, 0x0000, 0x0000, 0x0000, 0x0000, 0x0000, 0x0000, 0x0000, 0x0000, 0x0000, 0x0000, 0x0000, 0x0000, 0x0000, 0x0000,
    0x0000, 0x0000, 0x0000, 0x0000, 0x0000, 0x0000, 0x0000, 0x0000, 0x0000, 0x0000, 0x0000, 0x0000, 0x0000, 0x0000, 0x0000, 0x0000,
    0x0000, 0x0000, 0x0000, 0x0000, 0x0000, 0x0000, 0x0000, 0x0000, 0x0000, 0x0000, 0x0000, 0x0000, 0x0000, 0x0000, 0x54AB, 0x5730,
    0x5740, 0x5FD7, 0x6301, 0x6307, 0x646F, 0x652F, 0x65E8, 0x667A, 0x679D, 0x67B3, 0x6B62, 0x6C60, 0x6C9A, 0x6F2C, 0x77E5, 0x7825,
    0x7949, 0x7957, 0x7D19, 0x80A2, 0x8102, 0x81F3, 0x829D, 0x82B7, 0x8718, 0x8A8C, 0xF9FC, 0x8D04, 0x8DBE, 0x9072, 0x76F4, 0x7A19,
    0x7A37, 0x7E54, 0x8077, 0x5507, 0x55D4, 0x5875, 0x632F, 0x6422, 0x6649, 0x664B, 0x686D, 0x699B, 0x6B84, 0x6D25, 0x6EB1, 0x73CD,
    0x7468, 0x74A1, 0x755B, 0x75B9, 0x76E1, 0x771E, 0x778B, 0x79E6, 0x7E09, 0x7E1D, 0x81FB, 0x852F, 0x8897, 0x8A3A, 0x8CD1, 0x8EEB,
    0x8FB0, 0x9032, 0x93AD, 0x9663, 0x9673, 0x9707, 0x4F84, 0x53F1, 0x59EA, 0x5AC9, 0x5E19, 0x684E, 0x74C6, 0x75BE, 0x79E9, 0x7A92,
    0x81A3, 0x86ED, 0x8CEA, 0x8DCC, 0x8FED, 0x659F, 0x6715, 0xF9FD, 0x57F7, 0x6F57, 0x7DDD, 0x8F2F, 0x0000, 0x0000, 0x0000, 0x0000,
    0x0000, 0x0000, 0x0000, 0x0000, 0x0000, 0x0000, 0x0000, 0x0000, 0x0000, 0x0000, 0x0000, 0x0000, 0x0000, 0x0000, 0x0000, 0x0000,
    0x0000, 0x0000, 0x0000, 0x0000, 0x0000, 0x0000, 0x0000, 0x0000, 0x0000, 0x0000, 0x0000, 0x0000, 0x0000, 0x0000, 0x0000, 0x0000,
    0x0000, 0x0000, 0x0000, 0x0000, 0x0000, 0x0000, 0x0000, 0x0000, 0x0000, 0x0000, 0x0000, 0x0000, 0x0000, 0x0000, 0x0000, 0x0000,
    0x0000, 0x0000, 0x0000, 0x0000, 0x0000, 0x0000, 0x0000, 0x0000, 0x0000, 0x0000, 0x0000, 0x0000, 0x0000, 0x0000, 0x0000, 0x0000,
    0x0000, 0x0000, 0x0000, 0x0000, 0x0000, 0x0000, 0x0000, 0x0000, 0x0000, 0x0000, 0x0000, 0x0000, 0x0000, 0x0000, 0x0000, 0x0000,
    0x0000, 0x0000, 0x0000, 0x0000, 0x0000, 0x0000, 0x0000, 0x0000, 0x0000, 0x0000, 0x0000, 0x0000, 0x93F6, 0x96C6, 0x5FB5, 0x61F2,
    0x6F84, 0x4E14, 0x4F98, 0x501F, 0x53C9, 0x55DF, 0x5D6F, 0x5DEE, 0x6B21, 0x6B64, 0x78CB, 0x7B9A, 0xF9FE, 0x8E49, 0x8ECA, 0x906E,
    0x6349, 0x643E, 0x7740, 0x7A84, 0x932F, 0x947F, 0x9F6A, 0x64B0, 0x6FAF, 0x71E6, 0x74A8, 0x74DA, 0x7AC4, 0x7C12, 0x7E82, 0x7CB2,
    0x7E98, 0x8B9A, 0x8D0A, 0x947D, 0x9910, 0x994C, 0x5239, 0x5BDF, 0x64E6, 0x672D, 0x7D2E, 0x50ED, 0x53C3, 0x5879, 0x6158, 0x6159,
    0x61FA, 0x65AC, 0x7AD9, 0x8B92, 0x8B96, 0x5009, 0x5021, 0x5275, 0x5531, 0x5A3C, 0x5EE0, 0x5F70, 0x6134, 0x655E, 0x660C, 0x6636,
    0x66A2, 0x69CD, 0x6EC4, 0x6F32, 0x7316, 0x7621, 0x7A93, 0x8139, 0x8259, 0x83D6, 0x84BC, 0x50B5, 0x57F0, 0x5BC0, 0x5BE8, 0x5F69,
    0x63A1, 0x7826, 0x7DB5, 0x83DC, 0x8521, 0x91C7, 0x91F5, 0x518A, 0x67F5, 0x7B56, 0x0000, 0x0000, 0x0000, 0x0000, 0x0000, 0x0000,
    0x0000, 0x0000, 0x0000, 0x0000, 0x0000, 0x0000, 0x0000, 0x0000, 0x0000, 0x0000, 0x0000, 0x0000, 0x0000, 0x0000, 0x0000, 0x0000,
    0x0000, 0x0000, 0x0000, 0x0000, 0x0000, 0x0000, 0x0000, 0x0000, 0x0000, 0x0000, 0x0000, 0x0000, 0x0000, 0x0000, 0x0000, 0x0000,
    0x0000, 0x0000, 0x0000, 0x0000, 0x0000, 0x0000, 0x0000, 0x0000, 0x0000, 0x0000, 0x0000, 0x0000, 0x0000, 0x0000, 0x0000, 0x0000,
    0x0000, 0x0000, 0x0000, 0x0000, 0x0000, 0x0000, 0x0000, 0x0000, 0x0000, 0x0000, 0x0000, 0x0000, 0x0000, 0x0000, 0x0000, 0x0000,
    0x0000, 0x0000, 0x0000, 0x0000, 0x0000, 0x0000, 0x0000, 0x0000, 0x0000, 0x0000, 0x0000, 0x0000, 0x0000, 0x0000, 0x0000, 0x0000,
    0x0000, 0x0000, 0x0000, 0x0000, 0x0000, 0x0000, 0x0000, 0x0000, 0x0000, 0x0000, 0x8CAC, 0x51C4, 0x59BB, 0x60BD, 0x8655, 0x501C,
    0xF9FF, 0x5254, 0x5C3A, 0x617D, 0x621A, 0x62D3, 0x64F2, 0x65A5, 0x6ECC, 0x7620, 0x810A, 0x8E60, 0x965F, 0x96BB, 0x4EDF, 0x5343,
    0x5598, 0x5929, 0x5DDD, 0x64C5, 0x6CC9, 0x6DFA, 0x7394, 0x7A7F, 0x821B, 0x85A6, 0x8CE4, 0x8E10, 0x9077, 0x91E7, 0x95E1, 0x9621,
    0x97C6, 0x51F8, 0x54F2, 0x5586, 0x5FB9, 0x64A4, 0x6F88, 0x7DB4, 0x8F1F, 0x8F4D, 0x9435, 0x50C9, 0x5C16, 0x6CBE, 0x6DFB, 0x751B,
    0x77BB, 0x7C3D, 0x7C64, 0x8A79, 0x8AC2, 0x581E, 0x59BE, 0x5E16, 0x6377, 0x7252, 0x758A, 0x776B, 0x8ADC, 0x8CBC, 0x8F12, 0x5EF3,
    0x6674, 0x6DF8, 0x807D, 0x83C1, 0x8ACB, 0x9751, 0x9BD6, 0xFA00, 0x5243, 0x66FF, 0x6D95, 0x6EEF, 0x7DE0, 0x8AE6, 0x902E, 0x905E,
    0x9AD4, 0x521D, 0x527F, 0x54E8, 0x6194, 0x6284, 0x62DB, 0x68A2, 0x0000, 0x0000, 0x0000, 0x0000, 0x0000, 0x0000, 0x0000, 0x0000,
    0x0000, 0x0000, 0x0000, 0x0000, 0x0000, 0x0000, 0x0000, 0x0000, 0x0000, 0x0000, 0x0000, 0x0000, 0x0000, 0x0000, 0x0000, 0x0000,
    0x0000, 0x0000, 0x0000, 0x0000, 0x0000, 0x0000, 0x0000, 0x0000, 0x0000, 0x0000, 0x0000, 0x0000, 0x0000, 0x0000, 0x0000, 0x0000,
    0x0000, 0x0000, 0x0000, 0x0000, 0x0000, 0x0000, 0x0000, 0x0000, 0x0000, 0x0000, 0x0000, 0x0000, 0x0000, 0x0000, 0x0000, 0x0000,
    0x0000, 0x0000, 0x0000, 0x0000, 0x0000, 0x0000, 0x0000, 0x0000, 0x0000, 0x0000, 0x0000, 0x0000, 0x0000, 0x0000, 0x0000, 0x0000,
    0x0000, 0x0000, 0x0000, 0x0000, 0x0000, 0x0000, 0x0000, 0x0000, 0x0000, 0x0000, 0x0000, 0x0000, 0x0000, 0x0000, 0x0000, 0x0000,
    0x0000, 0x0000, 0x0000, 0x0000, 0x0000, 0x0000, 0x0000, 0x0000, 0x6912, 0x695A, 0x6A35, 0x7092, 0x7126, 0x785D, 0x7901, 0x790E,
    0x79D2, 0x7A0D, 0x8096, 0x8278, 0x82D5, 0x8349, 0x8549, 0x8C82, 0x8D85, 0x9162, 0x918B, 0x91AE, 0x4FC3, 0x56D1, 0x71ED, 0x77D7,
    0x8700, 0x89F8, 0x5BF8, 0x5FD6, 0x6751, 0x90A8, 0x53E2, 0x585A, 0x5BF5, 0x60A4, 0x6181, 0x6460, 0x7E3D, 0x8070, 0x8525, 0x9283,
    0x64AE, 0x50AC, 0x5D14, 0x6700, 0x589C, 0x62BD, 0x63A8, 0x690E, 0x6978, 0x6A1E, 0x6E6B, 0x76BA, 0x79CB, 0x82BB, 0x8429, 0x8ACF,
    0x8DA8, 0x8FFD, 0x9112, 0x914B, 0x919C, 0x9310, 0x9318, 0x939A, 0x96DB, 0x9A36, 0x9C0D, 0x4E11, 0x755C, 0x795D, 0x7AFA, 0x7B51,
    0x7BC9, 0x7E2E, 0x84C4, 0x8E59, 0x8E74, 0x8EF8, 0x9010, 0x6625, 0x693F, 0x7443, 0x51FA, 0x672E, 0x9EDC, 0x5145, 0x5FE0, 0x6C96,
    0x87F2, 0x885D, 0x8877, 0x60B4, 0x81B5, 0x8403, 0x0000, 0x0000, 0x0000, 0x0000, 0x0000, 0x0000, 0x0000, 0x0000, 0x0000, 0x0000,
    0x0000, 0x0000, 0x0000, 0x0000, 0x0000, 0x0000, 0x0000, 0x0000, 0x0000, 0x0000, 0x0000, 0x0000, 0x0000, 0x0000, 0x0000, 0x0000,
    0x0000, 0x0000, 0x0000, 0x0000, 0x0000, 0x0000, 0x0000, 0x0000, 0x0000, 0x0000, 0x0000, 0x0000, 0x0000, 0x0000, 0x0000, 0x0000,
    0x0000, 0x0000, 0x0000, 0x0000, 0x0000, 0x0000, 0x0000, 0x0000, 0x0000, 0x0000, 0x0000, 0x0000, 0x0000, 0x0000, 0x0000, 0x0000,
    0x0000, 0x0000, 0x0000, 0x0000, 0x0000, 0x0000, 0x0000, 0x0000, 0x0000, 0x0000, 0x0000, 0x0000, 0x0000, 0x0000, 0x0000, 0x0000,
    0x0000, 0x0000, 0x0000, 0x0000, 0x0000, 0x0000, 0x0000, 0x0000, 0x0000, 0x0000, 0x0000, 0x0000, 0x0000, 0x0000, 0x0000, 0x0000,
    0x0000, 0x0000, 0x0000, 0x0000, 0x0000, 0x0000, 0x8D05, 0x53D6, 0x5439, 0x5634, 0x5A36, 0x5C31, 0x708A, 0x7FE0, 0x805A, 0x8106,
    0x81ED, 0x8DA3, 0x9189, 0x9A5F, 0x9DF2, 0x5074, 0x4EC4, 0x53A0, 0x60FB, 0x6E2C, 0x5C64, 0x4F88, 0x5024, 0x55E4, 0x5CD9, 0x5E5F,
    0x6065, 0x6894, 0x6CBB, 0x6DC4, 0x71BE, 0x75D4, 0x75F4, 0x7661, 0x7A1A, 0x7A49, 0x7DC7, 0x7DFB, 0x7F6E, 0x81F4, 0x86A9, 0x8F1C,
    0x96C9, 0x99B3, 0x9F52, 0x5247, 0x52C5, 0x98ED, 0x89AA, 0x4E03, 0x67D2, 0x6F06, 0x4FB5, 0x5BE2, 0x6795, 0x6C88, 0x6D78, 0x741B,
    0x7827, 0x91DD, 0x937C, 0x87C4, 0x79E4, 0x7A31, 0x5FEB, 0x4ED6, 0x54A4, 0x553E, 0x58AE, 0x59A5, 0x60F0, 0x6253, 0x62D6, 0x6736,
    0x6955, 0x8235, 0x9640, 0x99B1, 0x99DD, 0x502C, 0x5353, 0x5544, 0x577C, 0xFA01, 0x6258, 0xFA02, 0x64E2, 0x666B, 0x67DD, 0x6FC1,
    0x6FEF, 0x7422, 0x7438, 0x8A17, 0x0000, 0x0000, 0x0000, 0x0000, 0x0000, 0x0000, 0x0000, 0x0000, 0x0000, 0x0000, 0x0000, 0x0000,
    0x0000, 0x0000, 0x0000, 0x0000, 0x0000, 0x0000, 0x0000, 0x0000, 0x0000, 0x0000, 0x0000, 0x0000, 0x0000, 0x0000, 0x0000, 0x0000,
    0x0000, 0x0000, 0x0000, 0x0000, 0x0000, 0x0000, 0x0000, 0x0000, 0x0000, 0x0000, 0x0000, 0x0000, 0x0000, 0x0000, 0x0000, 0x0000,
    0x0000, 0x0000, 0x0000, 0x0000, 0x0000, 0x0000, 0x0000, 0x0000, 0x0000, 0x0000, 0x0000, 0x0000, 0x0000, 0x0000, 0x0000, 0x0000,
    0x0000, 0x0000, 0x0000, 0x0000, 0x0000, 0x0000, 0x0000, 0x0000, 0x0000, 0x0000, 0x0000, 0x0000, 0x0000, 0x0000, 0x0000, 0x0000,
    0x0000, 0x0000, 0x0000, 0x0000, 0x0000, 0x0000, 0x0000, 0x0000, 0x0000, 0x0000, 0x0000, 0x0000, 0x0000, 0x0000, 0x0000, 0x0000,
    0x0000, 0x0000, 0x0000, 0x0000, 0x9438, 0x5451, 0x5606, 0x5766, 0x5F48, 0x619A, 0x6B4E, 0x7058, 0x70AD, 0x7DBB, 0x8A95, 0x596A,
    0x812B, 0x63A2, 0x7708, 0x803D, 0x8CAA, 0x5854, 0x642D, 0x69BB, 0x5B95, 0x5E11, 0x6E6F, 0xFA03, 0x8569, 0x514C, 0x53F0, 0x592A,
    0x6020, 0x614B, 0x6B86, 0x6C70, 0x6CF0, 0x7B1E, 0x80CE, 0x82D4, 0x8DC6, 0x90B0, 0x98B1, 0xFA04, 0x64C7, 0x6FA4, 0x6491, 0x6504,
    0x514E, 0x5410, 0x571F, 0x8A0E, 0x615F, 0x6876, 0xFA05, 0x75DB, 0x7B52, 0x7D71, 0x901A, 0x5806, 0x69CC, 0x817F, 0x892A, 0x9000,
    0x9839, 0x5078, 0x5957, 0x59AC, 0x6295, 0x900F, 0x9B2A, 0x615D, 0x7279, 0x95D6, 0x5761, 0x5A46, 0x5DF4, 0x628A, 0x64AD, 0x64FA,
    0x6777, 0x6CE2, 0x6D3E, 0x722C, 0x7436, 0x7834, 0x7F77, 0x82AD, 0x8DDB, 0x9817, 0x5224, 0x5742, 0x677F, 0x7248, 0x74E3, 0x8CA9,
    0x8FA6, 0x9211, 0x0000, 0x0000, 0x0000, 0x0000, 0x0000, 0x0000, 0x0000, 0x0000, 0x0000, 0x0000, 0x0000, 0x0000, 0x0000, 0x0000,
    0x0000, 0x0000, 0x0000, 0x0000, 0x0000, 0x0000, 0x0000, 0x0000, 0x0000, 0x0000, 0x0000, 0x0000, 0x0000, 0x0000, 0x0000, 0x0000,
    0x0000, 0x0000, 0x0000, 0x0000, 0x0000, 0x0000, 0x0000, 0x0000, 0x0000, 0x0000, 0x0000, 0x0000, 0x0000, 0x0000, 0x0000, 0x0000,
    0x0000, 0x0000, 0x0000, 0x0000, 0x0000, 0x0000, 0x0000, 0x0000, 0x0000, 0x0000, 0x0000, 0x0000, 0x0000, 0x0000, 0x0000, 0x0000,
    0x0000, 0x0000, 0x0000, 0x0000, 0x0000, 0x0000, 0x0000, 0x0000, 0x0000, 0x0000, 0x0000, 0x0000, 0x0000, 0x0000, 0x0000, 0x0000,
    0x0000, 0x0000, 0x0000, 0x0000, 0x0000, 0x0000, 0x0000, 0x0000, 0x0000, 0x0000, 0x0000, 0x0000, 0x0000, 0x0000, 0x0000, 0x0000,
    0x0000, 0x0000, 0x962A, 0x516B, 0x53ED, 0x634C, 0x4F69, 0x5504, 0x6096, 0x6557, 0x6C9B, 0x6D7F, 0x724C, 0x72FD, 0x7A17, 0x8987,
    0x8C9D, 0x5F6D, 0x6F8E, 0x70F9, 0x81A8, 0x610E, 0x4FBF, 0x504F, 0x6241, 0x7247, 0x7BC7, 0x7DE8, 0x7FE9, 0x904D, 0x97AD, 0x9A19,
    0x8CB6, 0x576A, 0x5E73, 0x67B0, 0x840D, 0x8A55, 0x5420, 0x5B16, 0x5E63, 0x5EE2, 0x5F0A, 0x6583, 0x80BA, 0x853D, 0x9589, 0x965B,
    0x4F48, 0x5305, 0x530D, 0x530F, 0x5486, 0x54FA, 0x5703, 0x5E03, 0x6016, 0x629B, 0x62B1, 0x6355, 0xFA06, 0x6CE1, 0x6D66, 0x75B1,
    0x7832, 0x80DE, 0x812F, 0x82DE, 0x8461, 0x84B2, 0x888D, 0x8912, 0x900B, 0x92EA, 0x98FD, 0x9B91, 0x5E45, 0x66B4, 0x66DD, 0x7011,
    0x7206, 0xFA07, 0x4FF5, 0x527D, 0x5F6A, 0x6153, 0x6753, 0x6A19, 0x6F02, 0x74E2, 0x7968, 0x8868, 0x8C79, 0x98C7, 0x98C4, 0x9A43,
    0x0000, 0x0000, 0x0000, 0x0000, 0x0000, 0x0000, 0x0000, 0x0000, 0x0000, 0x0000, 0x0000, 0x0000, 0x0000, 0x0000, 0x0000, 0x0000,
    0x0000, 0x0000, 0x0000, 0x0000, 0x0000, 0x0000, 0x0000, 0x0000, 0x0000, 0x0000, 0x0000, 0x0000, 0x0000, 0x0000, 0x0000, 0x0000,
    0x0000, 0x0000, 0x0000, 0x0000, 0x0000, 0x0000, 0x0000, 0x0000, 0x0000, 0x0000, 0x0000, 0x0000, 0x0000, 0x0000, 0x0000, 0x0000,
    0x0000, 0x0000, 0x0000, 0x0000, 0x0000, 0x0000, 0x0000, 0x0000, 0x0000, 0x0000, 0x0000, 0x0000, 0x0000, 0x0000, 0x0000, 0x0000,
    0x0000, 0x0000, 0x0000, 0x0000, 0x0000, 0x0000, 0x0000, 0x0000, 0x0000, 0x0000, 0x0000, 0x0000, 0x0000, 0x0000, 0x0000, 0x0000,
    0x0000, 0x0000, 0x0000, 0x0000, 0x0000, 0x0000, 0x0000, 0x0000, 0x0000, 0x0000, 0x0000, 0x0000, 0x0000, 0x0000, 0x0000, 0x0000,
    0x54C1, 0x7A1F, 0x6953, 0x8AF7, 0x8C4A, 0x98A8, 0x99AE, 0x5F7C, 0x62AB, 0x75B2, 0x76AE, 0x88AB, 0x907F, 0x9642, 0x5339, 0x5F3C,
    0x5FC5, 0x6CCC, 0x73CC, 0x7562, 0x758B, 0x7B46, 0x82FE, 0x999D, 0x4E4F, 0x903C, 0x4E0B, 0x4F55, 0x53A6, 0x590F, 0x5EC8, 0x6630,
    0x6CB3, 0x7455, 0x8377, 0x8766, 0x8CC0, 0x9050, 0x971E, 0x9C15, 0x58D1, 0x5B78, 0x8650, 0x8B14, 0x9DB4, 0x5BD2, 0x6068, 0x608D,
    0x65F1, 0x6C57, 0x6F22, 0x6FA3, 0x701A, 0x7F55, 0x7FF0, 0x9591, 0x9592, 0x9650, 0x97D3, 0x5272, 0x8F44, 0x51FD, 0x542B, 0x54B8,
    0x5563, 0x558A, 0x6ABB, 0x6DB5, 0x7DD8, 0x8266, 0x929C, 0x9677, 0x9E79, 0x5408, 0x54C8, 0x76D2, 0x86E4, 0x95A4, 0x95D4, 0x965C,
    0x4EA2, 0x4F09, 0x59EE, 0x5AE6, 0x5DF7, 0x6052, 0x6297, 0x676D, 0x6841, 0x6C86, 0x6E2F, 0x7F38, 0x809B, 0x822A, 0x0000, 0x0000,
    0x0000, 0x0000, 0x0000, 0x0000, 0x0000, 0x0000, 0x0000, 0x0000, 0x0000, 0x0000, 0x0000, 0x0000, 0x0000, 0x0000, 0x0000, 0x0000,
    0x0000, 0x0000, 0x0000, 0x0000, 0x0000, 0x0000, 0x0000, 0x0000, 0x0000, 0x0000, 0x0000, 0x0000, 0x0000, 0x0000, 0x0000, 0x0000,
    0x0000, 0x0000, 0x0000, 0x0000, 0x0000, 0x0000, 0x0000, 0x0000, 0x0000, 0x0000, 0x0000, 0x0000, 0x0000, 0x0000, 0x0000, 0x0000,
    0x0000, 0x0000, 0x0000, 0x0000, 0x0000, 0x0000, 0x0000, 0x0000, 0x0000, 0x0000, 0x0000, 0x0000, 0x0000, 0x0000, 0x0000, 0x0000,
    0x0000, 0x0000, 0x0000, 0x0000, 0x0000, 0x0000, 0x0000, 0x0000, 0x0000, 0x0000, 0x0000, 0x0000, 0x0000, 0x0000, 0x0000, 0x0000,
    0x0000, 0x0000, 0x0000, 0x0000, 0x0000, 0x0000, 0x0000, 0x0000, 0x0000, 0x0000, 0x0000, 0x0000, 0x0000, 0x0000, 0xFA08, 0xFA09,
    0x9805, 0x4EA5, 0x5055, 0x54B3, 0x5793, 0x595A, 0x5B69, 0x5BB3, 0x61C8, 0x6977, 0x6D77, 0x7023, 0x87F9, 0x89E3, 0x8A72, 0x8AE7,
    0x9082, 0x99ED, 0x9AB8, 0x52BE, 0x6838, 0x5016, 0x5E78, 0x674F, 0x8347, 0x884C, 0x4EAB, 0x5411, 0x56AE, 0x73E6, 0x9115, 0x97FF,
    0x9909, 0x9957, 0x9999, 0x5653, 0x589F, 0x865B, 0x8A31, 0x61B2, 0x6AF6, 0x737B, 0x8ED2, 0x6B47, 0x96AA, 0x9A57, 0x5955, 0x7200,
    0x8D6B, 0x9769, 0x4FD4, 0x5CF4, 0x5F26, 0x61F8, 0x665B, 0x6CEB, 0x70AB, 0x7384, 0x73B9, 0x73FE, 0x7729, 0x774D, 0x7D43, 0x7D62,
    0x7E23, 0x8237, 0x8852, 0xFA0A, 0x8CE2, 0x9249, 0x986F, 0x5B51, 0x7A74, 0x8840, 0x9801, 0x5ACC, 0x4FE0, 0x5354, 0x593E, 0x5CFD,
    0x633E, 0x6D79, 0x72F9, 0x8105, 0x8107, 0x83A2, 0x92CF, 0x9830, 0x4EA8, 0x5144, 0x5211, 0x578B, 0x0000, 0x0000, 0x0000, 0x0000,
    0x0000, 0x0000, 0x0000, 0x0000, 0x0000, 0x0000, 0x0000, 0x0000, 0x0000, 0x0000, 0x0000, 0x0000, 0x0000, 0x0000, 0x0000, 0x0000,
    0x0000, 0x0000, 0x0000, 0x0000, 0x0000, 0x0000, 0x0000, 0x0000, 0x0000, 0x0000, 0x0000, 0x0000, 0x0000, 0x0000, 0x0000, 0x0000,
    0x0000, 0x0000, 0x0000, 0x0000, 0x0000, 0x0000, 0x0000, 0x0000, 0x0000, 0x0000, 0x0000, 0x0000, 0x0000, 0x0000, 0x0000, 0x0000,
    0x0000, 0x0000, 0x0000, 0x0000, 0x0000, 0x0000, 0x0000, 0x0000, 0x0000, 0x0000, 0x0000, 0x0000, 0x0000, 0x0000, 0x0000, 0x0000,
    0x0000, 0x0000, 0x0000, 0x0000, 0x0000, 0x0000, 0x0000, 0x0000, 0x0000, 0x0000, 0x0000, 0x0000, 0x0000, 0x0000, 0x0000, 0x0000,
    0x0000, 0x0000, 0x0000, 0x0000, 0x0000, 0x0000, 0x0000, 0x0000, 0x0000, 0x0000, 0x0000, 0x0000, 0x5F62, 0x6CC2, 0x6ECE, 0x7005,
    0x7050, 0x70AF, 0x7192, 0x73E9, 0x7469, 0x834A, 0x87A2, 0x8861, 0x9008, 0x90A2, 0x93A3, 0x99A8, 0x516E, 0x5F57, 0x60E0, 0x6167,
    0x66B3, 0x8559, 0x8E4A, 0x91AF, 0x978B, 0x4E4E, 0x4E92, 0x547C, 0x58D5, 0x58FA, 0x597D, 0x5CB5, 0x5F27, 0x6236, 0x6248, 0x660A,
    0x6667, 0x6BEB, 0x6D69, 0x6DCF, 0x6E56, 0x6EF8, 0x6F94, 0x6FE0, 0x6FE9, 0x705D, 0x72D0, 0x7425, 0x745A, 0x74E0, 0x7693, 0x795C,
    0x7CCA, 0x7E1E, 0x80E1, 0x82A6, 0x846B, 0x84BF, 0x864E, 0x865F, 0x8774, 0x8B77, 0x8C6A, 0x93AC, 0x9800, 0x9865, 0x60D1, 0x6216,
    0x9177, 0x5A5A, 0x660F, 0x6DF7, 0x6E3E, 0x743F, 0x9B42, 0x5FFD, 0x60DA, 0x7B0F, 0x54C4, 0x5F18, 0x6C5E, 0x6CD3, 0x6D2A, 0x70D8,
    0x7D05, 0x8679, 0x8A0C, 0x9D3B, 0x5316, 0x548C, 0x5B05, 0x6A3A, 0x706B, 0x7575, 0x0000, 0x0000, 0x0000, 0x0000, 0x0000, 0x0000,
    0x0000, 0x0000, 0x0000, 0x0000, 0x0000, 0x0000, 0x0000, 0x0000, 0x0000, 0x0000, 0x0000, 0x0000, 0x0000, 0x0000, 0x0000, 0x0000,
    0x0000, 0x0000, 0x0000, 0x0000, 0x0000, 0x0000, 0x0000, 0x0000, 0x0000, 0x0000, 0x0000, 0x0000, 0x0000, 0x0000, 0x0000, 0x0000,
    0x0000, 0x0000, 0x0000, 0x0000, 0x0000, 0x0000, 0x0000, 0x0000, 0x0000, 0x0000, 0x0000, 0x0000, 0x0000, 0x0000, 0x0000, 0x0000,
    0x0000, 0x0000, 0x0000, 0x0000, 0x0000, 0x0000, 0x0000, 0x0000, 0x0000, 0x0000, 0x0000, 0x0000, 0x0000, 0x0000, 0x0000, 0x0000,
    0x0000, 0x0000, 0x0000, 0x0000, 0x0000, 0x0000, 0x0000, 0x0000, 0x0000, 0x0000, 0x0000, 0x0000, 0x0000, 0x0000, 0x0000, 0x0000,
    0x0000, 0x0000, 0x0000, 0x0000, 0x0000, 0x0000, 0x0000, 0x0000, 0x0000, 0x0000, 0x798D, 0x79BE, 0x82B1, 0x83EF, 0x8A71, 0x8B41,
    0x8CA8, 0x9774, 0xFA0B, 0x64F4, 0x652B, 0x78BA, 0x78BB, 0x7A6B, 0x4E38, 0x559A, 0x5950, 0x5BA6, 0x5E7B, 0x60A3, 0x63DB, 0x6B61,
    0x6665, 0x6853, 0x6E19, 0x7165, 0x74B0, 0x7D08, 0x9084, 0x9A69, 0x9C25, 0x6D3B, 0x6ED1, 0x733E, 0x8C41, 0x95CA, 0x51F0, 0x5E4C,
    0x5FA8, 0x604D, 0x60F6, 0x6130, 0x614C, 0x6643, 0x6644, 0x69A5, 0x6CC1, 0x6E5F, 0x6EC9, 0x6F62, 0x714C, 0x749C, 0x7687, 0x7BC1,
    0x7C27, 0x8352, 0x8757, 0x9051, 0x968D, 0x9EC3, 0x532F, 0x56DE, 0x5EFB, 0x5F8A, 0x6062, 0x6094, 0x61F7, 0x6666, 0x6703, 0x6A9C,
    0x6DEE, 0x6FAE, 0x7070, 0x736A, 0x7E6A, 0x81BE, 0x8334, 0x86D4, 0x8AA8, 0x8CC4, 0x5283, 0x7372, 0x5B96, 0x6A6B, 0x9404, 0x54EE,
    0x5686, 0x5B5D, 0x6548, 0x6585, 0x66C9, 0x689F, 0x6D8D, 0x6DC6, 0x0000, 0x0000, 0x0000, 0x0000, 0x0000, 0x0000, 0x0000, 0x0000,
    0x0000, 0x0000, 0x0000, 0x0000, 0x0000, 0x0000, 0x0000, 0x0000, 0x0000, 0x0000, 0x0000, 0x0000, 0x0000, 0x0000, 0x0000, 0x0000,
    0x0000, 0x0000, 0x0000, 0x0000, 0x0000, 0x0000, 0x0000, 0x0000, 0x0000, 0x0000, 0x0000, 0x0000, 0x0000, 0x0000, 0x0000, 0x0000,
    0x0000, 0x0000, 0x0000, 0x0000, 0x0000, 0x0000, 0x0000, 0x0000, 0x0000, 0x0000, 0x0000, 0x0000, 0x0000, 0x0000, 0x0000, 0x0000,
    0x0000, 0x0000, 0x0000, 0x0000, 0x0000, 0x0000, 0x0000, 0x0000, 0x0000, 0x0000, 0x0000, 0x0000, 0x0000, 0x0000, 0x0000, 0x0000,
    0x0000, 0x0000, 0x0000, 0x0000, 0x0000, 0x0000, 0x0000, 0x0000, 0x0000, 0x0000, 0x0000, 0x0000, 0x0000, 0x0000, 0x0000, 0x0000,
    0x0000, 0x0000, 0x0000, 0x0000, 0x0000, 0x0000, 0x0000, 0x0000, 0x723B, 0x80B4, 0x9175, 0x9A4D, 0x4FAF, 0x5019, 0x539A, 0x540E,
    0x543C, 0x5589, 0x55C5, 0x5E3F, 0x5F8C, 0x673D, 0x7166, 0x73DD, 0x9005, 0x52DB, 0x52F3, 0x5864, 0x58CE, 0x7104, 0x718F, 0x71FB,
    0x85B0, 0x8A13, 0x6688, 0x85A8, 0x55A7, 0x6684, 0x714A, 0x8431, 0x5349, 0x5599, 0x6BC1, 0x5F59, 0x5FBD, 0x63EE, 0x6689, 0x7147,
    0x8AF1, 0x8F1D, 0x9EBE, 0x4F11, 0x643A, 0x70CB, 0x7566, 0x8667, 0x6064, 0x8B4E, 0x9DF8, 0x5147, 0x51F6, 0x5308, 0x6D36, 0x80F8,
    0x9ED1, 0x6615, 0x6B23, 0x7098, 0x75D5, 0x5403, 0x5C79, 0x7D07, 0x8A16, 0x6B20, 0x6B3D, 0x6B46, 0x5438, 0x6070, 0x6D3D, 0x7FD5,
    0x8208, 0x50D6, 0x51DE, 0x559C, 0x566B, 0x56CD, 0x59EC, 0x5B09, 0x5E0C, 0x6199, 0x6198, 0x6231, 0x665E, 0x66E6, 0x7199, 0x71B9,
    0x71BA, 0x72A7, 0x79A7, 0x7A00, 0x7FB2, 0x8A70, 0x0000, 0x0000, 0x0000, 0x0000, 0x0000, 0x0000, 0x0000, 0x0000, 0x0000, 0x0000,
    0x0000, 0x0000, 0x0000, 0x0000, 0x0000, 0x0000, 0x0000, 0x0000, 0x0000, 0x0000, 0x0000, 0x0000, 0x0000, 0x0000, 0x0000, 0x0000,
    0x0000, 0x0000, 0x0000, 0x0000, 0x0000, 0x0000, 0x0000, 0x0000, 0x0000, 0x0000, 0x0000, 0x0000, 0x0000, 0x0000, 0x0000, 0x0000,
    0x0000, 0x0000, 0x0000, 0x0000, 0x0000, 0x0000, 0x0000, 0x0000, 0x0000, 0x0000, 0x0000, 0x0000, 0x0000, 0x0000, 0x0000, 0x0000,
    0x0000, 0x0000, 0x0000, 0x0000, 0x0000, 0x0000, 0x0000, 0x0000, 0x0000, 0x0000, 0x0000, 0x0000, 0x0000, 0x0000, 0x0000, 0x0000,
    0x0000, 0x0000, 0x0000, 0x0000, 0x0000, 0x0000, 0x0000, 0x0000, 0x0000, 0x0000, 0x0000, 0x0000, 0x0000, 0x0000, 0x0000, 0x0000,
    0x0000, 0x0000, 0x0000, 0x0000, 0x0000, 0x0000, 0x0000, 0x0000, 0x0000, 0x0000, 0x0000, 0x0000, 0x0000, 0x0000, 0x0000, 0x0000,
    0x0000, 0x0000, 0x0000, 0x0000, 0x0000, 0x0000, 0x0000, 0x0000, 0x0000, 0x0000, 0x0000, 0x0000, 0x0000, 0x0000, 0x0000, 0x0000,
    0x0000, 0x0000, 0x0000, 0x0000, 0x0000, 0x0000, 0x0000, 0x0000, 0x0000, 0x0000, 0x0000, 0x0000, 0x0000, 0x0000, 0x0000, 0x0000,
    0x0000, 0x0000, 0x0000, 0x0000, 0x0000, 0x0000, 0x0000, 0x0000, 0x0000, 0x0000, 0x0000, 0x0000, 0x0000, 0x0000, 0x0000, 0x0000,
    0x0000, 0x0000, 0x0000, 0x0000, 0x0000, 0x0000, 0x0000, 0x0000, 0x0000, 0x0000, 0x0000, 0x0000, 0x0000, 0x0000, 0x0000, 0x0000,
    0x0000, 0x0000, 0x0000, 0x0000, 0x0000, 0x0000, 0x0000, 0x0000, 0x0000, 0x0000, 0x0000, 0x0000, 0x0000, 0x0000, 0x0000, 0x0000,
    0x0000, 0x0000, 0x0000, 0x0000,
];

#[rustfmt::skip]
pub static EUC_KR_ENCODE_CODE_POINTS: [u16; 17048] = [
    0x00A1, 0x00A4, 0x00A7, 0x00A8, 0x00AA, 0x00AD, 0x00AE, 0x00B0, 0x00B1, 0x00B2, 0x00B3, 0x00B4, 0x00B6, 0x00B7, 0x00B8, 0x00B9,
    0x00BA, 0x00BC, 0x00BD, 0x00BE, 0x00BF, 0x00C6, 0x00D0, 0x00D7, 0x00D8, 0x00DE, 0x00DF, 0x00E6, 0x00F0, 0x00F7, 0x00F8, 0x00FE,
    0x0111, 0x0126, 0x0127, 0x0131, 0x0132, 0x0133, 0x0138, 0x013F, 0x0140, 0x0141, 0x0142, 0x0149, 0x014A, 0x014B, 0x0152, 0x0153,
    0x0166, 0x0167, 0x02C7, 0x02D0, 0x02D8, 0x02D9, 0x02DA, 0x02DB, 0x02DD, 0x0391, 0x0392, 0x0393, 0x0394, 0x0395, 0x0396, 0x0397,
    0x0398, 0x0399, 0x039A, 0x039B, 0x039C, 0x039D, 0x039E, 0x039F, 0x03A0, 0x03A1, 0x03A3, 0x03A4, 0x03A5, 0x03A6, 0x03A7, 0x03A8,
    0x03A9, 0x03B1, 0x03B2, 0x03B3, 0x03B4, 0x03B5, 0x03B6, 0x03B7, 0x03B8, 0x03B9, 0x03BA, 0x03BB, 0x03BC, 0x03BD, 0x03BE, 0x03BF,
    0x03C0, 0x03C1, 0x03C3, 0x03C4, 0x03C5, 0x03C6, 0x03C7, 0x03C8, 0x03C9, 0x0401, 0x0410, 0x0411, 0x0412, 0x0413, 0x0414, 0x0415,
    0x0416, 0x0417, 0x0418, 0x0419, 0x041A, 0x041B, 0x041C, 0x041D, 0x041E, 0x041F, 0x0420, 0x0421, 0x0422, 0x0423, 0x0424, 0x0425,
    0x0426, 0x0427, 0x0428, 0x0429, 0x042A, 0x042B, 0x042C, 0x042D, 0x042E, 0x042F, 0x0430, 0x0431, 0x0432, 0x0433, 0x0434, 0x0435,
    0x0436, 0x0437, 0x0438, 0x0439, 0x043A, 0x043B, 0x043C, 0x043D, 0x043E, 0x043F, 0x0440, 0x0441, 0x0442, 0x0443, 0x0444, 0x0445,
    0x0446, 0x0447, 0x0448, 0x0449, 0x044A, 0x044B, 0x044C, 0x044D, 0x044E, 0x044F, 0x0451, 0x2015, 0x2018, 0x2019, 0x201C, 0x201D,
    0x2020, 0x2021, 0x2025, 0x2026, 0x2030, 0x2032, 0x2033, 0x203B, 0x2074, 0x207F, 0x2081, 0x2082, 0x2083, 0x2084, 0x20AC, 0x2103,
    0x2109, 0x2113, 0x2116, 0x2121, 0x2122, 0x2126, 0x212B, 0x2153, 0x2154, 0x215B, 0x215C, 0x215D, 0x215E, 0x2160, 0x2161, 0x2162,
    0x2163, 0x2164, 0x2165, 0x2166, 0x2167, 0x2168, 0x2169, 0x2170, 0x2171, 0x2172, 0x2173, 0x2174, 0x2175, 0x2176, 0x2177, 0x2178,
    0x2179, 0x2190, 0x2191, 0x2192, 0x2193, 0x2194, 0x2195, 0x2196, 0x2197, 0x2198, 0x2199, 0x21D2, 0x21D4, 0x2200, 0x2202, 0x2203,
    0x2207, 0x2208, 0x220B, 0x220F, 0x2211, 0x221A, 0x221D, 0x221E, 0x2220, 0x2225, 0x2227, 0x2228, 0x2229, 0x222A, 0x222B, 0x222C,
    0x222E, 0x2234, 0x2235, 0x223C, 0x223D, 0x2252, 0x2260, 0x2261, 0x2264, 0x2265, 0x226A, 0x226B, 0x2282, 0x2283, 0x2286, 0x2287,
    0x2299, 0x22A5, 0x2312, 0x2460, 0x2461, 0x2462, 0x2463, 0x2464, 0x2465, 0x2466, 0x2467, 0x2468, 0x2469, 0x246A, 0x246B, 0x246C,
    0x246D, 0x246E, 0x2474, 0x2475, 0x2476, 0x2477, 0x2478, 0x2479, 0x247A, 0x247B, 0x247C, 0x247D, 0x247E, 0x247F, 0x2480, 0x2481,
    0x2482, 0x249C, 0x249D, 0x249E, 0x249F, 0x24A0, 0x24A1, 0x24A2, 0x24A3, 0x24A4, 0x24A5, 0x24A6, 0x24A7, 0x24A8, 0x24A9, 0x24AA,
    0x24AB, 0x24AC, 0x24AD, 0x24AE, 0x24AF, 0x24B0, 0x24B1, 0x24B2, 0x24B3, 0x24B4, 0x24B5, 0x24D0, 0x24D1, 0x24D2, 0x24D3, 0x24D4,
    0x24D5, 0x24D6, 0x24D7, 0x24D8, 0x24D9, 0x24DA, 0x24DB, 0x24DC, 0x24DD, 0x24DE, 0x24DF, 0x24E0, 0x24E1, 0x24E2, 0x24E3, 0x24E4,
    0x24E5, 0x24E6, 0x24E7, 0x24E8, 0x24E9, 0x2500, 0x2501, 0x2502, 0x2503, 0x250C, 0x250D, 0x250E, 0x250F, 0x2510, 0x2511, 0x2512,
    0x2513, 0x2514, 0x2515, 0x2516, 0x2517, 0x2518, 0x2519, 0x251A, 0x251B, 0x251C, 0x251D, 0x251E, 0x251F, 0x2520, 0x2521, 0x2522,
    0x2523, 0x2524, 0x2525, 0x2526, 0x2527, 0x2528, 0x2529, 0x252A, 0x252B, 0x252C, 0x252D, 0x252E, 0x252F, 0x2530, 0x2531, 0x2532,
    0x2533, 0x2534, 0x2535, 0x2536, 0x2537, 0x2538, 0x2539, 0x253A, 0x253B, 0x253C, 0x253D, 0x253E, 0x253F, 0x2540, 0x2541, 0x2542,
    0x2543, 0x2544, 0x2545, 0x2546, 0x2547, 0x2548, 0x2549, 0x254A, 0x254B, 0x2592, 0x25A0, 0x25A1, 0x25A3, 0x25A4, 0x25A5, 0x25A6,
    0x25A7, 0x25A8, 0x25A9, 0x25B2, 0x25B3, 0x25B6, 0x25B7, 0x25BC, 0x25BD, 0x25C0, 0x25C1, 0x25C6, 0x25C7, 0x25C8, 0x25CB, 0x25CE,
    0x25CF, 0x25D0, 0x25D1, 0x2605, 0x2606, 0x260E, 0x260F, 0x261C, 0x261E, 0x2640, 0x2642, 0x2660, 0x2661, 0x2663, 0x2664, 0x2665,
    0x2667, 0x2668, 0x2669, 0x266A, 0x266C, 0x266D, 0x3000, 0x3001, 0x3002, 0x3003, 0x3008, 0x3009, 0x300A, 0x300B, 0x300C, 0x300D,
    0x300E, 0x300F, 0x3010, 0x3011, 0x3013, 0x3014, 0x3015, 0x3041, 0x3042, 0x3043, 0x3044, 0x3045, 0x3046, 0x3047, 0x3048, 0x3049,
    0x304A, 0x304B, 0x304C, 0x304D, 0x304E, 0x304F, 0x3050, 0x3051, 0x3052, 0x3053, 0x3054, 0x3055, 0x3056, 0x3057, 0x3058, 0x3059,
    0x305A, 0x305B, 0x305C, 0x305D, 0x305E, 0x305F, 0x3060, 0x3061, 0x3062, 0x3063, 0x3064, 0x3065, 0x3066, 0x3067, 0x3068, 0x3069,
    0x306A, 0x306B, 0x306C, 0x306D, 0x306E, 0x306F, 0x3070, 0x3071, 0x3072, 0x3073, 0x3074, 0x3075, 0x3076, 0x3077, 0x3078, 0x3079,
    0x307A, 0x307B, 0x307C, 0x307D, 0x307E, 0x307F, 0x3080, 0x3081, 0x3082, 0x3083, 0x3084, 0x3085, 0x3086, 0x3087, 0x3088, 0x3089,
    0x308A, 0x308B, 0x308C, 0x308D, 0x308E, 0x308F, 0x3090, 0x3091, 0x3092, 0x3093, 0x30A1, 0x30A2, 0x30A3, 0x30A4, 0x30A5, 0x30A6,
    0x30A7, 0x30A8, 0x30A9, 0x30AA, 0x30AB, 0x30AC, 0x30AD, 0x30AE, 0x30AF, 0x30B0, 0x30B1, 0x30B2, 0x30B3, 0x30B4, 0x30B5, 0x30B6,
    0x30B7, 0x30B8, 0x30B9, 0x30BA, 0x30BB, 0x30BC, 0x30BD, 0x30BE, 0x30BF, 0x30C0, 0x30C1, 0x30C2, 0x30C3, 0x30C4, 0x30C5, 0x30C6,
    0x30C7, 0x30C8, 0x30C9, 0x30CA, 0x30CB, 0x30CC, 0x30CD, 0x30CE, 0x30CF, 0x30D0, 0x30D1, 0x30D2, 0x30D3, 0x30D4, 0x30D5, 0x30D6,
    0x30D7, 0x30D8, 0x30D9, 0x30DA, 0x30DB, 0x30DC, 0x30DD, 0x30DE, 0x30DF, 0x30E0, 0x30E1, 0x30E2, 0x30E3, 0x30E4, 0x30E5, 0x30E6,
    0x30E7, 0x30E8, 0x30E9, 0x30EA, 0x30EB, 0x30EC, 0x30ED, 0x30EE, 0x30EF, 0x30F0, 0x30F1, 0x30F2, 0x30F3, 0x30F4, 0x30F5, 0x30F6,
    0x3131, 0x3132, 0x3133, 0x3134, 0x3135, 0x3136, 0x3137, 0x3138, 0x3139, 0x313A, 0x313B, 0x313C, 0x313D, 0x313E, 0x313F, 0x3140,
    0x3141, 0x3142, 0x3143, 0x3144, 0x3145, 0x3146, 0x3147, 0x3148, 0x3149, 0x314A, 0x314B, 0x314C, 0x314D, 0x314E, 0x314F, 0x3150,
    0x3151, 0x3152, 0x3153, 0x3154, 0x3155, 0x3156, 0x3157, 0x3158, 0x3159, 0x315A, 0x315B, 0x315C, 0x315D, 0x315E, 0x315F, 0x3160,
    0x3161, 0x3162, 0x3163, 0x3164, 0x3165, 0x3166, 0x3167, 0x3168, 0x3169, 0x316A, 0x316B, 0x316C, 0x316D, 0x316E, 0x316F, 0x3170,
    0x3171, 0x3172, 0x3173, 0x3174, 0x3175, 0x3176, 0x3177, 0x3178, 0x3179, 0x317A, 0x317B, 0x317C, 0x317D, 0x317E, 0x317F, 0x3180,
    0x3181, 0x3182, 0x3183, 0x3184, 0x3185, 0x3186, 0x3187, 0x3188, 0x3189, 0x318A, 0x318B, 0x318C, 0x318D, 0x318E, 0x3200, 0x3201,
    0x3202, 0x3203, 0x3204, 0x3205, 0x3206, 0x3207, 0x3208, 0x3209, 0x320A, 0x320B, 0x320C, 0x320D, 0x320E, 0x320F, 0x3210, 0x3211,
    0x3212, 0x3213, 0x3214, 0x3215, 0x3216, 0x3217, 0x3218, 0x3219, 0x321A, 0x321B, 0x321C, 0x3260, 0x3261, 0x3262, 0x3263, 0x3264,
    0x3265, 0x3266, 0x3267, 0x3268, 0x3269, 0x326A, 0x326B, 0x326C, 0x326D, 0x326E, 0x326F, 0x3270, 0x3271, 0x3272, 0x3273, 0x3274,
    0x3275, 0x3276, 0x3277, 0x3278, 0x3279, 0x327A, 0x327B, 0x327F, 0x3380, 0x3381, 0x3382, 0x3383, 0x3384, 0x3388, 0x3389, 0x338A,
    0x338B, 0x338C, 0x338D, 0x338E, 0x338F, 0x3390, 0x3391, 0x3392, 0x3393, 0x3394, 0x3395, 0x3396, 0x3397, 0x3398, 0x3399, 0x339A,
    0x339B, 0x339C, 0x339D, 0x339E, 0x339F, 0x33A0, 0x33A1, 0x33A2, 0x33A3, 0x33A4, 0x33A5, 0x33A6, 0x33A7, 0x33A8, 0x33A9, 0x33AA,
    0x33AB, 0x33AC, 0x33AD, 0x33AE, 0x33AF, 0x33B0, 0x33B1, 0x33B2, 0x33B3, 0x33B4, 0x33B5, 0x33B6, 0x33B7, 0x33B8, 0x33B9, 0x33BA,
    0x33BB, 0x33BC, 0x33BD, 0x33BE, 0x33BF, 0x33C0, 0x33C1, 0x33C2, 0x33C3, 0x33C4, 0x33C5, 0x33C6, 0x33C7, 0x33C8, 0x33C9, 0x33CA,
    0x33CF, 0x33D0, 0x33D3, 0x33D6, 0x33D8, 0x33DB, 0x33DC, 0x33DD, 0x4E00, 0x4E01, 0x4E03, 0x4E07, 0x4E08, 0x4E09, 0x4E0A, 0x4E0B,
    0x4E0D, 0x4E11, 0x4E14, 0x4E15, 0x4E16, 0x4E18, 0x4E19, 0x4E1E, 0x4E2D, 0x4E32, 0x4E38, 0x4E39, 0x4E3B, 0x4E42, 0x4E43, 0x4E45,
    0x4E4B, 0x4E4D, 0x4E4E, 0x4E4F, 0x4E56, 0x4E58, 0x4E59, 0x4E5D, 0x4E5E, 0x4E5F, 0x4E6B, 0x4E6D, 0x4E73, 0x4E76, 0x4E77, 0x4E7E,
    0x4E82, 0x4E86, 0x4E88, 0x4E8B, 0x4E8C, 0x4E8E, 0x4E90, 0x4E91, 0x4E92, 0x4E94, 0x4E95, 0x4E98, 0x4E9B, 0x4E9E, 0x4EA1, 0x4EA2,
    0x4EA4, 0x4EA5, 0x4EA6, 0x4EA8, 0x4EAB, 0x4EAC, 0x4EAD, 0x4EAE, 0x4EB6, 0x4EBA, 0x4EC0, 0x4EC1, 0x4EC4, 0x4EC7, 0x4ECA, 0x4ECB,
    0x4ECD, 0x4ED4, 0x4ED5, 0x4ED6, 0x4ED7, 0x4ED8, 0x4ED9, 0x4EDD, 0x4EDF, 0x4EE3, 0x4EE4, 0x4EE5, 0x4EF0, 0x4EF2, 0x4EF6, 0x4EF7,
    0x4EFB, 0x4F01, 0x4F09, 0x4F0A, 0x4F0B, 0x4F0D, 0x4F0E, 0x4F0F, 0x4F10, 0x4F11, 0x4F2F, 0x4F34, 0x4F36, 0x4F38, 0x4F3A, 0x4F3C,
    0x4F3D, 0x4F43, 0x4F46, 0x4F47, 0x4F48, 0x4F4D, 0x4F4E, 0x4F4F, 0x4F50, 0x4F51, 0x4F55, 0x4F59, 0x4F5A, 0x4F5B, 0x4F5C, 0x4F69,
    0x4F6F, 0x4F70, 0x4F73, 0x4F76, 0x4F7A, 0x4F7E, 0x4F7F, 0x4F81, 0x4F83, 0x4F84, 0x4F86, 0x4F88, 0x4F8A, 0x4F8B, 0x4F8D, 0x4F8F,
    0x4F91, 0x4F96, 0x4F98, 0x4F9B, 0x4F9D, 0x4FAE, 0x4FAF, 0x4FB5, 0x4FB6, 0x4FBF, 0x4FC2, 0x4FC3, 0x4FC4, 0x4FC9, 0x4FCA, 0x4FCE,
    0x4FD1, 0x4FD3, 0x4FD4, 0x4FD7, 0x4FDA, 0x4FDD, 0x4FDF, 0x4FE0, 0x4FE1, 0x4FEE, 0x4FEF, 0x4FF1, 0x4FF3, 0x4FF5, 0x4FF8, 0x4FFA,
    0x5002, 0x5006, 0x5009, 0x500B, 0x500D, 0x5011, 0x5012, 0x5016, 0x5019, 0x501A, 0x501C, 0x501E, 0x501F, 0x5021, 0x5023, 0x5024,
    0x5026, 0x5027, 0x5028, 0x502A, 0x502B, 0x502C, 0x502D, 0x503B, 0x5043, 0x5047, 0x5048, 0x5049, 0x504F, 0x5055, 0x505A, 0x505C,
    0x5065, 0x5074, 0x5075, 0x5076, 0x5078, 0x5080, 0x5085, 0x508D, 0x5091, 0x5098, 0x5099, 0x50AC, 0x50AD, 0x50B2, 0x50B3, 0x50B5,
    0x50B7, 0x50BE, 0x50C5, 0x50C9, 0x50CA, 0x50CF, 0x50D1, 0x50D5, 0x50D6, 0x50DA, 0x50DE, 0x50E5, 0x50E7, 0x50ED, 0x50F9, 0x50FB,
    0x50FF, 0x5100, 0x5101, 0x5104, 0x5106, 0x5109, 0x5112, 0x511F, 0x5121, 0x512A, 0x5132, 0x5137, 0x513A, 0x513C, 0x5140, 0x5141,
    0x5143, 0x5144, 0x5145, 0x5146, 0x5147, 0x5148, 0x5149, 0x514B, 0x514C, 0x514D, 0x514E, 0x5152, 0x515C, 0x5162, 0x5165, 0x5167,
    0x5168, 0x5169, 0x516A, 0x516B, 0x516C, 0x516D, 0x516E, 0x5171, 0x5175, 0x5176, 0x5177, 0x5178, 0x517C, 0x5180, 0x5186, 0x518A,
    0x518D, 0x5192, 0x5195, 0x5197, 0x51A0, 0x51A5, 0x51AA, 0x51AC, 0x51B6, 0x51B7, 0x51BD, 0x51C4, 0x51C6, 0x51C9, 0x51CB, 0x51CC,
    0x51CD, 0x51DC, 0x51DD, 0x51DE, 0x51E1, 0x51F0, 0x51F1, 0x51F6, 0x51F8, 0x51F9, 0x51FA, 0x51FD, 0x5200, 0x5203, 0x5206, 0x5207,
    0x5208, 0x520A, 0x520E, 0x5211, 0x5217, 0x521D, 0x5224, 0x5225, 0x5229, 0x522A, 0x522E, 0x5230, 0x5236, 0x5237, 0x5238, 0x5239,
    0x523A, 0x523B, 0x5243, 0x5247, 0x524A, 0x524B, 0x524C, 0x524D, 0x5254, 0x5256, 0x525B, 0x525D, 0x5261, 0x5269, 0x526A, 0x526F,
    0x5272, 0x5275, 0x527D, 0x527F, 0x5283, 0x5287, 0x5288, 0x5289, 0x528D, 0x5291, 0x5292, 0x529B, 0x529F, 0x52A0, 0x52A3, 0x52A4,
    0x52A9, 0x52AA, 0x52AB, 0x52BE, 0x52C1, 0x52C3, 0x52C5, 0x52C7, 0x52C9, 0x52CD, 0x52D2, 0x52D5, 0x52D6, 0x52D8, 0x52D9, 0x52DB,
    0x52DD, 0x52DE, 0x52DF, 0x52E2, 0x52E3, 0x52E4, 0x52F3, 0x52F5, 0x52F8, 0x52FA, 0x52FB, 0x52FE, 0x52FF, 0x5305, 0x5308, 0x530D,
    0x530F, 0x5310, 0x5315, 0x5316, 0x5317, 0x5319, 0x5320, 0x5321, 0x5323, 0x532A, 0x532F, 0x5339, 0x533F, 0x5340, 0x5341, 0x5343,
    0x5344, 0x5347, 0x5348, 0x5349, 0x534A, 0x534D, 0x5351, 0x5352, 0x5353, 0x5354, 0x5357, 0x535A, 0x535C, 0x535E, 0x5360, 0x5366,
    0x5368, 0x536F, 0x5370, 0x5371, 0x5374, 0x5375, 0x5377, 0x537D, 0x537F, 0x5384, 0x5393, 0x5398, 0x539A, 0x539F, 0x53A0, 0x53A5,
    0x53A6, 0x53AD, 0x53BB, 0x53C3, 0x53C8, 0x53C9, 0x53CA, 0x53CB, 0x53CD, 0x53D4, 0x53D6, 0x53D7, 0x53DB, 0x53E1, 0x53E2, 0x53E3,
    0x53E4, 0x53E5, 0x53E9, 0x53EA, 0x53EB, 0x53EC, 0x53ED, 0x53EF, 0x53F0, 0x53F1, 0x53F2, 0x53F3, 0x53F8, 0x5403, 0x5404, 0x5408,
    0x5409, 0x540A, 0x540C, 0x540D, 0x540E, 0x540F, 0x5410, 0x5411, 0x541B, 0x541D, 0x541F, 0x5420, 0x5426, 0x5429, 0x542B, 0x5433,
    0x5438, 0x5439, 0x543B, 0x543C, 0x543E, 0x5442, 0x5448, 0x544A, 0x5451, 0x5468, 0x546A, 0x5471, 0x5473, 0x5475, 0x547B, 0x547C,
    0x547D, 0x5480, 0x5486, 0x548C, 0x548E, 0x5490, 0x54A4, 0x54A8, 0x54AB, 0x54AC, 0x54B3, 0x54B8, 0x54BD, 0x54C0, 0x54C1, 0x54C4,
    0x54C8, 0x54C9, 0x54E1, 0x54E5, 0x54E8, 0x54ED, 0x54EE, 0x54F2, 0x54FA, 0x5504, 0x5506, 0x5507, 0x550E, 0x5510, 0x551C, 0x552F,
    0x5531, 0x5535, 0x553E, 0x5544, 0x5546, 0x554F, 0x5553, 0x5556, 0x555E, 0x5563, 0x557C, 0x5580, 0x5584, 0x5586, 0x5587, 0x5589,
    0x558A, 0x5598, 0x5599, 0x559A, 0x559C, 0x559D, 0x55A7, 0x55A9, 0x55AA, 0x55AB, 0x55AC, 0x55AE, 0x55C5, 0x55C7, 0x55D4, 0x55DA,
    0x55DC, 0x55DF, 0x55E3, 0x55E4, 0x55FD, 0x55FE, 0x5606, 0x5609, 0x5614, 0x5617, 0x562F, 0x5632, 0x5634, 0x5636, 0x5653, 0x5668,
    0x566B, 0x5674, 0x5686, 0x56A5, 0x56AC, 0x56AE, 0x56B4, 0x56BC, 0x56CA, 0x56CD, 0x56D1, 0x56DA, 0x56DB, 0x56DE, 0x56E0, 0x56F0,
    0x56F9, 0x56FA, 0x5703, 0x5704, 0x5708, 0x570B, 0x570D, 0x5712, 0x5713, 0x5716, 0x5718, 0x571F, 0x5728, 0x572D, 0x5730, 0x573B,
    0x5740, 0x5742, 0x5747, 0x574A, 0x574D, 0x574E, 0x5750, 0x5751, 0x5761, 0x5764, 0x5766, 0x576A, 0x576E, 0x5770, 0x5775, 0x577C,
    0x5782, 0x5788, 0x578B, 0x5793, 0x57A0, 0x57A2, 0x57A3, 0x57C3, 0x57C7, 0x57C8, 0x57CB, 0x57CE, 0x57DF, 0x57E0, 0x57F0, 0x57F4,
    0x57F7, 0x57F9, 0x57FA, 0x57FC, 0x5800, 0x5802, 0x5805, 0x5806, 0x5808, 0x5809, 0x580A, 0x581E, 0x5821, 0x5824, 0x5827, 0x582A,
    0x582F, 0x5830, 0x5831, 0x5834, 0x5835, 0x583A, 0x584A, 0x584B, 0x584F, 0x5851, 0x5854, 0x5857, 0x5858, 0x585A, 0x585E, 0x5861,
    0x5862, 0x5864, 0x5875, 0x5879, 0x587C, 0x587E, 0x5883, 0x5885, 0x5889, 0x5893, 0x589C, 0x589E, 0x589F, 0x58A8, 0x58A9, 0x58AE,
    0x58B3, 0x58BA, 0x58BB, 0x58BE, 0x58C1, 0x58C5, 0x58C7, 0x58CE, 0x58D1, 0x58D3, 0x58D5, 0x58D8, 0x58D9, 0x58DE, 0x58DF, 0x58E4,
    0x58EB, 0x58EC, 0x58EF, 0x58F9, 0x58FA, 0x58FB, 0x58FD, 0x590F, 0x5914, 0x5915, 0x5916, 0x5919, 0x591A, 0x591C, 0x5922, 0x5927,
    0x5929, 0x592A, 0x592B, 0x592D, 0x592E, 0x5931, 0x5937, 0x593E, 0x5944, 0x5947, 0x5948, 0x5949, 0x594E, 0x594F, 0x5950, 0x5951,
    0x5954, 0x5955, 0x5957, 0x595A, 0x5960, 0x5962, 0x5967, 0x596A, 0x596B, 0x596C, 0x596D, 0x596E, 0x5973, 0x5974, 0x5978, 0x597D,
    0x5982, 0x5983, 0x5984, 0x598A, 0x5993, 0x5996, 0x5997, 0x5999, 0x59A5, 0x59A8, 0x59AC, 0x59B9, 0x59BB, 0x59BE, 0x59C3, 0x59C6,
    0x59C9, 0x59CB, 0x59D0, 0x59D1, 0x59D3, 0x59D4, 0x59D9, 0x59DA, 0x59DC, 0x59DD, 0x59E6, 0x59E8, 0x59EA, 0x59EC, 0x59EE, 0x59F8,
    0x59FB, 0x59FF, 0x5A01, 0x5A03, 0x5A11, 0x5A18, 0x5A1B, 0x5A1C, 0x5A1F, 0x5A20, 0x5A25, 0x5A29, 0x5A36, 0x5A3C, 0x5A41, 0x5A46,
    0x5A49, 0x5A5A, 0x5A62, 0x5A66, 0x5A92, 0x5A9A, 0x5A9B, 0x5AA4, 0x5AC1, 0x5AC2, 0x5AC4, 0x5AC9, 0x5ACC, 0x5AE1, 0x5AE6, 0x5AE9,
    0x5B05, 0x5B09, 0x5B0B, 0x5B0C, 0x5B16, 0x5B2A, 0x5B40, 0x5B43, 0x5B50, 0x5B51, 0x5B54, 0x5B55, 0x5B57, 0x5B58, 0x5B5A, 0x5B5C,
    0x5B5D, 0x5B5F, 0x5B63, 0x5B64, 0x5B69, 0x5B6B, 0x5B70, 0x5B71, 0x5B75, 0x5B78, 0x5B7A, 0x5B7C, 0x5B85, 0x5B87, 0x5B88, 0x5B89,
    0x5B8B, 0x5B8C, 0x5B8F, 0x5B93, 0x5B95, 0x5B96, 0x5B97, 0x5B98, 0x5B99, 0x5B9A, 0x5B9B, 0x5B9C, 0x5BA2, 0x5BA3, 0x5BA4, 0x5BA5,
    0x5BA6, 0x5BAC, 0x5BAE, 0x5BB0, 0x5BB3, 0x5BB4, 0x5BB5, 0x5BB6, 0x5BB8, 0x5BB9, 0x5BBF, 0x5BC0, 0x5BC2, 0x5BC3, 0x5BC4, 0x5BC5,
    0x5BC6, 0x5BC7, 0x5BCC, 0x5BD0, 0x5BD2, 0x5BD3, 0x5BD4, 0x5BD7, 0x5BDE, 0x5BDF, 0x5BE1, 0x5BE2, 0x5BE4, 0x5BE5, 0x5BE6, 0x5BE7,
    0x5BE8, 0x5BE9, 0x5BEB, 0x5BEC, 0x5BEE, 0x5BEF, 0x5BF5, 0x5BF6, 0x5BF8, 0x5BFA, 0x5C01, 0x5C04, 0x5C07, 0x5C08, 0x5C09, 0x5C0A,
    0x5C0B, 0x5C0D, 0x5C0E, 0x5C0F, 0x5C11, 0x5C16, 0x5C19, 0x5C24, 0x5C28, 0x5C31, 0x5C38, 0x5C39, 0x5C3A, 0x5C3B, 0x5C3C, 0x5C3E,
    0x5C3F, 0x5C40, 0x5C45, 0x5C46, 0x5C48, 0x5C4B, 0x5C4D, 0x5C4E, 0x5C51, 0x5C55, 0x5C5B, 0x5C60, 0x5C62, 0x5C64, 0x5C65, 0x5C6C,
    0x5C6F, 0x5C71, 0x5C79, 0x5C90, 0x5C91, 0x5CA1, 0x5CA9, 0x5CAB, 0x5CAC, 0x5CB1, 0x5CB3, 0x5CB5, 0x5CB7, 0x5CB8, 0x5CBA, 0x5CBE,
    0x5CC0, 0x5CD9, 0x5CE0, 0x5CE8, 0x5CEF, 0x5CF0, 0x5CF4, 0x5CF6, 0x5CFB, 0x5CFD, 0x5D07, 0x5D0D, 0x5D0E, 0x5D11, 0x5D14, 0x5D16,
    0x5D17, 0x5D19, 0x5D27, 0x5D29, 0x5D4B, 0x5D4C, 0x5D50, 0x5D69, 0x5D6C, 0x5D6F, 0x5D87, 0x5D8B, 0x5D9D, 0x5DA0, 0x5DA2, 0x5DAA,
    0x5DB8, 0x5DBA, 0x5DBC, 0x5DBD, 0x5DCD, 0x5DD2, 0x5DD6, 0x5DDD, 0x5DDE, 0x5DE1, 0x5DE2, 0x5DE5, 0x5DE6, 0x5DE7, 0x5DE8, 0x5DEB,
    0x5DEE, 0x5DF1, 0x5DF2, 0x5DF3, 0x5DF4, 0x5DF7, 0x5DFD, 0x5DFE, 0x5E02, 0x5E03, 0x5E06, 0x5E0C, 0x5E11, 0x5E16, 0x5E19, 0x5E1B,
    0x5E1D, 0x5E25, 0x5E2B, 0x5E2D, 0x5E33, 0x5E36, 0x5E38, 0x5E3D, 0x5E3F, 0x5E40, 0x5E44, 0x5E45, 0x5E47, 0x5E4C, 0x5E55, 0x5E5F,
    0x5E61, 0x5E62, 0x5E63, 0x5E72, 0x5E73, 0x5E74, 0x5E77, 0x5E78, 0x5E79, 0x5E7B, 0x5E7C, 0x5E7D, 0x5E7E, 0x5E84, 0x5E87, 0x5E8A,
    0x5E8F, 0x5E95, 0x5E97, 0x5E9A, 0x5E9C, 0x5EA0, 0x5EA6, 0x5EA7, 0x5EAB, 0x5EAD, 0x5EB5, 0x5EB6, 0x5EB7, 0x5EB8, 0x5EBE, 0x5EC2,
    0x5EC8, 0x5EC9, 0x5ECA, 0x5ED0, 0x5ED3, 0x5ED6, 0x5EDA, 0x5EDB, 0x5EDF, 0x5EE0, 0x5EE2, 0x5EE3, 0x5EEC, 0x5EF3, 0x5EF6, 0x5EF7,
    0x5EFA, 0x5EFB, 0x5F01, 0x5F04, 0x5F0A, 0x5F0F, 0x5F11, 0x5F13, 0x5F14, 0x5F15, 0x5F17, 0x5F18, 0x5F1B, 0x5F1F, 0x5F26, 0x5F27,
    0x5F29, 0x5F31, 0x5F35, 0x5F3A, 0x5F3C, 0x5F48, 0x5F4A, 0x5F4C, 0x5F4E, 0x5F56, 0x5F57, 0x5F59, 0x5F5B, 0x5F62, 0x5F66, 0x5F67,
    0x5F69, 0x5F6A, 0x5F6B, 0x5F6C, 0x5F6D, 0x5F70, 0x5F71, 0x5F77, 0x5F79, 0x5F7C, 0x5F7F, 0x5F80, 0x5F81, 0x5F85, 0x5F87, 0x5F8A,
    0x5F8B, 0x5F8C, 0x5F90, 0x5F91, 0x5F92, 0x5F97, 0x5F98, 0x5F99, 0x5F9E, 0x5FA0, 0x5FA1, 0x5FA8, 0x5FA9, 0x5FAA, 0x5FAE, 0x5FB5,
    0x5FB7, 0x5FB9, 0x5FBD, 0x5FC3, 0x5FC5, 0x5FCC, 0x5FCD, 0x5FD6, 0x5FD7, 0x5FD8, 0x5FD9, 0x5FE0, 0x5FEB, 0x5FF5, 0x5FFD, 0x5FFF,
    0x600F, 0x6012, 0x6016, 0x601C, 0x601D, 0x6020, 0x6021, 0x6025, 0x6027, 0x6028, 0x602A, 0x602F, 0x6041, 0x6042, 0x6043, 0x604D,
    0x6050, 0x6052, 0x6055, 0x6059, 0x605D, 0x6062, 0x6063, 0x6064, 0x6065, 0x6068, 0x6069, 0x606A, 0x606C, 0x606D, 0x606F, 0x6070,
    0x6085, 0x6089, 0x608C, 0x608D, 0x6094, 0x6096, 0x609A, 0x609B, 0x609F, 0x60A0, 0x60A3, 0x60A4, 0x60A7, 0x60B0, 0x60B2, 0x60B3,
    0x60B4, 0x60B6, 0x60B8, 0x60BC, 0x60BD, 0x60C5, 0x60C7, 0x60D1, 0x60DA, 0x60DC, 0x60DF, 0x60E0, 0x60E1, 0x60F0, 0x60F1, 0x60F3,
    0x60F6, 0x60F9, 0x60FA, 0x60FB, 0x6101, 0x6106, 0x6108, 0x6109, 0x610D, 0x610E, 0x610F, 0x6115, 0x611A, 0x611B, 0x611F, 0x6127,
    0x6130, 0x6134, 0x6137, 0x613C, 0x613E, 0x613F, 0x6142, 0x6144, 0x6147, 0x6148, 0x614A, 0x614B, 0x614C, 0x6153, 0x6155, 0x6158,
    0x6159, 0x615D, 0x615F, 0x6162, 0x6163, 0x6164, 0x6167, 0x6168, 0x616B, 0x616E, 0x6170, 0x6176, 0x6177, 0x617D, 0x617E, 0x6181,
    0x6182, 0x618A, 0x618E, 0x6190, 0x6191, 0x6194, 0x6198, 0x6199, 0x619A, 0x61A4, 0x61A7, 0x61A9, 0x61AB, 0x61AC, 0x61AE, 0x61B2,
    0x61B6, 0x61BA, 0x61BE, 0x61C3, 0x61C7, 0x61C8, 0x61C9, 0x61CA, 0x61CB, 0x61E6, 0x61F2, 0x61F6, 0x61F7, 0x61F8, 0x61FA, 0x61FC,
    0x61FF, 0x6200, 0x6207, 0x6208, 0x620A, 0x620C, 0x620D, 0x620E, 0x6210, 0x6211, 0x6212, 0x6216, 0x621A, 0x621F, 0x6221, 0x622A,
    0x622E, 0x6230, 0x6231, 0x6234, 0x6236, 0x623E, 0x623F, 0x6240, 0x6241, 0x6247, 0x6248, 0x6249, 0x624B, 0x624D, 0x6253, 0x6258,
    0x626E, 0x6271, 0x6276, 0x6279, 0x627C, 0x627F, 0x6280, 0x6284, 0x6289, 0x628A, 0x6291, 0x6292, 0x6295, 0x6297, 0x6298, 0x629B,
    0x62AB, 0x62B1, 0x62B5, 0x62B9, 0x62BC, 0x62BD, 0x62C2, 0x62C7, 0x62C8, 0x62C9, 0x62CC, 0x62CD, 0x62CF, 0x62D0, 0x62D2, 0x62D3,
    0x62D4, 0x62D6, 0x62D7, 0x62D8, 0x62D9, 0x62DB, 0x62DC, 0x62EC, 0x62ED, 0x62EE, 0x62EF, 0x62F1, 0x62F3, 0x62F7, 0x62FE, 0x62FF,
    0x6301, 0x6307, 0x6309, 0x6311, 0x632B, 0x632F, 0x633A, 0x633B, 0x633D, 0x633E, 0x6349, 0x634C, 0x634F, 0x6350, 0x6355, 0x6367,
    0x6368, 0x636E, 0x6372, 0x6377, 0x637A, 0x637B, 0x637F, 0x6383, 0x6388, 0x6389, 0x638C, 0x6392, 0x6396, 0x6398, 0x639B, 0x63A0,
    0x63A1, 0x63A2, 0x63A5, 0x63A7, 0x63A8, 0x63A9, 0x63AA, 0x63C0, 0x63C4, 0x63C6, 0x63CF, 0x63D0, 0x63D6, 0x63DA, 0x63DB, 0x63E1,
    0x63ED, 0x63EE, 0x63F4, 0x63F6, 0x63F7, 0x640D, 0x640F, 0x6414, 0x6416, 0x6417, 0x641C, 0x6422, 0x642C, 0x642D, 0x643A, 0x643E,
    0x6458, 0x6460, 0x6469, 0x646F, 0x6478, 0x6479, 0x647A, 0x6488, 0x6491, 0x6492, 0x6493, 0x649A, 0x649E, 0x64A4, 0x64A5, 0x64AB,
    0x64AD, 0x64AE, 0x64B0, 0x64B2, 0x64BB, 0x64C1, 0x64C4, 0x64C5, 0x64C7, 0x64CA, 0x64CD, 0x64CE, 0x64D2, 0x64D4, 0x64D8, 0x64DA,
    0x64E1, 0x64E2, 0x64E5, 0x64E6, 0x64E7, 0x64EC, 0x64F2, 0x64F4, 0x64FA, 0x64FE, 0x6500, 0x6504, 0x6518, 0x651D, 0x6523, 0x652A,
    0x652B, 0x652C, 0x652F, 0x6536, 0x6537, 0x6538, 0x6539, 0x653B, 0x653E, 0x653F, 0x6545, 0x6548, 0x654D, 0x654E, 0x654F, 0x6551,
    0x6556, 0x6557, 0x655E, 0x6562, 0x6563, 0x6566, 0x656C, 0x656D, 0x6572, 0x6574, 0x6575, 0x6577, 0x6578, 0x657E, 0x6582, 0x6583,
    0x6585, 0x6587, 0x658C, 0x6590, 0x6591, 0x6597, 0x6599, 0x659B, 0x659C, 0x659F, 0x65A1, 0x65A4, 0x65A5, 0x65A7, 0x65AB, 0x65AC,
    0x65AF, 0x65B0, 0x65B7, 0x65B9, 0x65BC, 0x65BD, 0x65C1, 0x65C5, 0x65CB, 0x65CC, 0x65CF, 0x65D2, 0x65D7, 0x65E0, 0x65E3, 0x65E5,
    0x65E6, 0x65E8, 0x65E9, 0x65EC, 0x65ED, 0x65F1, 0x65F4, 0x65FA, 0x65FB, 0x65FC, 0x65FD, 0x65FF, 0x6606, 0x6607, 0x6609, 0x660A,
    0x660C, 0x660E, 0x660F, 0x6610, 0x6611, 0x6613, 0x6614, 0x6615, 0x661E, 0x661F, 0x6620, 0x6625, 0x6627, 0x6628, 0x662D, 0x662F,
    0x6630, 0x6631, 0x6634, 0x6636, 0x663A, 0x663B, 0x6641, 0x6642, 0x6643, 0x6644, 0x6649, 0x664B, 0x664F, 0x6659, 0x665B, 0x665D,
    0x665E, 0x665F, 0x6664, 0x6665, 0x6666, 0x6667, 0x6668, 0x6669, 0x666B, 0x666E, 0x666F, 0x6673, 0x6674, 0x6676, 0x6677, 0x6678,
    0x667A, 0x6684, 0x6687, 0x6688, 0x6689, 0x668E, 0x6690, 0x6691, 0x6696, 0x6697, 0x6698, 0x669D, 0x66A0, 0x66A2, 0x66AB, 0x66AE,
    0x66B2, 0x66B3, 0x66B4, 0x66B9, 0x66BB, 0x66BE, 0x66C4, 0x66C6, 0x66C7, 0x66C9, 0x66D6, 0x66D9, 0x66DC, 0x66DD, 0x66E0, 0x66E6,
    0x66F0, 0x66F2, 0x66F3, 0x66F4, 0x66F7, 0x66F8, 0x66F9, 0x66FA, 0x66FC, 0x66FE, 0x66FF, 0x6700, 0x6703, 0x6708, 0x6709, 0x670B,
    0x670D, 0x6714, 0x6715, 0x6717, 0x671B, 0x671D, 0x671E, 0x671F, 0x6726, 0x6727, 0x6728, 0x672A, 0x672B, 0x672C, 0x672D, 0x672E,
    0x6731, 0x6734, 0x6736, 0x673A, 0x673D, 0x6746, 0x6749, 0x674E, 0x674F, 0x6750, 0x6751, 0x6753, 0x6756, 0x675C, 0x675E, 0x675F,
    0x676D, 0x676F, 0x6770, 0x6771, 0x6773, 0x6775, 0x6777, 0x677B, 0x677E, 0x677F, 0x6787, 0x6789, 0x678B, 0x678F, 0x6790, 0x6793,
    0x6795, 0x6797, 0x679A, 0x679C, 0x679D, 0x67AF, 0x67B0, 0x67B3, 0x67B6, 0x67B7, 0x67B8, 0x67BE, 0x67C4, 0x67CF, 0x67D0, 0x67D1,
    0x67D2, 0x67D3, 0x67D4, 0x67DA, 0x67DD, 0x67E9, 0x67EC, 0x67EF, 0x67F0, 0x67F1, 0x67F3, 0x67F4, 0x67F5, 0x67F6, 0x67FB, 0x67FE,
    0x6812, 0x6813, 0x6816, 0x6817, 0x6821, 0x6822, 0x682A, 0x682F, 0x6838, 0x6839, 0x683C, 0x683D, 0x6840, 0x6841, 0x6842, 0x6843,
    0x6848, 0x684E, 0x6850, 0x6851, 0x6853, 0x6854, 0x686D, 0x6876, 0x687F, 0x6881, 0x6885, 0x688F, 0x6893, 0x6894, 0x6897, 0x689D,
    0x689F, 0x68A1, 0x68A2, 0x68A7, 0x68A8, 0x68AD, 0x68AF, 0x68B0, 0x68B1, 0x68B3, 0x68B5, 0x68B6, 0x68C4, 0x68C5, 0x68C9, 0x68CB,
    0x68CD, 0x68D2, 0x68D5, 0x68D7, 0x68D8, 0x68DA, 0x68DF, 0x68E0, 0x68E7, 0x68E8, 0x68EE, 0x68F2, 0x68F9, 0x68FA, 0x6900, 0x6905,
    0x690D, 0x690E, 0x6912, 0x6927, 0x6930, 0x693D, 0x693F, 0x694A, 0x6953, 0x6954, 0x6955, 0x6957, 0x6959, 0x695A, 0x695E, 0x6960,
    0x6961, 0x6962, 0x6963, 0x6968, 0x696B, 0x696D, 0x696E, 0x696F, 0x6975, 0x6977, 0x6978, 0x6979, 0x6995, 0x699B, 0x699C, 0x69A5,
    0x69A7, 0x69AE, 0x69B4, 0x69BB, 0x69C1, 0x69C3, 0x69CB, 0x69CC, 0x69CD, 0x69D0, 0x69E8, 0x69EA, 0x69FB, 0x69FD, 0x69FF, 0x6A02,
    0x6A0A, 0x6A11, 0x6A13, 0x6A17, 0x6A19, 0x6A1E, 0x6A1F, 0x6A21, 0x6A23, 0x6A35, 0x6A38, 0x6A39, 0x6A3A, 0x6A3D, 0x6A44, 0x6A48,
    0x6A4B, 0x6A52, 0x6A53, 0x6A58, 0x6A59, 0x6A5F, 0x6A61, 0x6A6B, 0x6A80, 0x6A84, 0x6A89, 0x6A8D, 0x6A8E, 0x6A97, 0x6A9C, 0x6AA2,
    0x6AA3, 0x6AB3, 0x6ABB, 0x6AC2, 0x6AC3, 0x6AD3, 0x6ADA, 0x6ADB, 0x6AF6, 0x6AFB, 0x6B04, 0x6B0A, 0x6B0C, 0x6B12, 0x6B16, 0x6B20,
    0x6B21, 0x6B23, 0x6B32, 0x6B3A, 0x6B3D, 0x6B3E, 0x6B46, 0x6B47, 0x6B4C, 0x6B4E, 0x6B50, 0x6B5F, 0x6B61, 0x6B62, 0x6B63, 0x6B64,
    0x6B65, 0x6B66, 0x6B6A, 0x6B72, 0x6B77, 0x6B78, 0x6B7B, 0x6B7F, 0x6B83, 0x6B84, 0x6B86, 0x6B89, 0x6B8A, 0x6B96, 0x6B98, 0x6B9E,
    0x6BAE, 0x6BAF, 0x6BB2, 0x6BB5, 0x6BB7, 0x6BBA, 0x6BBC, 0x6BBF, 0x6BC1, 0x6BC5, 0x6BC6, 0x6BCB, 0x6BCD, 0x6BCF, 0x6BD2, 0x6BD3,
    0x6BD4, 0x6BD6, 0x6BD7, 0x6BD8, 0x6BDB, 0x6BEB, 0x6BEC, 0x6C08, 0x6C0F, 0x6C11, 0x6C13, 0x6C23, 0x6C34, 0x6C37, 0x6C38, 0x6C3E,
    0x6C40, 0x6C41, 0x6C42, 0x6C4E, 0x6C50, 0x6C55, 0x6C57, 0x6C5A, 0x6C5D, 0x6C5E, 0x6C5F, 0x6C60, 0x6C68, 0x6C6A, 0x6C6D, 0x6C70,
    0x6C72, 0x6C76, 0x6C7A, 0x6C7D, 0x6C7E, 0x6C81, 0x6C82, 0x6C83, 0x6C85, 0x6C86, 0x6C87, 0x6C88, 0x6C8C, 0x6C90, 0x6C92, 0x6C93,
    0x6C94, 0x6C95, 0x6C96, 0x6C99, 0x6C9A, 0x6C9B, 0x6CAB, 0x6CAE, 0x6CB3, 0x6CB8, 0x6CB9, 0x6CBB, 0x6CBC, 0x6CBD, 0x6CBE, 0x6CBF,
    0x6CC1, 0x6CC2, 0x6CC4, 0x6CC9, 0x6CCA, 0x6CCC, 0x6CD3, 0x6CD5, 0x6CD7, 0x6CDB, 0x6CE1, 0x6CE2, 0x6CE3, 0x6CE5, 0x6CE8, 0x6CEB,
    0x6CEE, 0x6CEF, 0x6CF0, 0x6CF3, 0x6D0B, 0x6D0C, 0x6D11, 0x6D17, 0x6D19, 0x6D1B, 0x6D1E, 0x6D25, 0x6D27, 0x6D29, 0x6D2A, 0x6D32,
    0x6D35, 0x6D36, 0x6D38, 0x6D39, 0x6D3B, 0x6D3D, 0x6D3E, 0x6D41, 0x6D59, 0x6D5A, 0x6D5C, 0x6D63, 0x6D66, 0x6D69, 0x6D6A, 0x6D6C,
    0x6D6E, 0x6D74, 0x6D77, 0x6D78, 0x6D79, 0x6D7F, 0x6D85, 0x6D87, 0x6D88, 0x6D89, 0x6D8C, 0x6D8D, 0x6D8E, 0x6D91, 0x6D93, 0x6D95,
    0x6DAF, 0x6DB2, 0x6DB5, 0x6DC0, 0x6DC3, 0x6DC4, 0x6DC5, 0x6DC6, 0x6DC7, 0x6DCB, 0x6DCF, 0x6DD1, 0x6DD8, 0x6DD9, 0x6DDA, 0x6DDE,
    0x6DE1, 0x6DE8, 0x6DEA, 0x6DEB, 0x6DEE, 0x6DF1, 0x6DF3, 0x6DF5, 0x6DF7, 0x6DF8, 0x6DF9, 0x6DFA, 0x6DFB, 0x6E17, 0x6E19, 0x6E1A,
    0x6E1B, 0x6E1F, 0x6E20, 0x6E21, 0x6E23, 0x6E24, 0x6E25, 0x6E26, 0x6E2B, 0x6E2C, 0x6E2D, 0x6E2F, 0x6E32, 0x6E34, 0x6E36, 0x6E38,
    0x6E3A, 0x6E3C, 0x6E3D, 0x6E3E, 0x6E43, 0x6E44, 0x6E4A, 0x6E4D, 0x6E56, 0x6E58, 0x6E5B, 0x6E5C, 0x6E5E, 0x6E5F, 0x6E67, 0x6E6B,
    0x6E6E, 0x6E6F, 0x6E72, 0x6E73, 0x6E7A, 0x6E90, 0x6E96, 0x6E9C, 0x6E9D, 0x6E9F, 0x6EA2, 0x6EA5, 0x6EAA, 0x6EAB, 0x6EAF, 0x6EB1,
    0x6EB6, 0x6EBA, 0x6EC2, 0x6EC4, 0x6EC5, 0x6EC9, 0x6ECB, 0x6ECC, 0x6ECE, 0x6ED1, 0x6ED3, 0x6ED4, 0x6EEF, 0x6EF4, 0x6EF8, 0x6EFE,
    0x6EFF, 0x6F01, 0x6F02, 0x6F06, 0x6F0F, 0x6F11, 0x6F14, 0x6F15, 0x6F20, 0x6F22, 0x6F23, 0x6F2B, 0x6F2C, 0x6F31, 0x6F32, 0x6F38,
    0x6F3F, 0x6F41, 0x6F51, 0x6F54, 0x6F57, 0x6F58, 0x6F5A, 0x6F5B, 0x6F5E, 0x6F5F, 0x6F62, 0x6F64, 0x6F6D, 0x6F6E, 0x6F70, 0x6F7A,
    0x6F7C, 0x6F7D, 0x6F7E, 0x6F81, 0x6F84, 0x6F88, 0x6F8D, 0x6F8E, 0x6F90, 0x6F94, 0x6F97, 0x6FA3, 0x6FA4, 0x6FA7, 0x6FAE, 0x6FAF,
    0x6FB1, 0x6FB3, 0x6FB9, 0x6FBE, 0x6FC0, 0x6FC1, 0x6FC2, 0x6FC3, 0x6FCA, 0x6FD5, 0x6FDA, 0x6FDF, 0x6FE0, 0x6FE1, 0x6FE4, 0x6FE9,
    0x6FEB, 0x6FEC, 0x6FEF, 0x6FF1, 0x6FFE, 0x7001, 0x7005, 0x7006, 0x7009, 0x700B, 0x700F, 0x7011, 0x7015, 0x7018, 0x701A, 0x701B,
    0x701C, 0x701D, 0x701E, 0x701F, 0x7023, 0x7027, 0x7028, 0x702F, 0x7037, 0x703E, 0x704C, 0x7050, 0x7051, 0x7058, 0x705D, 0x7063,
    0x706B, 0x7070, 0x7078, 0x707C, 0x707D, 0x7085, 0x708A, 0x708E, 0x7092, 0x7098, 0x7099, 0x709A, 0x70A1, 0x70A4, 0x70AB, 0x70AC,
    0x70AD, 0x70AF, 0x70B3, 0x70B7, 0x70B8, 0x70B9, 0x70C8, 0x70CB, 0x70CF, 0x70D8, 0x70D9, 0x70DD, 0x70DF, 0x70F1, 0x70F9, 0x70FD,
    0x7104, 0x7109, 0x710C, 0x7119, 0x711A, 0x711E, 0x7121, 0x7126, 0x7130, 0x7136, 0x7147, 0x7149, 0x714A, 0x714C, 0x714E, 0x7150,
    0x7156, 0x7159, 0x715C, 0x715E, 0x7164, 0x7165, 0x7166, 0x7167, 0x7169, 0x716C, 0x716E, 0x717D, 0x7184, 0x7189, 0x718A, 0x718F,
    0x7192, 0x7194, 0x7199, 0x719F, 0x71A2, 0x71AC, 0x71B1, 0x71B9, 0x71BA, 0x71BE, 0x71C1, 0x71C3, 0x71C8, 0x71C9, 0x71CE, 0x71D0,
    0x71D2, 0x71D4, 0x71D5, 0x71DF, 0x71E5, 0x71E6, 0x71E7, 0x71ED, 0x71EE, 0x71FB, 0x71FC, 0x71FE, 0x71FF, 0x7200, 0x7206, 0x7210,
    0x721B, 0x722A, 0x722C, 0x722D, 0x7230, 0x7232, 0x7235, 0x7236, 0x723A, 0x723B, 0x723D, 0x723E, 0x7240, 0x7246, 0x7247, 0x7248,
    0x724C, 0x7252, 0x7258, 0x7259, 0x725B, 0x725D, 0x725F, 0x7261, 0x7262, 0x7267, 0x7269, 0x7272, 0x7279, 0x727D, 0x7280, 0x7281,
    0x72A2, 0x72A7, 0x72AC, 0x72AF, 0x72C0, 0x72C2, 0x72C4, 0x72CE, 0x72D0, 0x72D7, 0x72D9, 0x72E1, 0x72E9, 0x72F8, 0x72F9, 0x72FC,
    0x72FD, 0x730A, 0x7316, 0x731B, 0x731C, 0x731D, 0x7325, 0x7329, 0x732A, 0x732B, 0x7336, 0x7337, 0x733E, 0x733F, 0x7344, 0x7345,
    0x7350, 0x7352, 0x7357, 0x7368, 0x736A, 0x7370, 0x7372, 0x7375, 0x7378, 0x737A, 0x737B, 0x7384, 0x7386, 0x7387, 0x7389, 0x738B,
    0x738E, 0x7394, 0x7396, 0x7397, 0x7398, 0x739F, 0x73A7, 0x73A9, 0x73AD, 0x73B2, 0x73B3, 0x73B9, 0x73C0, 0x73C2, 0x73C9, 0x73CA,
    0x73CC, 0x73CD, 0x73CF, 0x73D6, 0x73D9, 0x73DD, 0x73DE, 0x73E0, 0x73E3, 0x73E4, 0x73E5, 0x73E6, 0x73E9, 0x73EA, 0x73ED, 0x73F7,
    0x73F9, 0x73FD, 0x73FE, 0x7401, 0x7403, 0x7405, 0x7406, 0x7407, 0x7409, 0x7413, 0x741B, 0x7420, 0x7421, 0x7422, 0x7425, 0x7426,
    0x7428, 0x742A, 0x742B, 0x742C, 0x742E, 0x742F, 0x7430, 0x7433, 0x7434, 0x7435, 0x7436, 0x7438, 0x743A, 0x743F, 0x7440, 0x7441,
    0x7443, 0x7444, 0x744B, 0x7455, 0x7457, 0x7459, 0x745A, 0x745B, 0x745C, 0x745E, 0x745F, 0x7460, 0x7462, 0x7464, 0x7465, 0x7468,
    0x7469, 0x746A, 0x746F, 0x747E, 0x7482, 0x7483, 0x7487, 0x7489, 0x748B, 0x7498, 0x749C, 0x749E, 0x749F, 0x74A1, 0x74A3, 0x74A5,
    0x74A7, 0x74A8, 0x74AA, 0x74B0, 0x74B2, 0x74B5, 0x74B9, 0x74BD, 0x74BF, 0x74C6, 0x74CA, 0x74CF, 0x74D4, 0x74D8, 0x74DA, 0x74DC,
    0x74E0, 0x74E2, 0x74E3, 0x74E6, 0x74EE, 0x74F7, 0x7501, 0x7504, 0x7511, 0x7515, 0x7518, 0x751A, 0x751B, 0x751F, 0x7523, 0x7525,
    0x7526, 0x7528, 0x752B, 0x752C, 0x7530, 0x7531, 0x7532, 0x7533, 0x7537, 0x7538, 0x753A, 0x7547, 0x754C, 0x754F, 0x7551, 0x7553,
    0x7554, 0x7559, 0x755B, 0x755C, 0x755D, 0x7562, 0x7565, 0x7566, 0x756A, 0x756F, 0x7570, 0x7575, 0x7576, 0x7578, 0x757A, 0x757F,
    0x7586, 0x7587, 0x758A, 0x758B, 0x758E, 0x758F, 0x7591, 0x759D, 0x75A5, 0x75AB, 0x75B1, 0x75B2, 0x75B3, 0x75B5, 0x75B8, 0x75B9,
    0x75BC, 0x75BD, 0x75BE, 0x75C2, 0x75C5, 0x75C7, 0x75CD, 0x75D2, 0x75D4, 0x75D5, 0x75D8, 0x75D9, 0x75DB, 0x75E2, 0x75F0, 0x75F2,
    0x75F4, 0x75FA, 0x75FC, 0x7600, 0x760D, 0x7619, 0x761F, 0x7620, 0x7621, 0x7622, 0x7624, 0x7626, 0x763B, 0x7642, 0x764C, 0x764E,
    0x7652, 0x7656, 0x7661, 0x7664, 0x7669, 0x766C, 0x7670, 0x7672, 0x7678, 0x767B, 0x767C, 0x767D, 0x767E, 0x7684, 0x7686, 0x7687,
    0x768E, 0x7690, 0x7693, 0x76AE, 0x76BA, 0x76BF, 0x76C2, 0x76C3, 0x76C6, 0x76C8, 0x76CA, 0x76D2, 0x76D6, 0x76DB, 0x76DC, 0x76DE,
    0x76DF, 0x76E1, 0x76E3, 0x76E4, 0x76E7, 0x76EE, 0x76F2, 0x76F4, 0x76F8, 0x76FC, 0x76FE, 0x7701, 0x7704, 0x7708, 0x7709, 0x770B,
    0x771E, 0x7720, 0x7729, 0x7737, 0x7738, 0x773A, 0x773C, 0x7740, 0x774D, 0x775B, 0x7761, 0x7763, 0x7766, 0x776B, 0x7779, 0x777E,
    0x777F, 0x778B, 0x7791, 0x779E, 0x77A5, 0x77AC, 0x77AD, 0x77B0, 0x77B3, 0x77BB, 0x77BC, 0x77BF, 0x77D7, 0x77DB, 0x77DC, 0x77E2,
    0x77E3, 0x77E5, 0x77E9, 0x77ED, 0x77EE, 0x77EF, 0x77F3, 0x7802, 0x7812, 0x7825, 0x7826, 0x7827, 0x782C, 0x7832, 0x7834, 0x7845,
    0x784F, 0x785D, 0x786B, 0x786C, 0x786F, 0x787C, 0x7881, 0x7887, 0x788C, 0x788D, 0x788E, 0x7891, 0x7897, 0x78A3, 0x78A7, 0x78A9,
    0x78BA, 0x78BB, 0x78BC, 0x78C1, 0x78C5, 0x78CA, 0x78CB, 0x78CE, 0x78D0, 0x78E8, 0x78EC, 0x78EF, 0x78F5, 0x78FB, 0x7901, 0x790E,
    0x7916, 0x792A, 0x792B, 0x792C, 0x793A, 0x793E, 0x7940, 0x7941, 0x7947, 0x7948, 0x7949, 0x7950, 0x7956, 0x7957, 0x795A, 0x795B,
    0x795C, 0x795D, 0x795E, 0x7960, 0x7965, 0x7968, 0x796D, 0x797A, 0x797F, 0x7981, 0x798D, 0x798E, 0x798F, 0x7991, 0x79A6, 0x79A7,
    0x79AA, 0x79AE, 0x79B1, 0x79B3, 0x79B9, 0x79BD, 0x79BE, 0x79BF, 0x79C0, 0x79C1, 0x79C9, 0x79CA, 0x79CB, 0x79D1, 0x79D2, 0x79D5,
    0x79D8, 0x79DF, 0x79E4, 0x79E6, 0x79E7, 0x79E9, 0x79FB, 0x7A00, 0x7A05, 0x7A08, 0x7A0B, 0x7A0D, 0x7A14, 0x7A17, 0x7A19, 0x7A1A,
    0x7A1C, 0x7A1F, 0x7A20, 0x7A2E, 0x7A31, 0x7A36, 0x7A37, 0x7A3B, 0x7A3C, 0x7A3D, 0x7A3F, 0x7A40, 0x7A46, 0x7A49, 0x7A4D, 0x7A4E,
    0x7A57, 0x7A61, 0x7A62, 0x7A69, 0x7A6B, 0x7A70, 0x7A74, 0x7A76, 0x7A79, 0x7A7A, 0x7A7D, 0x7A7F, 0x7A81, 0x7A84, 0x7A88, 0x7A92,
    0x7A93, 0x7A95, 0x7A98, 0x7A9F, 0x7AA9, 0x7AAA, 0x7AAE, 0x7AAF, 0x7ABA, 0x7AC4, 0x7AC5, 0x7AC7, 0x7ACA, 0x7ACB, 0x7AD7, 0x7AD9,
    0x7ADD, 0x7ADF, 0x7AE0, 0x7AE3, 0x7AE5, 0x7AEA, 0x7AED, 0x7AEF, 0x7AF6, 0x7AF9, 0x7AFA, 0x7AFF, 0x7B0F, 0x7B11, 0x7B19, 0x7B1B,
    0x7B1E, 0x7B20, 0x7B26, 0x7B2C, 0x7B2D, 0x7B39, 0x7B46, 0x7B49, 0x7B4B, 0x7B4C, 0x7B4D, 0x7B4F, 0x7B50, 0x7B51, 0x7B52, 0x7B54,
    0x7B56, 0x7B60, 0x7B6C, 0x7B6E, 0x7B75, 0x7B7D, 0x7B87, 0x7B8B, 0x7B8F, 0x7B94, 0x7B95, 0x7B97, 0x7B9A, 0x7B9D, 0x7BA1, 0x7BAD,
    0x7BB1, 0x7BB4, 0x7BB8, 0x7BC0, 0x7BC1, 0x7BC4, 0x7BC6, 0x7BC7, 0x7BC9, 0x7BD2, 0x7BE0, 0x7BE4, 0x7BE9, 0x7C07, 0x7C12, 0x7C1E,
    0x7C21, 0x7C27, 0x7C2A, 0x7C2B, 0x7C3D, 0x7C3E, 0x7C3F, 0x7C43, 0x7C4C, 0x7C4D, 0x7C60, 0x7C64, 0x7C6C, 0x7C73, 0x7C83, 0x7C89,
    0x7C92, 0x7C95, 0x7C97, 0x7C98, 0x7C9F, 0x7CA5, 0x7CA7, 0x7CAE, 0x7CB1, 0x7CB2, 0x7CB3, 0x7CB9, 0x7CBE, 0x7CCA, 0x7CD6, 0x7CDE,
    0x7CDF, 0x7CE0, 0x7CE7, 0x7CFB, 0x7CFE, 0x7D00, 0x7D02, 0x7D04, 0x7D05, 0x7D06, 0x7D07, 0x7D08, 0x7D0A, 0x7D0B, 0x7D0D, 0x7D10,
    0x7D14, 0x7D17, 0x7D18, 0x7D19, 0x7D1A, 0x7D1B, 0x7D20, 0x7D21, 0x7D22, 0x7D2B, 0x7D2C, 0x7D2E, 0x7D2F, 0x7D30, 0x7D33, 0x7D35,
    0x7D39, 0x7D3A, 0x7D42, 0x7D43, 0x7D44, 0x7D45, 0x7D46, 0x7D50, 0x7D5E, 0x7D61, 0x7D62, 0x7D66, 0x7D68, 0x7D6A, 0x7D6E, 0x7D71,
    0x7D72, 0x7D73, 0x7D76, 0x7D79, 0x7D7F, 0x7D8E, 0x7D8F, 0x7D93, 0x7D9C, 0x7DA0, 0x7DA2, 0x7DAC, 0x7DAD, 0x7DB1, 0x7DB2, 0x7DB4,
    0x7DB5, 0x7DB8, 0x7DBA, 0x7DBB, 0x7DBD, 0x7DBE, 0x7DBF, 0x7DC7, 0x7DCA, 0x7DCB, 0x7DD6, 0x7DD8, 0x7DDA, 0x7DDD, 0x7DDE, 0x7DE0,
    0x7DE1, 0x7DE3, 0x7DE8, 0x7DE9, 0x7DEC, 0x7DEF, 0x7DF4, 0x7DFB, 0x7E09, 0x7E0A, 0x7E15, 0x7E1B, 0x7E1D, 0x7E1E, 0x7E1F, 0x7E21,
    0x7E23, 0x7E2B, 0x7E2E, 0x7E2F, 0x7E31, 0x7E37, 0x7E3D, 0x7E3E, 0x7E41, 0x7E43, 0x7E46, 0x7E47, 0x7E52, 0x7E54, 0x7E55, 0x7E5E,
    0x7E61, 0x7E69, 0x7E6A, 0x7E6B, 0x7E6D, 0x7E70, 0x7E79, 0x7E7C, 0x7E82, 0x7E8C, 0x7E8F, 0x7E93, 0x7E96, 0x7E98, 0x7E9B, 0x7E9C,
    0x7F36, 0x7F38, 0x7F3A, 0x7F4C, 0x7F50, 0x7F54, 0x7F55, 0x7F6A, 0x7F6B, 0x7F6E, 0x7F70, 0x7F72, 0x7F75, 0x7F77, 0x7F79, 0x7F85,
    0x7F88, 0x7F8A, 0x7F8C, 0x7F8E, 0x7F94, 0x7F9A, 0x7F9E, 0x7FA4, 0x7FA8, 0x7FA9, 0x7FB2, 0x7FB8, 0x7FB9, 0x7FBD, 0x7FC1, 0x7FC5,
    0x7FCA, 0x7FCC, 0x7FCE, 0x7FD2, 0x7FD4, 0x7FD5, 0x7FDF, 0x7FE0, 0x7FE1, 0x7FE9, 0x7FEB, 0x7FF0, 0x7FF9, 0x7FFC, 0x8000, 0x8001,
    0x8003, 0x8005, 0x8006, 0x8009, 0x800C, 0x8010, 0x8015, 0x8017, 0x8018, 0x802D, 0x8033, 0x8036, 0x803D, 0x803F, 0x8043, 0x8046,
    0x804A, 0x8056, 0x8058, 0x805A, 0x805E, 0x806F, 0x8070, 0x8072, 0x8073, 0x8077, 0x807D, 0x807E, 0x807F, 0x8084, 0x8085, 0x8086,
    0x8087, 0x8089, 0x808B, 0x808C, 0x8096, 0x809B, 0x809D, 0x80A1, 0x80A2, 0x80A5, 0x80A9, 0x80AA, 0x80AF, 0x80B1, 0x80B2, 0x80B4,
    0x80BA, 0x80C3, 0x80C4, 0x80CC, 0x80CE, 0x80DA, 0x80DB, 0x80DE, 0x80E1, 0x80E4, 0x80E5, 0x80F1, 0x80F4, 0x80F8, 0x80FD, 0x8102,
    0x8105, 0x8106, 0x8107, 0x8108, 0x810A, 0x8118, 0x811A, 0x811B, 0x8123, 0x8129, 0x812B, 0x812F, 0x8139, 0x813E, 0x814B, 0x814E,
    0x8150, 0x8151, 0x8154, 0x8155, 0x8165, 0x8166, 0x816B, 0x8170, 0x8171, 0x8178, 0x8179, 0x817A, 0x817F, 0x8180, 0x8188, 0x818A,
    0x818F, 0x819A, 0x819C, 0x819D, 0x81A0, 0x81A3, 0x81A8, 0x81B3, 0x81B5, 0x81BA, 0x81BD, 0x81BE, 0x81BF, 0x81C0, 0x81C2, 0x81C6,
    0x81CD, 0x81D8, 0x81DF, 0x81E3, 0x81E5, 0x81E7, 0x81E8, 0x81EA, 0x81ED, 0x81F3, 0x81F4, 0x81FA, 0x81FB, 0x81FC, 0x81FE, 0x8205,
    0x8207, 0x8208, 0x820A, 0x820C, 0x820D, 0x8212, 0x821B, 0x821C, 0x821E, 0x821F, 0x8221, 0x822A, 0x822B, 0x822C, 0x8235, 0x8236,
    0x8237, 0x8239, 0x8240, 0x8245, 0x8247, 0x8259, 0x8264, 0x8266, 0x826E, 0x826F, 0x8271, 0x8272, 0x8276, 0x8278, 0x827E, 0x828B,
    0x828D, 0x828E, 0x8292, 0x8299, 0x829A, 0x829D, 0x829F, 0x82A5, 0x82A6, 0x82A9, 0x82AC, 0x82AD, 0x82AE, 0x82AF, 0x82B1, 0x82B3,
    0x82B7, 0x82B8, 0x82B9, 0x82BB, 0x82BC, 0x82BD, 0x82BF, 0x82D1, 0x82D2, 0x82D4, 0x82D5, 0x82D7, 0x82DB, 0x82DE, 0x82DF, 0x82E1,
    0x82E5, 0x82E6, 0x82E7, 0x82F1, 0x82FD, 0x82FE, 0x8301, 0x8302, 0x8303, 0x8304, 0x8305, 0x8309, 0x8317, 0x8328, 0x832B, 0x832F,
    0x8331, 0x8334, 0x8335, 0x8336, 0x8338, 0x8339, 0x8340, 0x8347, 0x8349, 0x834A, 0x834F, 0x8351, 0x8352, 0x8373, 0x8377, 0x837B,
    0x8389, 0x838A, 0x838E, 0x8396, 0x8398, 0x839E, 0x83A2, 0x83A9, 0x83AA, 0x83AB, 0x83BD, 0x83C1, 0x83C5, 0x83C9, 0x83CA, 0x83CC,
    0x83D3, 0x83D6, 0x83DC, 0x83E9, 0x83EB, 0x83EF, 0x83F0, 0x83F1, 0x83F2, 0x83F4, 0x83F9, 0x83FD, 0x8403, 0x8404, 0x840A, 0x840C,
    0x840D, 0x840E, 0x8429, 0x842C, 0x8431, 0x8438, 0x843D, 0x8449, 0x8457, 0x845B, 0x8461, 0x8463, 0x8466, 0x846B, 0x846C, 0x846F,
    0x8475, 0x847A, 0x8490, 0x8494, 0x8499, 0x849C, 0x84A1, 0x84B2, 0x84B8, 0x84BB, 0x84BC, 0x84BF, 0x84C0, 0x84C2, 0x84C4, 0x84C6,
    0x84C9, 0x84CB, 0x84CD, 0x84D1, 0x84DA, 0x84EC, 0x84EE, 0x84F4, 0x84FC, 0x8511, 0x8513, 0x8514, 0x8517, 0x8518, 0x851A, 0x851E,
    0x8521, 0x8523, 0x8525, 0x852C, 0x852D, 0x852F, 0x853D, 0x853F, 0x8541, 0x8543, 0x8549, 0x854E, 0x8553, 0x8559, 0x8563, 0x8568,
    0x8569, 0x856A, 0x856D, 0x8584, 0x8587, 0x858F, 0x8591, 0x8594, 0x859B, 0x85A6, 0x85A8, 0x85A9, 0x85AA, 0x85AF, 0x85B0, 0x85BA,
    0x85C1, 0x85C9, 0x85CD, 0x85CE, 0x85CF, 0x85D5, 0x85DC, 0x85DD, 0x85E4, 0x85E5, 0x85E9, 0x85EA, 0x85F7, 0x85FA, 0x85FB, 0x85FF,
    0x8602, 0x8606, 0x8607, 0x860A, 0x8616, 0x8617, 0x861A, 0x862D, 0x863F, 0x864E, 0x8650, 0x8654, 0x8655, 0x865B, 0x865C, 0x865E,
    0x865F, 0x8667, 0x8679, 0x868A, 0x868C, 0x8693, 0x86A3, 0x86A4, 0x86A9, 0x86C7, 0x86CB, 0x86D4, 0x86D9, 0x86DB, 0x86DF, 0x86E4,
    0x86ED, 0x86FE, 0x8700, 0x8702, 0x8703, 0x8708, 0x8718, 0x871A, 0x871C, 0x874E, 0x8755, 0x8757, 0x875F, 0x8766, 0x8768, 0x8774,
    0x8776, 0x8778, 0x8782, 0x878D, 0x879F, 0x87A2, 0x87B3, 0x87BA, 0x87C4, 0x87E0, 0x87EC, 0x87EF, 0x87F2, 0x87F9, 0x87FB, 0x87FE,
    0x8805, 0x881F, 0x8822, 0x8823, 0x8831, 0x8836, 0x883B, 0x8840, 0x8846, 0x884C, 0x884D, 0x8852, 0x8853, 0x8857, 0x8859, 0x885B,
    0x885D, 0x8861, 0x8862, 0x8863, 0x8868, 0x886B, 0x8870, 0x8872, 0x8877, 0x887E, 0x887F, 0x8881, 0x8882, 0x8888, 0x888B, 0x888D,
    0x8892, 0x8896, 0x8897, 0x889E, 0x88AB, 0x88B4, 0x88C1, 0x88C2, 0x88CF, 0x88D4, 0x88D5, 0x88D9, 0x88DC, 0x88DD, 0x88DF, 0x88E1,
    0x88E8, 0x88F3, 0x88F4, 0x88F5, 0x88F8, 0x88FD, 0x8907, 0x8910, 0x8912, 0x8913, 0x8918, 0x8919, 0x8925, 0x892A, 0x8936, 0x8938,
    0x893B, 0x8941, 0x8944, 0x895F, 0x8964, 0x896A, 0x8972, 0x897F, 0x8981, 0x8983, 0x8986, 0x8987, 0x898B, 0x898F, 0x8993, 0x8996,
    0x89A1, 0x89A9, 0x89AA, 0x89B2, 0x89BA, 0x89BD, 0x89C0, 0x89D2, 0x89E3, 0x89F4, 0x89F8, 0x8A00, 0x8A02, 0x8A03, 0x8A08, 0x8A0A,
    0x8A0C, 0x8A0E, 0x8A13, 0x8A16, 0x8A17, 0x8A18, 0x8A1B, 0x8A1D, 0x8A1F, 0x8A23, 0x8A25, 0x8A2A, 0x8A2D, 0x8A31, 0x8A34, 0x8A36,
    0x8A3A, 0x8A3B, 0x8A50, 0x8A54, 0x8A55, 0x8A5B, 0x8A5E, 0x8A60, 0x8A62, 0x8A63, 0x8A66, 0x8A69, 0x8A6D, 0x8A6E, 0x8A70, 0x8A71,
    0x8A72, 0x8A73, 0x8A75, 0x8A79, 0x8A85, 0x8A87, 0x8A8C, 0x8A8D, 0x8A93, 0x8A95, 0x8A98, 0x8A9E, 0x8AA0, 0x8AA1, 0x8AA3, 0x8AA4,
    0x8AA5, 0x8AA6, 0x8AA8, 0x8AAA, 0x8AB0, 0x8AB2, 0x8AB9, 0x8ABC, 0x8ABE, 0x8ABF, 0x8AC2, 0x8AC4, 0x8AC7, 0x8ACB, 0x8ACD, 0x8ACF,
    0x8AD2, 0x8AD6, 0x8ADB, 0x8ADC, 0x8AE1, 0x8AE6, 0x8AE7, 0x8AEA, 0x8AEB, 0x8AED, 0x8AEE, 0x8AF1, 0x8AF6, 0x8AF7, 0x8AF8, 0x8AFA,
    0x8AFE, 0x8B00, 0x8B01, 0x8B02, 0x8B04, 0x8B0E, 0x8B10, 0x8B14, 0x8B16, 0x8B17, 0x8B19, 0x8B1A, 0x8B1B, 0x8B1D, 0x8B20, 0x8B28,
    0x8B2B, 0x8B2C, 0x8B33, 0x8B39, 0x8B41, 0x8B49, 0x8B4E, 0x8B4F, 0x8B58, 0x8B5A, 0x8B5C, 0x8B66, 0x8B6C, 0x8B6F, 0x8B70, 0x8B74,
    0x8B77, 0x8B7D, 0x8B80, 0x8B8A, 0x8B90, 0x8B92, 0x8B93, 0x8B96, 0x8B9A, 0x8C37, 0x8C3F, 0x8C41, 0x8C46, 0x8C48, 0x8C4A, 0x8C4C,
    0x8C55, 0x8C5A, 0x8C61, 0x8C6A, 0x8C6B, 0x8C79, 0x8C7A, 0x8C82, 0x8C8A, 0x8C8C, 0x8C9D, 0x8C9E, 0x8CA0, 0x8CA1, 0x8CA2, 0x8CA7,
    0x8CA8, 0x8CA9, 0x8CAA, 0x8CAB, 0x8CAC, 0x8CAF, 0x8CB0, 0x8CB3, 0x8CB4, 0x8CB6, 0x8CB7, 0x8CB8, 0x8CBB, 0x8CBC, 0x8CBD, 0x8CBF,
    0x8CC0, 0x8CC1, 0x8CC2, 0x8CC3, 0x8CC4, 0x8CC7, 0x8CC8, 0x8CCA, 0x8CD1, 0x8CD3, 0x8CDA, 0x8CDC, 0x8CDE, 0x8CE0, 0x8CE2, 0x8CE3,
    0x8CE4, 0x8CE6, 0x8CEA, 0x8CED, 0x8CF4, 0x8CFB, 0x8CFC, 0x8CFD, 0x8D04, 0x8D05, 0x8D07, 0x8D08, 0x8D0A, 0x8D0D, 0x8D13, 0x8D16,
    0x8D64, 0x8D66, 0x8D6B, 0x8D70, 0x8D73, 0x8D74, 0x8D77, 0x8D85, 0x8D8A, 0x8D99, 0x8DA3, 0x8DA8, 0x8DB3, 0x8DBA, 0x8DBE, 0x8DC6,
    0x8DCB, 0x8DCC, 0x8DCF, 0x8DDB, 0x8DDD, 0x8DE1, 0x8DE3, 0x8DE8, 0x8DEF, 0x8DF3, 0x8E0A, 0x8E0F, 0x8E10, 0x8E1E, 0x8E2A, 0x8E30,
    0x8E35, 0x8E42, 0x8E44, 0x8E47, 0x8E48, 0x8E49, 0x8E4A, 0x8E59, 0x8E5F, 0x8E60, 0x8E74, 0x8E76, 0x8E81, 0x8E87, 0x8E8A, 0x8E8D,
    0x8EAA, 0x8EAB, 0x8EAC, 0x8EC0, 0x8ECA, 0x8ECB, 0x8ECC, 0x8ECD, 0x8ED2, 0x8EDF, 0x8EEB, 0x8EF8, 0x8EFB, 0x8EFE, 0x8F03, 0x8F05,
    0x8F09, 0x8F12, 0x8F13, 0x8F14, 0x8F15, 0x8F1B, 0x8F1C, 0x8F1D, 0x8F1E, 0x8F1F, 0x8F26, 0x8F27, 0x8F29, 0x8F2A, 0x8F2F, 0x8F33,
    0x8F38, 0x8F39, 0x8F3B, 0x8F3E, 0x8F3F, 0x8F44, 0x8F45, 0x8F49, 0x8F4D, 0x8F4E, 0x8F5D, 0x8F5F, 0x8F62, 0x8F9B, 0x8F9C, 0x8FA3,
    0x8FA6, 0x8FA8, 0x8FAD, 0x8FAF, 0x8FB0, 0x8FB1, 0x8FB2, 0x8FC2, 0x8FC5, 0x8FCE, 0x8FD1, 0x8FD4, 0x8FE6, 0x8FEA, 0x8FEB, 0x8FED,
    0x8FF0, 0x8FF2, 0x8FF7, 0x8FF9, 0x8FFD, 0x9000, 0x9001, 0x9002, 0x9003, 0x9005, 0x9006, 0x9008, 0x900B, 0x900D, 0x900F, 0x9010,
    0x9011, 0x9014, 0x9015, 0x9017, 0x9019, 0x901A, 0x901D, 0x901E, 0x901F, 0x9020, 0x9021, 0x9022, 0x9023, 0x902E, 0x9031, 0x9032,
    0x9035, 0x9038, 0x903C, 0x903E, 0x9041, 0x9042, 0x9047, 0x904A, 0x904B, 0x904D, 0x904E, 0x9050, 0x9051, 0x9053, 0x9054, 0x9055,
    0x9059, 0x905C, 0x905D, 0x905E, 0x9060, 0x9061, 0x9063, 0x9069, 0x906D, 0x906E, 0x906F, 0x9072, 0x9075, 0x9077, 0x9078, 0x907A,
    0x907C, 0x907D, 0x907F, 0x9080, 0x9081, 0x9082, 0x9083, 0x9084, 0x9087, 0x9088, 0x908A, 0x908F, 0x9091, 0x9095, 0x9099, 0x90A2,
    0x90A3, 0x90A6, 0x90A8, 0x90AA, 0x90AF, 0x90B0, 0x90B1, 0x90B5, 0x90B8, 0x90C1, 0x90CA, 0x90DE, 0x90E1, 0x90E8, 0x90ED, 0x90F5,
    0x90FD, 0x9102, 0x9112, 0x9115, 0x9119, 0x9127, 0x912D, 0x9132, 0x9149, 0x914A, 0x914B, 0x914C, 0x914D, 0x914E, 0x9152, 0x9162,
    0x9169, 0x916A, 0x916C, 0x9175, 0x9177, 0x9178, 0x9187, 0x9189, 0x918B, 0x918D, 0x9192, 0x919C, 0x91AB, 0x91AC, 0x91AE, 0x91AF,
    0x91B1, 0x91B4, 0x91B5, 0x91C0, 0x91C7, 0x91C9, 0x91CB, 0x91CC, 0x91CD, 0x91CE, 0x91CF, 0x91D0, 0x91D1, 0x91D7, 0x91D8, 0x91DC,
    0x91DD, 0x91E3, 0x91E7, 0x91EA, 0x91F5, 0x920D, 0x9210, 0x9211, 0x9212, 0x9217, 0x921E, 0x9234, 0x923A, 0x923F, 0x9240, 0x9245,
    0x9249, 0x9257, 0x925B, 0x925E, 0x9262, 0x9264, 0x9265, 0x9266, 0x9280, 0x9283, 0x9285, 0x9291, 0x9293, 0x9296, 0x9298, 0x929C,
    0x92B3, 0x92B6, 0x92B7, 0x92B9, 0x92CC, 0x92CF, 0x92D2, 0x92E4, 0x92EA, 0x92F8, 0x92FC, 0x9304, 0x9310, 0x9318, 0x931A, 0x931E,
    0x931F, 0x9320, 0x9321, 0x9322, 0x9324, 0x9326, 0x9328, 0x932B, 0x932E, 0x932F, 0x9348, 0x934A, 0x934B, 0x934D, 0x9354, 0x935B,
    0x936E, 0x9375, 0x937C, 0x937E, 0x938C, 0x9394, 0x9396, 0x939A, 0x93A3, 0x93A7, 0x93AC, 0x93AD, 0x93B0, 0x93C3, 0x93D1, 0x93DE,
    0x93E1, 0x93E4, 0x93F6, 0x9404, 0x9418, 0x9425, 0x942B, 0x9435, 0x9438, 0x9444, 0x9451, 0x9452, 0x945B, 0x947D, 0x947F, 0x9577,
    0x9580, 0x9583, 0x9589, 0x958B, 0x958F, 0x9591, 0x9592, 0x9593, 0x9594, 0x9598, 0x95A3, 0x95A4, 0x95A5, 0x95A8, 0x95AD, 0x95B1,
    0x95BB, 0x95BC, 0x95C7, 0x95CA, 0x95D4, 0x95D5, 0x95D6, 0x95DC, 0x95E1, 0x95E2, 0x961C, 0x9621, 0x962A, 0x962E, 0x9632, 0x963B,
    0x963F, 0x9640, 0x9642, 0x9644, 0x964B, 0x964C, 0x964D, 0x9650, 0x965B, 0x965C, 0x965D, 0x965E, 0x965F, 0x9662, 0x9663, 0x9664,
    0x966A, 0x9670, 0x9673, 0x9675, 0x9676, 0x9677, 0x9678, 0x967D, 0x9685, 0x9686, 0x968A, 0x968B, 0x968D, 0x968E, 0x9694, 0x9695,
    0x9698, 0x9699, 0x969B, 0x969C, 0x96A3, 0x96A7, 0x96A8, 0x96AA, 0x96B1, 0x96B7, 0x96BB, 0x96C0, 0x96C1, 0x96C4, 0x96C5, 0x96C6,
    0x96C7, 0x96C9, 0x96CB, 0x96CC, 0x96CD, 0x96CE, 0x96D5, 0x96D6, 0x96D9, 0x96DB, 0x96DC, 0x96E2, 0x96E3, 0x96E8, 0x96E9, 0x96EA,
    0x96EF, 0x96F0, 0x96F2, 0x96F6, 0x96F7, 0x96F9, 0x96FB, 0x9700, 0x9706, 0x9707, 0x9711, 0x9713, 0x9716, 0x9719, 0x971C, 0x971E,
    0x9727, 0x9730, 0x9732, 0x9739, 0x973D, 0x9742, 0x9744, 0x9748, 0x9751, 0x9756, 0x975C, 0x975E, 0x9761, 0x9762, 0x9769, 0x976D,
    0x9774, 0x9777, 0x977A, 0x978B, 0x978D, 0x978F, 0x97A0, 0x97A8, 0x97AB, 0x97AD, 0x97C6, 0x97CB, 0x97D3, 0x97DC, 0x97F3, 0x97F6,
    0x97FB, 0x97FF, 0x9800, 0x9801, 0x9802, 0x9803, 0x9805, 0x9806, 0x9808, 0x980A, 0x980C, 0x9810, 0x9811, 0x9812, 0x9813, 0x9817,
    0x9818, 0x982D, 0x9830, 0x9838, 0x9839, 0x983B, 0x9846, 0x984C, 0x984D, 0x984E, 0x9854, 0x9858, 0x985A, 0x985E, 0x9865, 0x9867,
    0x986B, 0x986F, 0x98A8, 0x98AF, 0x98B1, 0x98C4, 0x98C7, 0x98DB, 0x98DC, 0x98DF, 0x98E1, 0x98E2, 0x98ED, 0x98EE, 0x98EF, 0x98F4,
    0x98FC, 0x98FD, 0x98FE, 0x9903, 0x9909, 0x990A, 0x990C, 0x9910, 0x9913, 0x9918, 0x991E, 0x9920, 0x9928, 0x9945, 0x9949, 0x994B,
    0x994C, 0x994D, 0x9951, 0x9952, 0x9954, 0x9957, 0x9996, 0x9999, 0x999D, 0x99A5, 0x99A8, 0x99AC, 0x99AD, 0x99AE, 0x99B1, 0x99B3,
    0x99B4, 0x99B9, 0x99C1, 0x99D0, 0x99D1, 0x99D2, 0x99D5, 0x99D9, 0x99DD, 0x99DF, 0x99ED, 0x99F1, 0x99FF, 0x9A01, 0x9A08, 0x9A0E,
    0x9A0F, 0x9A19, 0x9A2B, 0x9A30, 0x9A36, 0x9A37, 0x9A40, 0x9A43, 0x9A45, 0x9A4D, 0x9A55, 0x9A57, 0x9A5A, 0x9A5B, 0x9A5F, 0x9A62,
    0x9A65, 0x9A69, 0x9A6A, 0x9AA8, 0x9AB8, 0x9AD3, 0x9AD4, 0x9AD8, 0x9AE5, 0x9AEE, 0x9B1A, 0x9B27, 0x9B2A, 0x9B31, 0x9B3C, 0x9B41,
    0x9B42, 0x9B43, 0x9B44, 0x9B45, 0x9B4F, 0x9B54, 0x9B5A, 0x9B6F, 0x9B8E, 0x9B91, 0x9B9F, 0x9BAB, 0x9BAE, 0x9BC9, 0x9BD6, 0x9BE4,
    0x9BE8, 0x9C0D, 0x9C10, 0x9C12, 0x9C15, 0x9C25, 0x9C32, 0x9C3B, 0x9C47, 0x9C49, 0x9C57, 0x9CE5, 0x9CE7, 0x9CE9, 0x9CF3, 0x9CF4,
    0x9CF6, 0x9D09, 0x9D1B, 0x9D26, 0x9D28, 0x9D3B, 0x9D51, 0x9D5D, 0x9D60, 0x9D61, 0x9D6C, 0x9D72, 0x9DA9, 0x9DAF, 0x9DB4, 0x9DC4,
    0x9DD7, 0x9DF2, 0x9DF8, 0x9DF9, 0x9DFA, 0x9E1A, 0x9E1E, 0x9E75, 0x9E79, 0x9E7D, 0x9E7F, 0x9E92, 0x9E93, 0x9E97, 0x9E9D, 0x9E9F,
    0x9EA5, 0x9EB4, 0x9EB5, 0x9EBB, 0x9EBE, 0x9EC3, 0x9ECD, 0x9ECE, 0x9ED1, 0x9ED4, 0x9ED8, 0x9EDB, 0x9EDC, 0x9EDE, 0x9EE8, 0x9EF4,
    0x9F07, 0x9F08, 0x9F0E, 0x9F13, 0x9F20, 0x9F3B, 0x9F4A, 0x9F4B, 0x9F4E, 0x9F52, 0x9F5F, 0x9F61, 0x9F67, 0x9F6A, 0x9F6C, 0x9F77,
    0x9F8D, 0x9F90, 0x9F95, 0x9F9C, 0xAC00, 0xAC01, 0xAC02, 0xAC03, 0xAC04, 0xAC05, 0xAC06, 0xAC07, 0xAC08, 0xAC09, 0xAC0A, 0xAC0B,
    0xAC0C, 0xAC0D, 0xAC0E, 0xAC0F, 0xAC10, 0xAC11, 0xAC12, 0xAC13, 0xAC14, 0xAC15, 0xAC16, 0xAC17, 0xAC18, 0xAC19, 0xAC1A, 0xAC1B,
    0xAC1C, 0xAC1D, 0xAC1E, 0xAC1F, 0xAC20, 0xAC21, 0xAC22, 0xAC23, 0xAC24, 0xAC25, 0xAC26, 0xAC27, 0xAC28, 0xAC29, 0xAC2A, 0xAC2B,
    0xAC2C, 0xAC2D, 0xAC2E, 0xAC2F, 0xAC30, 0xAC31, 0xAC32, 0xAC33, 0xAC34, 0xAC35, 0xAC36, 0xAC37, 0xAC38, 0xAC39, 0xAC3A, 0xAC3B,
    0xAC3C, 0xAC3D, 0xAC3E, 0xAC3F, 0xAC40, 0xAC41, 0xAC42, 0xAC43, 0xAC44, 0xAC45, 0xAC46, 0xAC47, 0xAC48, 0xAC49, 0xAC4A, 0xAC4B,
    0xAC4C, 0xAC4D, 0xAC4E, 0xAC4F, 0xAC50, 0xAC51, 0xAC52, 0xAC53, 0xAC54, 0xAC55, 0xAC56, 0xAC57, 0xAC58, 0xAC59, 0xAC5A, 0xAC5B,
    0xAC5C, 0xAC5D, 0xAC5E, 0xAC5F, 0xAC60, 0xAC61, 0xAC62, 0xAC63, 0xAC64, 0xAC65, 0xAC66, 0xAC67, 0xAC68, 0xAC69, 0xAC6A, 0xAC6B,
    0xAC6C, 0xAC6D, 0xAC6E, 0xAC6F, 0xAC70, 0xAC71, 0xAC72, 0xAC73, 0xAC74, 0xAC75, 0xAC76, 0xAC77, 0xAC78, 0xAC79, 0xAC7A, 0xAC7B,
    0xAC7C, 0xAC7D, 0xAC7E, 0xAC7F, 0xAC80, 0xAC81, 0xAC82, 0xAC83, 0xAC84, 0xAC85, 0xAC86, 0xAC87, 0xAC88, 0xAC89, 0xAC8A, 0xAC8B,
    0xAC8C, 0xAC8D, 0xAC8E, 0xAC8F, 0xAC90, 0xAC91, 0xAC92, 0xAC93, 0xAC94, 0xAC95, 0xAC96, 0xAC97, 0xAC98, 0xAC99, 0xAC9A, 0xAC9B,
    0xAC9C, 0xAC9D, 0xAC9E, 0xAC9F, 0xACA0, 0xACA1, 0xACA2, 0xACA3, 0xACA4, 0xACA5, 0xACA6, 0xACA7, 0xACA8, 0xACA9, 0xACAA, 0xACAB,
    0xACAC, 0xACAD, 0xACAE, 0xACAF, 0xACB0, 0xACB1, 0xACB2, 0xACB3, 0xACB4, 0xACB5, 0xACB6, 0xACB7, 0xACB8, 0xACB9, 0xACBA, 0xACBB,
    0xACBC, 0xACBD, 0xACBE, 0xACBF, 0xACC0, 0xACC1, 0xACC2, 0xACC3, 0xACC4, 0xACC5, 0xACC6, 0xACC7, 0xACC8, 0xACC9, 0xACCA, 0xACCB,
    0xACCC, 0xACCD, 0xACCE, 0xACCF, 0xACD0, 0xACD1, 0xACD2, 0xACD3, 0xACD4, 0xACD5, 0xACD6, 0xACD7, 0xACD8, 0xACD9, 0xACDA, 0xACDB,
    0xACDC, 0xACDD, 0xACDE, 0xACDF, 0xACE0, 0xACE1, 0xACE2, 0xACE3, 0xACE4, 0xACE5, 0xACE6, 0xACE7, 0xACE8, 0xACE9, 0xACEA, 0xACEB,
    0xACEC, 0xACED, 0xACEE, 0xACEF, 0xACF0, 0xACF1, 0xACF2, 0xACF3, 0xACF4, 0xACF5, 0xACF6, 0xACF7, 0xACF8, 0xACF9, 0xACFA, 0xACFB,
    0xACFC, 0xACFD, 0xACFE, 0xACFF, 0xAD00, 0xAD01, 0xAD02, 0xAD03, 0xAD04, 0xAD05, 0xAD06, 0xAD07, 0xAD08, 0xAD09, 0xAD0A, 0xAD0B,
    0xAD0C, 0xAD0D, 0xAD0E, 0xAD0F, 0xAD10, 0xAD11, 0xAD12, 0xAD13, 0xAD14, 0xAD15, 0xAD16, 0xAD17, 0xAD18, 0xAD19, 0xAD1A, 0xAD1B,
    0xAD1C, 0xAD1D, 0xAD1E, 0xAD1F, 0xAD20, 0xAD21, 0xAD22, 0xAD23, 0xAD24, 0xAD25, 0xAD26, 0xAD27, 0xAD28, 0xAD29, 0xAD2A, 0xAD2B,
    0xAD2C, 0xAD2D, 0xAD2E, 0xAD2F, 0xAD30, 0xAD31, 0xAD32, 0xAD33, 0xAD34, 0xAD35, 0xAD36, 0xAD37, 0xAD38, 0xAD39, 0xAD3A, 0xAD3B,
    0xAD3C, 0xAD3D, 0xAD3E, 0xAD3F, 0xAD40, 0xAD41, 0xAD42, 0xAD43, 0xAD44, 0xAD45, 0xAD46, 0xAD47, 0xAD48, 0xAD49, 0xAD4A, 0xAD4B,
    0xAD4C, 0xAD4D, 0xAD4E, 0xAD4F, 0xAD50, 0xAD51, 0xAD52, 0xAD53, 0xAD54, 0xAD55, 0xAD56, 0xAD57, 0xAD58, 0xAD59, 0xAD5A, 0xAD5B,
    0xAD5C, 0xAD5D, 0xAD5E, 0xAD5F, 0xAD60, 0xAD61, 0xAD62, 0xAD63, 0xAD64, 0xAD65, 0xAD66, 0xAD67, 0xAD68, 0xAD69, 0xAD6A, 0xAD6B,
    0xAD6C, 0xAD6D, 0xAD6E, 0xAD6F, 0xAD70, 0xAD71, 0xAD72, 0xAD73, 0xAD74, 0xAD75, 0xAD76, 0xAD77, 0xAD78, 0xAD79, 0xAD7A, 0xAD7B,
    0xAD7C, 0xAD7D, 0xAD7E, 0xAD7F, 0xAD80, 0xAD81, 0xAD82, 0xAD83, 0xAD84, 0xAD85, 0xAD86, 0xAD87, 0xAD88, 0xAD89, 0xAD8A, 0xAD8B,
    0xAD8C, 0xAD8D, 0xAD8E, 0xAD8F, 0xAD90, 0xAD91, 0xAD92, 0xAD93, 0xAD94, 0xAD95, 0xAD96, 0xAD97, 0xAD98, 0xAD99, 0xAD9A, 0xAD9B,
    0xAD9C, 0xAD9D, 0xAD9E, 0xAD9F, 0xADA0, 0xADA1, 0xADA2, 0xADA3, 0xADA4, 0xADA5, 0xADA6, 0xADA7, 0xADA8, 0xADA9, 0xADAA, 0xADAB,
    0xADAC, 0xADAD, 0xADAE, 0xADAF, 0xADB0, 0xADB1, 0xADB2, 0xADB3, 0xADB4, 0xADB5, 0xADB6, 0xADB7, 0xADB8, 0xADB9, 0xADBA, 0xADBB,
    0xADBC, 0xADBD, 0xADBE, 0xADBF, 0xADC0, 0xADC1, 0xADC2, 0xADC3, 0xADC4, 0xADC5, 0xADC6, 0xADC7, 0xADC8, 0xADC9, 0xADCA, 0xADCB,
    0xADCC, 0xADCD, 0xADCE, 0xADCF, 0xADD0, 0xADD1, 0xADD2, 0xADD3, 0xADD4, 0xADD5, 0xADD6, 0xADD7, 0xADD8, 0xADD9, 0xADDA, 0xADDB,
    0xADDC, 0xADDD, 0xADDE, 0xADDF, 0xADE0, 0xADE1, 0xADE2, 0xADE3, 0xADE4, 0xADE5, 0xADE6, 0xADE7, 0xADE8, 0xADE9, 0xADEA, 0xADEB,
    0xADEC, 0xADED, 0xADEE, 0xADEF, 0xADF0, 0xADF1, 0xADF2, 0xADF3, 0xADF4, 0xADF5, 0xADF6, 0xADF7, 0xADF8, 0xADF9, 0xADFA, 0xADFB,
    0xADFC, 0xADFD, 0xADFE, 0xADFF, 0xAE00, 0xAE01, 0xAE02, 0xAE03, 0xAE04, 0xAE05, 0xAE06, 0xAE07, 0xAE08, 0xAE09, 0xAE0A, 0xAE0B,
    0xAE0C, 0xAE0D, 0xAE0E, 0xAE0F, 0xAE10, 0xAE11, 0xAE12, 0xAE13, 0xAE14, 0xAE15, 0xAE16, 0xAE17, 0xAE18, 0xAE19, 0xAE1A, 0xAE1B,
    0xAE1C, 0xAE1D, 0xAE1E, 0xAE1F, 0xAE20, 0xAE21, 0xAE22, 0xAE23, 0xAE24, 0xAE25, 0xAE26, 0xAE27, 0xAE28, 0xAE29, 0xAE2A, 0xAE2B,
    0xAE2C, 0xAE2D, 0xAE2E, 0xAE2F, 0xAE30, 0xAE31, 0xAE32, 0xAE33, 0xAE34, 0xAE35, 0xAE36, 0xAE37, 0xAE38, 0xAE39, 0xAE3A, 0xAE3B,
    0xAE3C, 0xAE3D, 0xAE3E, 0xAE3F, 0xAE40, 0xAE41, 0xAE42, 0xAE43, 0xAE44, 0xAE45, 0xAE46, 0xAE47, 0xAE48, 0xAE49, 0xAE4A, 0xAE4B,
    0xAE4C, 0xAE4D, 0xAE4E, 0xAE4F, 0xAE50, 0xAE51, 0xAE52, 0xAE53, 0xAE54, 0xAE55, 0xAE56, 0xAE57, 0xAE58, 0xAE59, 0xAE5A, 0xAE5B,
    0xAE5C, 0xAE5D, 0xAE5E, 0xAE5F, 0xAE60, 0xAE61, 0xAE62, 0xAE63, 0xAE64, 0xAE65, 0xAE66, 0xAE67, 0xAE68, 0xAE69, 0xAE6A, 0xAE6B,
    0xAE6C, 0xAE6D, 0xAE6E, 0xAE6F, 0xAE70, 0xAE71, 0xAE72, 0xAE73, 0xAE74, 0xAE75, 0xAE76, 0xAE77, 0xAE78, 0xAE79, 0xAE7A, 0xAE7B,
    0xAE7C, 0xAE7D, 0xAE7E, 0xAE7F, 0xAE80, 0xAE81, 0xAE82, 0xAE83, 0xAE84, 0xAE85, 0xAE86, 0xAE87, 0xAE88, 0xAE89, 0xAE8A, 0xAE8B,
    0xAE8C, 0xAE8D, 0xAE8E, 0xAE8F, 0xAE90, 0xAE91, 0xAE92, 0xAE93, 0xAE94, 0xAE95, 0xAE96, 0xAE97, 0xAE98, 0xAE99, 0xAE9A, 0xAE9B,
    0xAE9C, 0xAE9D, 0xAE9E, 0xAE9F, 0xAEA0, 0xAEA1, 0xAEA2, 0xAEA3, 0xAEA4, 0xAEA5, 0xAEA6, 0xAEA7, 0xAEA8, 0xAEA9, 0xAEAA, 0xAEAB,
    0xAEAC, 0xAEAD, 0xAEAE, 0xAEAF, 0xAEB0, 0xAEB1, 0xAEB2, 0xAEB3, 0xAEB4, 0xAEB5, 0xAEB6, 0xAEB7, 0xAEB8, 0xAEB9, 0xAEBA, 0xAEBB,
    0xAEBC, 0xAEBD, 0xAEBE, 0xAEBF, 0xAEC0, 0xAEC1, 0xAEC2, 0xAEC3, 0xAEC4, 0xAEC5, 0xAEC6, 0xAEC7, 0xAEC8, 0xAEC9, 0xAECA, 0xAECB,
    0xAECC, 0xAECD, 0xAECE, 0xAECF, 0xAED0, 0xAED1, 0xAED2, 0xAED3, 0xAED4, 0xAED5, 0xAED6, 0xAED7, 0xAED8, 0xAED9, 0xAEDA, 0xAEDB,
    0xAEDC, 0xAEDD, 0xAEDE, 0xAEDF, 0xAEE0, 0xAEE1, 0xAEE2, 0xAEE3, 0xAEE4, 0xAEE5, 0xAEE6, 0xAEE7, 0xAEE8, 0xAEE9, 0xAEEA, 0xAEEB,
    0xAEEC, 0xAEED, 0xAEEE, 0xAEEF, 0xAEF0, 0xAEF1, 0xAEF2, 0xAEF3, 0xAEF4, 0xAEF5, 0xAEF6, 0xAEF7, 0xAEF8, 0xAEF9, 0xAEFA, 0xAEFB,
    0xAEFC, 0xAEFD, 0xAEFE, 0xAEFF, 0xAF00, 0xAF01, 0xAF02, 0xAF03, 0xAF04, 0xAF05, 0xAF06, 0xAF07, 0xAF08, 0xAF09, 0xAF0A, 0xAF0B,
    0xAF0C, 0xAF0D, 0xAF0E, 0xAF0F, 0xAF10, 0xAF11, 0xAF12, 0xAF13, 0xAF14, 0xAF15, 0xAF16, 0xAF17, 0xAF18, 0xAF19, 0xAF1A, 0xAF1B,
    0xAF1C, 0xAF1D, 0xAF1E, 0xAF1F, 0xAF20, 0xAF21, 0xAF22, 0xAF23, 0xAF24, 0xAF25, 0xAF26, 0xAF27, 0xAF28, 0xAF29, 0xAF2A, 0xAF2B,
    0xAF2C, 0xAF2D, 0xAF2E, 0xAF2F, 0xAF30, 0xAF31, 0xAF32, 0xAF33, 0xAF34, 0xAF35, 0xAF36, 0xAF37, 0xAF38, 0xAF39, 0xAF3A, 0xAF3B,
    0xAF3C, 0xAF3D, 0xAF3E, 0xAF3F, 0xAF40, 0xAF41, 0xAF42, 0xAF43, 0xAF44, 0xAF45, 0xAF46, 0xAF47, 0xAF48, 0xAF49, 0xAF4A, 0xAF4B,
    0xAF4C, 0xAF4D, 0xAF4E, 0xAF4F, 0xAF50, 0xAF51, 0xAF52, 0xAF53, 0xAF54, 0xAF55, 0xAF56, 0xAF57, 0xAF58, 0xAF59, 0xAF5A, 0xAF5B,
    0xAF5C, 0xAF5D, 0xAF5E, 0xAF5F, 0xAF60, 0xAF61, 0xAF62, 0xAF63, 0xAF64, 0xAF65, 0xAF66, 0xAF67, 0xAF68, 0xAF69, 0xAF6A, 0xAF6B,
    0xAF6C, 0xAF6D, 0xAF6E, 0xAF6F, 0xAF70, 0xAF71, 0xAF72, 0xAF73, 0xAF74, 0xAF75, 0xAF76, 0xAF77, 0xAF78, 0xAF79, 0xAF7A, 0xAF7B,
    0xAF7C, 0xAF7D, 0xAF7E, 0xAF7F, 0xAF80, 0xAF81, 0xAF82, 0xAF83, 0xAF84, 0xAF85, 0xAF86, 0xAF87, 0xAF88, 0xAF89, 0xAF8A, 0xAF8B,
    0xAF8C, 0xAF8D, 0xAF8E, 0xAF8F, 0xAF90, 0xAF91, 0xAF92, 0xAF93, 0xAF94, 0xAF95, 0xAF96, 0xAF97, 0xAF98, 0xAF99, 0xAF9A, 0xAF9B,
    0xAF9C, 0xAF9D, 0xAF9E, 0xAF9F, 0xAFA0, 0xAFA1, 0xAFA2, 0xAFA3, 0xAFA4, 0xAFA5, 0xAFA6, 0xAFA7, 0xAFA8, 0xAFA9, 0xAFAA, 0xAFAB,
    0xAFAC, 0xAFAD, 0xAFAE, 0xAFAF, 0xAFB0, 0xAFB1, 0xAFB2, 0xAFB3, 0xAFB4, 0xAFB5, 0xAFB6, 0xAFB7, 0xAFB8, 0xAFB9, 0xAFBA, 0xAFBB,
    0xAFBC, 0xAFBD, 0xAFBE, 0xAFBF, 0xAFC0, 0xAFC1, 0xAFC2, 0xAFC3, 0xAFC4, 0xAFC5, 0xAFC6, 0xAFC7, 0xAFC8, 0xAFC9, 0xAFCA, 0xAFCB,
    0xAFCC, 0xAFCD, 0xAFCE, 0xAFCF, 0xAFD0, 0xAFD1, 0xAFD2, 0xAFD3, 0xAFD4, 0xAFD5, 0xAFD6, 0xAFD7, 0xAFD8, 0xAFD9, 0xAFDA, 0xAFDB,
    0xAFDC, 0xAFDD, 0xAFDE, 0xAFDF, 0xAFE0, 0xAFE1, 0xAFE2, 0xAFE3, 0xAFE4, 0xAFE5, 0xAFE6, 0xAFE7, 0xAFE8, 0xAFE9, 0xAFEA, 0xAFEB,
    0xAFEC, 0xAFED, 0xAFEE, 0xAFEF, 0xAFF0, 0xAFF1, 0xAFF2, 0xAFF3, 0xAFF4, 0xAFF5, 0xAFF6, 0xAFF7, 0xAFF8, 0xAFF9, 0xAFFA, 0xAFFB,
    0xAFFC, 0xAFFD, 0xAFFE, 0xAFFF, 0xB000, 0xB001, 0xB002, 0xB003, 0xB004, 0xB005, 0xB006, 0xB007, 0xB008, 0xB009, 0xB00A, 0xB00B,
    0xB00C, 0xB00D, 0xB00E, 0xB00F, 0xB010, 0xB011, 0xB012, 0xB013, 0xB014, 0xB015, 0xB016, 0xB017, 0xB018, 0xB019, 0xB01A, 0xB01B,
    0xB01C, 0xB01D, 0xB01E, 0xB01F, 0xB020, 0xB021, 0xB022, 0xB023, 0xB024, 0xB025, 0xB026, 0xB027, 0xB028, 0xB029, 0xB02A, 0xB02B,
    0xB02C, 0xB02D, 0xB02E, 0xB02F, 0xB030, 0xB031, 0xB032, 0xB033, 0xB034, 0xB035, 0xB036, 0xB037, 0xB038, 0xB039, 0xB03A, 0xB03B,
    0xB03C, 0xB03D, 0xB03E, 0xB03F, 0xB040, 0xB041, 0xB042, 0xB043, 0xB044, 0xB045, 0xB046, 0xB047, 0xB048, 0xB049, 0xB04A, 0xB04B,
    0xB04C, 0xB04D, 0xB04E, 0xB04F, 0xB050, 0xB051, 0xB052, 0xB053, 0xB054, 0xB055, 0xB056, 0xB057, 0xB058, 0xB059, 0xB05A, 0xB05B,
    0xB05C, 0xB05D, 0xB05E, 0xB05F, 0xB060, 0xB061, 0xB062, 0xB063, 0xB064, 0xB065, 0xB066, 0xB067, 0xB068, 0xB069, 0xB06A, 0xB06B,
    0xB06C, 0xB06D, 0xB06E, 0xB06F, 0xB070, 0xB071, 0xB072, 0xB073, 0xB074, 0xB075, 0xB076, 0xB077, 0xB078, 0xB079, 0xB07A, 0xB07B,
    0xB07C, 0xB07D, 0xB07E, 0xB07F, 0xB080, 0xB081, 0xB082, 0xB083, 0xB084, 0xB085, 0xB086, 0xB087, 0xB088, 0xB089, 0xB08A, 0xB08B,
    0xB08C, 0xB08D, 0xB08E, 0xB08F, 0xB090, 0xB091, 0xB092, 0xB093, 0xB094, 0xB095, 0xB096, 0xB097, 0xB098, 0xB099, 0xB09A, 0xB09B,
    0xB09C, 0xB09D, 0xB09E, 0xB09F, 0xB0A0, 0xB0A1, 0xB0A2, 0xB0A3, 0xB0A4, 0xB0A5, 0xB0A6, 0xB0A7, 0xB0A8, 0xB0A9, 0xB0AA, 0xB0AB,
    0xB0AC, 0xB0AD, 0xB0AE, 0xB0AF, 0xB0B0, 0xB0B1, 0xB0B2, 0xB0B3, 0xB0B4, 0xB0B5, 0xB0B6, 0xB0B7, 0xB0B8, 0xB0B9, 0xB0BA, 0xB0BB,
    0xB0BC, 0xB0BD, 0xB0BE, 0xB0BF, 0xB0C0, 0xB0C1, 0xB0C2, 0xB0C3, 0xB0C4, 0xB0C5, 0xB0C6, 0xB0C7, 0xB0C8, 0xB0C9, 0xB0CA, 0xB0CB,
    0xB0CC, 0xB0CD, 0xB0CE, 0xB0CF, 0xB0D0, 0xB0D1, 0xB0D2, 0xB0D3, 0xB0D4, 0xB0D5, 0xB0D6, 0xB0D7, 0xB0D8, 0xB0D9, 0xB0DA, 0xB0DB,
    0xB0DC, 0xB0DD, 0xB0DE, 0xB0DF, 0xB0E0, 0xB0E1, 0xB0E2, 0xB0E3, 0xB0E4, 0xB0E5, 0xB0E6, 0xB0E7, 0xB0E8, 0xB0E9, 0xB0EA, 0xB0EB,
    0xB0EC, 0xB0ED, 0xB0EE, 0xB0EF, 0xB0F0, 0xB0F1, 0xB0F2, 0xB0F3, 0xB0F4, 0xB0F5, 0xB0F6, 0xB0F7, 0xB0F8, 0xB0F9, 0xB0FA, 0xB0FB,
    0xB0FC, 0xB0FD, 0xB0FE, 0xB0FF, 0xB100, 0xB101, 0xB102, 0xB103, 0xB104, 0xB105, 0xB106, 0xB107, 0xB108, 0xB109, 0xB10A, 0xB10B,
    0xB10C, 0xB10D, 0xB10E, 0xB10F, 0xB110, 0xB111, 0xB112, 0xB113, 0xB114, 0xB115, 0xB116, 0xB117, 0xB118, 0xB119, 0xB11A, 0xB11B,
    0xB11C, 0xB11D, 0xB11E, 0xB11F, 0xB120, 0xB121, 0xB122, 0xB123, 0xB124, 0xB125, 0xB126, 0xB127, 0xB128, 0xB129, 0xB12A, 0xB12B,
    0xB12C, 0xB12D, 0xB12E, 0xB12F, 0xB130, 0xB131, 0xB132, 0xB133, 0xB134, 0xB135, 0xB136, 0xB137, 0xB138, 0xB139, 0xB13A, 0xB13B,
    0xB13C, 0xB13D, 0xB13E, 0xB13F, 0xB140, 0xB141, 0xB142, 0xB143, 0xB144, 0xB145, 0xB146, 0xB147, 0xB148, 0xB149, 0xB14A, 0xB14B,
    0xB14C, 0xB14D, 0xB14E, 0xB14F, 0xB150, 0xB151, 0xB152, 0xB153, 0xB154, 0xB155, 0xB156, 0xB157, 0xB158, 0xB159, 0xB15A, 0xB15B,
    0xB15C, 0xB15D, 0xB15E, 0xB15F, 0xB160, 0xB161, 0xB162, 0xB163, 0xB164, 0xB165, 0xB166, 0xB167, 0xB168, 0xB169, 0xB16A, 0xB16B,
    0xB16C, 0xB16D, 0xB16E, 0xB16F, 0xB170, 0xB171, 0xB172, 0xB173, 0xB174, 0xB175, 0xB176, 0xB177, 0xB178, 0xB179, 0xB17A, 0xB17B,
    0xB17C, 0xB17D, 0xB17E, 0xB17F, 0xB180, 0xB181, 0xB182, 0xB183, 0xB184, 0xB185, 0xB186, 0xB187, 0xB188, 0xB189, 0xB18A, 0xB18B,
    0xB18C, 0xB18D, 0xB18E, 0xB18F, 0xB190, 0xB191, 0xB192, 0xB193, 0xB194, 0xB195, 0xB196, 0xB197, 0xB198, 0xB199, 0xB19A, 0xB19B,
    0xB19C, 0xB19D, 0xB19E, 0xB19F, 0xB1A0, 0xB1A1, 0xB1A2, 0xB1A3, 0xB1A4, 0xB1A5, 0xB1A6, 0xB1A7, 0xB1A8, 0xB1A9, 0xB1AA, 0xB1AB,
    0xB1AC, 0xB1AD, 0xB1AE, 0xB1AF, 0xB1B0, 0xB1B1, 0xB1B2, 0xB1B3, 0xB1B4, 0xB1B5, 0xB1B6, 0xB1B7, 0xB1B8, 0xB1B9, 0xB1BA, 0xB1BB,
    0xB1BC, 0xB1BD, 0xB1BE, 0xB1BF, 0xB1C0, 0xB1C1, 0xB1C2, 0xB1C3, 0xB1C4, 0xB1C5, 0xB1C6, 0xB1C7, 0xB1C8, 0xB1C9, 0xB1CA, 0xB1CB,
    0xB1CC, 0xB1CD, 0xB1CE, 0xB1CF, 0xB1D0, 0xB1D1, 0xB1D2, 0xB1D3, 0xB1D4, 0xB1D5, 0xB1D6, 0xB1D7, 0xB1D8, 0xB1D9, 0xB1DA, 0xB1DB,
    0xB1DC, 0xB1DD, 0xB1DE, 0xB1DF, 0xB1E0, 0xB1E1, 0xB1E2, 0xB1E3, 0xB1E4, 0xB1E5, 0xB1E6, 0xB1E7, 0xB1E8, 0xB1E9, 0xB1EA, 0xB1EB,
    0xB1EC, 0xB1ED, 0xB1EE, 0xB1EF, 0xB1F0, 0xB1F1, 0xB1F2, 0xB1F3, 0xB1F4, 0xB1F5, 0xB1F6, 0xB1F7, 0xB1F8, 0xB1F9, 0xB1FA, 0xB1FB,
    0xB1FC, 0xB1FD, 0xB1FE, 0xB1FF, 0xB200, 0xB201, 0xB202, 0xB203, 0xB204, 0xB205, 0xB206, 0xB207, 0xB208, 0xB209, 0xB20A, 0xB20B,
    0xB20C, 0xB20D, 0xB20E, 0xB20F, 0xB210, 0xB211, 0xB212, 0xB213, 0xB214, 0xB215, 0xB216, 0xB217, 0xB218, 0xB219, 0xB21A, 0xB21B,
    0xB21C, 0xB21D, 0xB21E, 0xB21F, 0xB220, 0xB221, 0xB222, 0xB223, 0xB224, 0xB225, 0xB226, 0xB227, 0xB228, 0xB229, 0xB22A, 0xB22B,
    0xB22C, 0xB22D, 0xB22E, 0xB22F, 0xB230, 0xB231, 0xB232, 0xB233, 0xB234, 0xB235, 0xB236, 0xB237, 0xB238, 0xB239, 0xB23A, 0xB23B,
    0xB23C, 0xB23D, 0xB23E, 0xB23F, 0xB240, 0xB241, 0xB242, 0xB243, 0xB244, 0xB245, 0xB246, 0xB247, 0xB248, 0xB249, 0xB24A, 0xB24B,
    0xB24C, 0xB24D, 0xB24E, 0xB24F, 0xB250, 0xB251, 0xB252, 0xB253, 0xB254, 0xB255, 0xB256, 0xB257, 0xB258, 0xB259, 0xB25A, 0xB25B,
    0xB25C, 0xB25D, 0xB25E, 0xB25F, 0xB260, 0xB261, 0xB262, 0xB263, 0xB264, 0xB265, 0xB266, 0xB267, 0xB268, 0xB269, 0xB26A, 0xB26B,
    0xB26C, 0xB26D, 0xB26E, 0xB26F, 0xB270, 0xB271, 0xB272, 0xB273, 0xB274, 0xB275, 0xB276, 0xB277, 0xB278, 0xB279, 0xB27A, 0xB27B,
    0xB27C, 0xB27D, 0xB27E, 0xB27F, 0xB280, 0xB281, 0xB282, 0xB283, 0xB284, 0xB285, 0xB286, 0xB287, 0xB288, 0xB289, 0xB28A, 0xB28B,
    0xB28C, 0xB28D, 0xB28E, 0xB28F, 0xB290, 0xB291, 0xB292, 0xB293, 0xB294, 0xB295, 0xB296, 0xB297, 0xB298, 0xB299, 0xB29A, 0xB29B,
    0xB29C, 0xB29D, 0xB29E, 0xB29F, 0xB2A0, 0xB2A1, 0xB2A2, 0xB2A3, 0xB2A4, 0xB2A5, 0xB2A6, 0xB2A7, 0xB2A8, 0xB2A9, 0xB2AA, 0xB2AB,
    0xB2AC, 0xB2AD, 0xB2AE, 0xB2AF, 0xB2B0, 0xB2B1, 0xB2B2, 0xB2B3, 0xB2B4, 0xB2B5, 0xB2B6, 0xB2B7, 0xB2B8, 0xB2B9, 0xB2BA, 0xB2BB,
    0xB2BC, 0xB2BD, 0xB2BE, 0xB2BF, 0xB2C0, 0xB2C1, 0xB2C2, 0xB2C3, 0xB2C4, 0xB2C5, 0xB2C6, 0xB2C7, 0xB2C8, 0xB2C9, 0xB2CA, 0xB2CB,
    0xB2CC, 0xB2CD, 0xB2CE, 0xB2CF, 0xB2D0, 0xB2D1, 0xB2D2, 0xB2D3, 0xB2D4, 0xB2D5, 0xB2D6, 0xB2D7, 0xB2D8, 0xB2D9, 0xB2DA, 0xB2DB,
    0xB2DC, 0xB2DD, 0xB2DE, 0xB2DF, 0xB2E0, 0xB2E1, 0xB2E2, 0xB2E3, 0xB2E4, 0xB2E5, 0xB2E6, 0xB2E7, 0xB2E8, 0xB2E9, 0xB2EA, 0xB2EB,
    0xB2EC, 0xB2ED, 0xB2EE, 0xB2EF, 0xB2F0, 0xB2F1, 0xB2F2, 0xB2F3, 0xB2F4, 0xB2F5, 0xB2F6, 0xB2F7, 0xB2F8, 0xB2F9, 0xB2FA, 0xB2FB,
    0xB2FC, 0xB2FD, 0xB2FE, 0xB2FF, 0xB300, 0xB301, 0xB302, 0xB303, 0xB304, 0xB305, 0xB306, 0xB307, 0xB308, 0xB309, 0xB30A, 0xB30B,
    0xB30C, 0xB30D, 0xB30E, 0xB30F, 0xB310, 0xB311, 0xB312, 0xB313, 0xB314, 0xB315, 0xB316, 0xB317, 0xB318, 0xB319, 0xB31A, 0xB31B,
    0xB31C, 0xB31D, 0xB31E, 0xB31F, 0xB320, 0xB321, 0xB322, 0xB323, 0xB324, 0xB325, 0xB326, 0xB327, 0xB328, 0xB329, 0xB32A, 0xB32B,
    0xB32C, 0xB32D, 0xB32E, 0xB32F, 0xB330, 0xB331, 0xB332, 0xB333, 0xB334, 0xB335, 0xB336, 0xB337, 0xB338, 0xB339, 0xB33A, 0xB33B,
    0xB33C, 0xB33D, 0xB33E, 0xB33F, 0xB340, 0xB341, 0xB342, 0xB343, 0xB344, 0xB345, 0xB346, 0xB347, 0xB348, 0xB349, 0xB34A, 0xB34B,
    0xB34C, 0xB34D, 0xB34E, 0xB34F, 0xB350, 0xB351, 0xB352, 0xB353, 0xB354, 0xB355, 0xB356, 0xB357, 0xB358, 0xB359, 0xB35A, 0xB35B,
    0xB35C, 0xB35D, 0xB35E, 0xB35F, 0xB360, 0xB361, 0xB362, 0xB363, 0xB364, 0xB365, 0xB366, 0xB367, 0xB368, 0xB369, 0xB36A, 0xB36B,
    0xB36C, 0xB36D, 0xB36E, 0xB36F, 0xB370, 0xB371, 0xB372, 0xB373, 0xB374, 0xB375, 0xB376, 0xB377, 0xB378, 0xB379, 0xB37A, 0xB37B,
    0xB37C, 0xB37D, 0xB37E, 0xB37F, 0xB380, 0xB381, 0xB382, 0xB383, 0xB384, 0xB385, 0xB386, 0xB387, 0xB388, 0xB389, 0xB38A, 0xB38B,
    0xB38C, 0xB38D, 0xB38E, 0xB38F, 0xB390, 0xB391, 0xB392, 0xB393, 0xB394, 0xB395, 0xB396, 0xB397, 0xB398, 0xB399, 0xB39A, 0xB39B,
    0xB39C, 0xB39D, 0xB39E, 0xB39F, 0xB3A0, 0xB3A1, 0xB3A2, 0xB3A3, 0xB3A4, 0xB3A5, 0xB3A6, 0xB3A7, 0xB3A8, 0xB3A9, 0xB3AA, 0xB3AB,
    0xB3AC, 0xB3AD, 0xB3AE, 0xB3AF, 0xB3B0, 0xB3B1, 0xB3B2, 0xB3B3, 0xB3B4, 0xB3B5, 0xB3B6, 0xB3B7, 0xB3B8, 0xB3B9, 0xB3BA, 0xB3BB,
    0xB3BC, 0xB3BD, 0xB3BE, 0xB3BF, 0xB3C0, 0xB3C1, 0xB3C2, 0xB3C3, 0xB3C4, 0xB3C5, 0xB3C6, 0xB3C7, 0xB3C8, 0xB3C9, 0xB3CA, 0xB3CB,
    0xB3CC, 0xB3CD, 0xB3CE, 0xB3CF, 0xB3D0, 0xB3D1, 0xB3D2, 0xB3D3, 0xB3D4, 0xB3D5, 0xB3D6, 0xB3D7, 0xB3D8, 0xB3D9, 0xB3DA, 0xB3DB,
    0xB3DC, 0xB3DD, 0xB3DE, 0xB3DF, 0xB3E0, 0xB3E1, 0xB3E2, 0xB3E3, 0xB3E4, 0xB3E5, 0xB3E6, 0xB3E7, 0xB3E8, 0xB3E9, 0xB3EA, 0xB3EB,
    0xB3EC, 0xB3ED, 0xB3EE, 0xB3EF, 0xB3F0, 0xB3F1, 0xB3F2, 0xB3F3, 0xB3F4, 0xB3F5, 0xB3F6, 0xB3F7, 0xB3F8, 0xB3F9, 0xB3FA, 0xB3FB,
    0xB3FC, 0xB3FD, 0xB3FE, 0xB3FF, 0xB400, 0xB401, 0xB402, 0xB403, 0xB404, 0xB405, 0xB406, 0xB407, 0xB408, 0xB409, 0xB40A, 0xB40B,
    0xB40C, 0xB40D, 0xB40E, 0xB40F, 0xB410, 0xB411, 0xB412, 0xB413, 0xB414, 0xB415, 0xB416, 0xB417, 0xB418, 0xB419, 0xB41A, 0xB41B,
    0xB41C, 0xB41D, 0xB41E, 0xB41F, 0xB420, 0xB421, 0xB422, 0xB423, 0xB424, 0xB425, 0xB426, 0xB427, 0xB428, 0xB429, 0xB42A, 0xB42B,
    0xB42C, 0xB42D, 0xB42E, 0xB42F, 0xB430, 0xB431, 0xB432, 0xB433, 0xB434, 0xB435, 0xB436, 0xB437, 0xB438, 0xB439, 0xB43A, 0xB43B,
    0xB43C, 0xB43D, 0xB43E, 0xB43F, 0xB440, 0xB441, 0xB442, 0xB443, 0xB444, 0xB445, 0xB446, 0xB447, 0xB448, 0xB449, 0xB44A, 0xB44B,
    0xB44C, 0xB44D, 0xB44E, 0xB44F, 0xB450, 0xB451, 0xB452, 0xB453, 0xB454, 0xB455, 0xB456, 0xB457, 0xB458, 0xB459, 0xB45A, 0xB45B,
    0xB45C, 0xB45D, 0xB45E, 0xB45F, 0xB460, 0xB461, 0xB462, 0xB463, 0xB464, 0xB465, 0xB466, 0xB467, 0xB468, 0xB469, 0xB46A, 0xB46B,
    0xB46C, 0xB46D, 0xB46E, 0xB46F, 0xB470, 0xB471, 0xB472, 0xB473, 0xB474, 0xB475, 0xB476, 0xB477, 0xB478, 0xB479, 0xB47A, 0xB47B,
    0xB47C, 0xB47D, 0xB47E, 0xB47F, 0xB480, 0xB481, 0xB482, 0xB483, 0xB484, 0xB485, 0xB486, 0xB487, 0xB488, 0xB489, 0xB48A, 0xB48B,
    0xB48C, 0xB48D, 0xB48E, 0xB48F, 0xB490, 0xB491, 0xB492, 0xB493, 0xB494, 0xB495, 0xB496, 0xB497, 0xB498, 0xB499, 0xB49A, 0xB49B,
    0xB49C, 0xB49D, 0xB49E, 0xB49F, 0xB4A0, 0xB4A1, 0xB4A2, 0xB4A3, 0xB4A4, 0xB4A5, 0xB4A6, 0xB4A7, 0xB4A8, 0xB4A9, 0xB4AA, 0xB4AB,
    0xB4AC, 0xB4AD, 0xB4AE, 0xB4AF, 0xB4B0, 0xB4B1, 0xB4B2, 0xB4B3, 0xB4B4, 0xB4B5, 0xB4B6, 0xB4B7, 0xB4B8, 0xB4B9, 0xB4BA, 0xB4BB,
    0xB4BC, 0xB4BD, 0xB4BE, 0xB4BF, 0xB4C0, 0xB4C1, 0xB4C2, 0xB4C3, 0xB4C4, 0xB4C5, 0xB4C6, 0xB4C7, 0xB4C8, 0xB4C9, 0xB4CA, 0xB4CB,
    0xB4CC, 0xB4CD, 0xB4CE, 0xB4CF, 0xB4D0, 0xB4D1, 0xB4D2, 0xB4D3, 0xB4D4, 0xB4D5, 0xB4D6, 0xB4D7, 0xB4D8, 0xB4D9, 0xB4DA, 0xB4DB,
    0xB4DC, 0xB4DD, 0xB4DE, 0xB4DF, 0xB4E0, 0xB4E1, 0xB4E2, 0xB4E3, 0xB4E4, 0xB4E5, 0xB4E6, 0xB4E7, 0xB4E8, 0xB4E9, 0xB4EA, 0xB4EB,
    0xB4EC, 0xB4ED, 0xB4EE, 0xB4EF, 0xB4F0, 0xB4F1, 0xB4F2, 0xB4F3, 0xB4F4, 0xB4F5, 0xB4F6, 0xB4F7, 0xB4F8, 0xB4F9, 0xB4FA, 0xB4FB,
    0xB4FC, 0xB4FD, 0xB4FE, 0xB4FF, 0xB500, 0xB501, 0xB502, 0xB503, 0xB504, 0xB505, 0xB506, 0xB507, 0xB508, 0xB509, 0xB50A, 0xB50B,
    0xB50C, 0xB50D, 0xB50E, 0xB50F, 0xB510, 0xB511, 0xB512, 0xB513, 0xB514, 0xB515, 0xB516, 0xB517, 0xB518, 0xB519, 0xB51A, 0xB51B,
    0xB51C, 0xB51D, 0xB51E, 0xB51F, 0xB520, 0xB521, 0xB522, 0xB523, 0xB524, 0xB525, 0xB526, 0xB527, 0xB528, 0xB529, 0xB52A, 0xB52B,
    0xB52C, 0xB52D, 0xB52E, 0xB52F, 0xB530, 0xB531, 0xB532, 0xB533, 0xB534, 0xB535, 0xB536, 0xB537, 0xB538, 0xB539, 0xB53A, 0xB53B,
    0xB53C, 0xB53D, 0xB53E, 0xB53F, 0xB540, 0xB541, 0xB542, 0xB543, 0xB544, 0xB545, 0xB546, 0xB547, 0xB548, 0xB549, 0xB54A, 0xB54B,
    0xB54C, 0xB54D, 0xB54E, 0xB54F, 0xB550, 0xB551, 0xB552, 0xB553, 0xB554, 0xB555, 0xB556, 0xB557, 0xB558, 0xB559, 0xB55A, 0xB55B,
    0xB55C, 0xB55D, 0xB55E, 0xB55F, 0xB560, 0xB561, 0xB562, 0xB563, 0xB564, 0xB565, 0xB566, 0xB567, 0xB568, 0xB569, 0xB56A, 0xB56B,
    0xB56C, 0xB56D, 0xB56E, 0xB56F, 0xB570, 0xB571, 0xB572, 0xB573, 0xB574, 0xB575, 0xB576, 0xB577, 0xB578, 0xB579, 0xB57A, 0xB57B,
    0xB57C, 0xB57D, 0xB57E, 0xB57F, 0xB580, 0xB581, 0xB582, 0xB583, 0xB584, 0xB585, 0xB586, 0xB587, 0xB588, 0xB589, 0xB58A, 0xB58B,
    0xB58C, 0xB58D, 0xB58E, 0xB58F, 0xB590, 0xB591, 0xB592, 0xB593, 0xB594, 0xB595, 0xB596, 0xB597, 0xB598, 0xB599, 0xB59A, 0xB59B,
    0xB59C, 0xB59D, 0xB59E, 0xB59F, 0xB5A0, 0xB5A1, 0xB5A2, 0xB5A3, 0xB5A4, 0xB5A5, 0xB5A6, 0xB5A7, 0xB5A8, 0xB5A9, 0xB5AA, 0xB5AB,
    0xB5AC, 0xB5AD, 0xB5AE, 0xB5AF, 0xB5B0, 0xB5B1, 0xB5B2, 0xB5B3, 0xB5B4, 0xB5B5, 0xB5B6, 0xB5B7, 0xB5B8, 0xB5B9, 0xB5BA, 0xB5BB,
    0xB5BC, 0xB5BD, 0xB5BE, 0xB5BF, 0xB5C0, 0xB5C1, 0xB5C2, 0xB5C3, 0xB5C4, 0xB5C5, 0xB5C6, 0xB5C7, 0xB5C8, 0xB5C9, 0xB5CA, 0xB5CB,
    0xB5CC, 0xB5CD, 0xB5CE, 0xB5CF, 0xB5D0, 0xB5D1, 0xB5D2, 0xB5D3, 0xB5D4, 0xB5D5, 0xB5D6, 0xB5D7, 0xB5D8, 0xB5D9, 0xB5DA, 0xB5DB,
    0xB5DC, 0xB5DD, 0xB5DE, 0xB5DF, 0xB5E0, 0xB5E1, 0xB5E2, 0xB5E3, 0xB5E4, 0xB5E5, 0xB5E6, 0xB5E7, 0xB5E8, 0xB5E9, 0xB5EA, 0xB5EB,
    0xB5EC, 0xB5ED, 0xB5EE, 0xB5EF, 0xB5F0, 0xB5F1, 0xB5F2, 0xB5F3, 0xB5F4, 0xB5F5, 0xB5F6, 0xB5F7, 0xB5F8, 0xB5F9, 0xB5FA, 0xB5FB,
    0xB5FC, 0xB5FD, 0xB5FE, 0xB5FF, 0xB600, 0xB601, 0xB602, 0xB603, 0xB604, 0xB605, 0xB606, 0xB607, 0xB608, 0xB609, 0xB60A, 0xB60B,
    0xB60C, 0xB60D, 0xB60E, 0xB60F, 0xB610, 0xB611, 0xB612, 0xB613, 0xB614, 0xB615, 0xB616, 0xB617, 0xB618, 0xB619, 0xB61A, 0xB61B,
    0xB61C, 0xB61D, 0xB61E, 0xB61F, 0xB620, 0xB621, 0xB622, 0xB623, 0xB624, 0xB625, 0xB626, 0xB627, 0xB628, 0xB629, 0xB62A, 0xB62B,
    0xB62C, 0xB62D, 0xB62E, 0xB62F, 0xB630, 0xB631, 0xB632, 0xB633, 0xB634, 0xB635, 0xB636, 0xB637, 0xB638, 0xB639, 0xB63A, 0xB63B,
    0xB63C, 0xB63D, 0xB63E, 0xB63F, 0xB640, 0xB641, 0xB642, 0xB643, 0xB644, 0xB645, 0xB646, 0xB647, 0xB648, 0xB649, 0xB64A, 0xB64B,
    0xB64C, 0xB64D, 0xB64E, 0xB64F, 0xB650, 0xB651, 0xB652, 0xB653, 0xB654, 0xB655, 0xB656, 0xB657, 0xB658, 0xB659, 0xB65A, 0xB65B,
    0xB65C, 0xB65D, 0xB65E, 0xB65F, 0xB660, 0xB661, 0xB662, 0xB663, 0xB664, 0xB665, 0xB666, 0xB667, 0xB668, 0xB669, 0xB66A, 0xB66B,
    0xB66C, 0xB66D, 0xB66E, 0xB66F, 0xB670, 0xB671, 0xB672, 0xB673, 0xB674, 0xB675, 0xB676, 0xB677, 0xB678, 0xB679, 0xB67A, 0xB67B,
    0xB67C, 0xB67D, 0xB67E, 0xB67F, 0xB680, 0xB681, 0xB682, 0xB683, 0xB684, 0xB685, 0xB686, 0xB687, 0xB688, 0xB689, 0xB68A, 0xB68B,
    0xB68C, 0xB68D, 0xB68E, 0xB68F, 0xB690, 0xB691, 0xB692, 0xB693, 0xB694, 0xB695, 0xB696, 0xB697, 0xB698, 0xB699, 0xB69A, 0xB69B,
    0xB69C, 0xB69D, 0xB69E, 0xB69F, 0xB6A0, 0xB6A1, 0xB6A2, 0xB6A3, 0xB6A4, 0xB6A5, 0xB6A6, 0xB6A7, 0xB6A8, 0xB6A9, 0xB6AA, 0xB6AB,
    0xB6AC, 0xB6AD, 0xB6AE, 0xB6AF, 0xB6B0, 0xB6B1, 0xB6B2, 0xB6B3, 0xB6B4, 0xB6B5, 0xB6B6, 0xB6B7, 0xB6B8, 0xB6B9, 0xB6BA, 0xB6BB,
    0xB6BC, 0xB6BD, 0xB6BE, 0xB6BF, 0xB6C0, 0xB6C1, 0xB6C2, 0xB6C3, 0xB6C4, 0xB6C5, 0xB6C6, 0xB6C7, 0xB6C8, 0xB6C9, 0xB6CA, 0xB6CB,
    0xB6CC, 0xB6CD, 0xB6CE, 0xB6CF, 0xB6D0, 0xB6D1, 0xB6D2, 0xB6D3, 0xB6D4, 0xB6D5, 0xB6D6, 0xB6D7, 0xB6D8, 0xB6D9, 0xB6DA, 0xB6DB,
    0xB6DC, 0xB6DD, 0xB6DE, 0xB6DF, 0xB6E0, 0xB6E1, 0xB6E2, 0xB6E3, 0xB6E4, 0xB6E5, 0xB6E6, 0xB6E7, 0xB6E8, 0xB6E9, 0xB6EA, 0xB6EB,
    0xB6EC, 0xB6ED, 0xB6EE, 0xB6EF, 0xB6F0, 0xB6F1, 0xB6F2, 0xB6F3, 0xB6F4, 0xB6F5, 0xB6F6, 0xB6F7, 0xB6F8, 0xB6F9, 0xB6FA, 0xB6FB,
    0xB6FC, 0xB6FD, 0xB6FE, 0xB6FF, 0xB700, 0xB701, 0xB702, 0xB703, 0xB704, 0xB705, 0xB706, 0xB707, 0xB708, 0xB709, 0xB70A, 0xB70B,
    0xB70C, 0xB70D, 0xB70E, 0xB70F, 0xB710, 0xB711, 0xB712, 0xB713, 0xB714, 0xB715, 0xB716, 0xB717, 0xB718, 0xB719, 0xB71A, 0xB71B,
    0xB71C, 0xB71D, 0xB71E, 0xB71F, 0xB720, 0xB721, 0xB722, 0xB723, 0xB724, 0xB725, 0xB726, 0xB727, 0xB728, 0xB729, 0xB72A, 0xB72B,
    0xB72C, 0xB72D, 0xB72E, 0xB72F, 0xB730, 0xB731, 0xB732, 0xB733, 0xB734, 0xB735, 0xB736, 0xB737, 0xB738, 0xB739, 0xB73A, 0xB73B,
    0xB73C, 0xB73D, 0xB73E, 0xB73F, 0xB740, 0xB741, 0xB742, 0xB743, 0xB744, 0xB745, 0xB746, 0xB747, 0xB748, 0xB749, 0xB74A, 0xB74B,
    0xB74C, 0xB74D, 0xB74E, 0xB74F, 0xB750, 0xB751, 0xB752, 0xB753, 0xB754, 0xB755, 0xB756, 0xB757, 0xB758, 0xB759, 0xB75A, 0xB75B,
    0xB75C, 0xB75D, 0xB75E, 0xB75F, 0xB760, 0xB761, 0xB762, 0xB763, 0xB764, 0xB765, 0xB766, 0xB767, 0xB768, 0xB769, 0xB76A, 0xB76B,
    0xB76C, 0xB76D, 0xB76E, 0xB76F, 0xB770, 0xB771, 0xB772, 0xB773, 0xB774, 0xB775, 0xB776, 0xB777, 0xB778, 0xB779, 0xB77A, 0xB77B,
    0xB77C, 0xB77D, 0xB77E, 0xB77F, 0xB780, 0xB781, 0xB782, 0xB783, 0xB784, 0xB785, 0xB786, 0xB787, 0xB788, 0xB789, 0xB78A, 0xB78B,
    0xB78C, 0xB78D, 0xB78E, 0xB78F, 0xB790, 0xB791, 0xB792, 0xB793, 0xB794, 0xB795, 0xB796, 0xB797, 0xB798, 0xB799, 0xB79A, 0xB79B,
    0xB79C, 0xB79D, 0xB79E, 0xB79F, 0xB7A0, 0xB7A1, 0xB7A2, 0xB7A3, 0xB7A4, 0xB7A5, 0xB7A6, 0xB7A7, 0xB7A8, 0xB7A9, 0xB7AA, 0xB7AB,
    0xB7AC, 0xB7AD, 0xB7AE, 0xB7AF, 0xB7B0, 0xB7B1, 0xB7B2, 0xB7B3, 0xB7B4, 0xB7B5, 0xB7B6, 0xB7B7, 0xB7B8, 0xB7B9, 0xB7BA, 0xB7BB,
    0xB7BC, 0xB7BD, 0xB7BE, 0xB7BF, 0xB7C0, 0xB7C1, 0xB7C2, 0xB7C3, 0xB7C4, 0xB7C5, 0xB7C6, 0xB7C7, 0xB7C8, 0xB7C9, 0xB7CA, 0xB7CB,
    0xB7CC, 0xB7CD, 0xB7CE, 0xB7CF, 0xB7D0, 0xB7D1, 0xB7D2, 0xB7D3, 0xB7D4, 0xB7D5, 0xB7D6, 0xB7D7, 0xB7D8, 0xB7D9, 0xB7DA, 0xB7DB,
    0xB7DC, 0xB7DD, 0xB7DE, 0xB7DF, 0xB7E0, 0xB7E1, 0xB7E2, 0xB7E3, 0xB7E4, 0xB7E5, 0xB7E6, 0xB7E7, 0xB7E8, 0xB7E9, 0xB7EA, 0xB7EB,
    0xB7EC, 0xB7ED, 0xB7EE, 0xB7EF, 0xB7F0, 0xB7F1, 0xB7F2, 0xB7F3, 0xB7F4, 0xB7F5, 0xB7F6, 0xB7F7, 0xB7F8, 0xB7F9, 0xB7FA, 0xB7FB,
    0xB7FC, 0xB7FD, 0xB7FE, 0xB7FF, 0xB800, 0xB801, 0xB802, 0xB803, 0xB804, 0xB805, 0xB806, 0xB807, 0xB808, 0xB809, 0xB80A, 0xB80B,
    0xB80C, 0xB80D, 0xB80E, 0xB80F, 0xB810, 0xB811, 0xB812, 0xB813, 0xB814, 0xB815, 0xB816, 0xB817, 0xB818, 0xB819, 0xB81A, 0xB81B,
    0xB81C, 0xB81D, 0xB81E, 0xB81F, 0xB820, 0xB821, 0xB822, 0xB823, 0xB824, 0xB825, 0xB826, 0xB827, 0xB828, 0xB829, 0xB82A, 0xB82B,
    0xB82C, 0xB82D, 0xB82E, 0xB82F, 0xB830, 0xB831, 0xB832, 0xB833, 0xB834, 0xB835, 0xB836, 0xB837, 0xB838, 0xB839, 0xB83A, 0xB83B,
    0xB83C, 0xB83D, 0xB83E, 0xB83F, 0xB840, 0xB841, 0xB842, 0xB843, 0xB844, 0xB845, 0xB846, 0xB847, 0xB848, 0xB849, 0xB84A, 0xB84B,
    0xB84C, 0xB84D, 0xB84E, 0xB84F, 0xB850, 0xB851, 0xB852, 0xB853, 0xB854, 0xB855, 0xB856, 0xB857, 0xB858, 0xB859, 0xB85A, 0xB85B,
    0xB85C, 0xB85D, 0xB85E, 0xB85F, 0xB860, 0xB861, 0xB862, 0xB863, 0xB864, 0xB865, 0xB866, 0xB867, 0xB868, 0xB869, 0xB86A, 0xB86B,
    0xB86C, 0xB86D, 0xB86E, 0xB86F, 0xB870, 0xB871, 0xB872, 0xB873, 0xB874, 0xB875, 0xB876, 0xB877, 0xB878, 0xB879, 0xB87A, 0xB87B,
    0xB87C, 0xB87D, 0xB87E, 0xB87F, 0xB880, 0xB881, 0xB882, 0xB883, 0xB884, 0xB885, 0xB886, 0xB887, 0xB888, 0xB889, 0xB88A, 0xB88B,
    0xB88C, 0xB88D, 0xB88E, 0xB88F, 0xB890, 0xB891, 0xB892, 0xB893, 0xB894, 0xB895, 0xB896, 0xB897, 0xB898, 0xB899, 0xB89A, 0xB89B,
    0xB89C, 0xB89D, 0xB89E, 0xB89F, 0xB8A0, 0xB8A1, 0xB8A2, 0xB8A3, 0xB8A4, 0xB8A5, 0xB8A6, 0xB8A7, 0xB8A8, 0xB8A9, 0xB8AA, 0xB8AB,
    0xB8AC, 0xB8AD, 0xB8AE, 0xB8AF, 0xB8B0, 0xB8B1, 0xB8B2, 0xB8B3, 0xB8B4, 0xB8B5, 0xB8B6, 0xB8B7, 0xB8B8, 0xB8B9, 0xB8BA, 0xB8BB,
    0xB8BC, 0xB8BD, 0xB8BE, 0xB8BF, 0xB8C0, 0xB8C1, 0xB8C2, 0xB8C3, 0xB8C4, 0xB8C5, 0xB8C6, 0xB8C7, 0xB8C8, 0xB8C9, 0xB8CA, 0xB8CB,
    0xB8CC, 0xB8CD, 0xB8CE, 0xB8CF, 0xB8D0, 0xB8D1, 0xB8D2, 0xB8D3, 0xB8D4, 0xB8D5, 0xB8D6, 0xB8D7, 0xB8D8, 0xB8D9, 0xB8DA, 0xB8DB,
    0xB8DC, 0xB8DD, 0xB8DE, 0xB8DF, 0xB8E0, 0xB8E1, 0xB8E2, 0xB8E3, 0xB8E4, 0xB8E5, 0xB8E6, 0xB8E7, 0xB8E8, 0xB8E9, 0xB8EA, 0xB8EB,
    0xB8EC, 0xB8ED, 0xB8EE, 0xB8EF, 0xB8F0, 0xB8F1, 0xB8F2, 0xB8F3, 0xB8F4, 0xB8F5, 0xB8F6, 0xB8F7, 0xB8F8, 0xB8F9, 0xB8FA, 0xB8FB,
    0xB8FC, 0xB8FD, 0xB8FE, 0xB8FF, 0xB900, 0xB901, 0xB902, 0xB903, 0xB904, 0xB905, 0xB906, 0xB907, 0xB908, 0xB909, 0xB90A, 0xB90B,
    0xB90C, 0xB90D, 0xB90E, 0xB90F, 0xB910, 0xB911, 0xB912, 0xB913, 0xB914, 0xB915, 0xB916, 0xB917, 0xB918, 0xB919, 0xB91A, 0xB91B,
    0xB91C, 0xB91D, 0xB91E, 0xB91F, 0xB920, 0xB921, 0xB922, 0xB923, 0xB924, 0xB925, 0xB926, 0xB927, 0xB928, 0xB929, 0xB92A, 0xB92B,
    0xB92C, 0xB92D, 0xB92E, 0xB92F, 0xB930, 0xB931, 0xB932, 0xB933, 0xB934, 0xB935, 0xB936, 0xB937, 0xB938, 0xB939, 0xB93A, 0xB93B,
    0xB93C, 0xB93D, 0xB93E, 0xB93F, 0xB940, 0xB941, 0xB942, 0xB943, 0xB944, 0xB945, 0xB946, 0xB947, 0xB948, 0xB949, 0xB94A, 0xB94B,
    0xB94C, 0xB94D, 0xB94E, 0xB94F, 0xB950, 0xB951, 0xB952, 0xB953, 0xB954, 0xB955, 0xB956, 0xB957, 0xB958, 0xB959, 0xB95A, 0xB95B,
    0xB95C, 0xB95D, 0xB95E, 0xB95F, 0xB960, 0xB961, 0xB962, 0xB963, 0xB964, 0xB965, 0xB966, 0xB967, 0xB968, 0xB969, 0xB96A, 0xB96B,
    0xB96C, 0xB96D, 0xB96E, 0xB96F, 0xB970, 0xB971, 0xB972, 0xB973, 0xB974, 0xB975, 0xB976, 0xB977, 0xB978, 0xB979, 0xB97A, 0xB97B,
    0xB97C, 0xB97D, 0xB97E, 0xB97F, 0xB980, 0xB981, 0xB982, 0xB983, 0xB984, 0xB985, 0xB986, 0xB987, 0xB988, 0xB989, 0xB98A, 0xB98B,
    0xB98C, 0xB98D, 0xB98E, 0xB98F, 0xB990, 0xB991, 0xB992, 0xB993, 0xB994, 0xB995, 0xB996, 0xB997, 0xB998, 0xB999, 0xB99A, 0xB99B,
    0xB99C, 0xB99D, 0xB99E, 0xB99F, 0xB9A0, 0xB9A1, 0xB9A2, 0xB9A3, 0xB9A4, 0xB9A5, 0xB9A6, 0xB9A7, 0xB9A8, 0xB9A9, 0xB9AA, 0xB9AB,
    0xB9AC, 0xB9AD, 0xB9AE, 0xB9AF, 0xB9B0, 0xB9B1, 0xB9B2, 0xB9B3, 0xB9B4, 0xB9B5, 0xB9B6, 0xB9B7, 0xB9B8, 0xB9B9, 0xB9BA, 0xB9BB,
    0xB9BC, 0xB9BD, 0xB9BE, 0xB9BF, 0xB9C0, 0xB9C1, 0xB9C2, 0xB9C3, 0xB9C4, 0xB9C5, 0xB9C6, 0xB9C7, 0xB9C8, 0xB9C9, 0xB9CA, 0xB9CB,
    0xB9CC, 0xB9CD, 0xB9CE, 0xB9CF, 0xB9D0, 0xB9D1, 0xB9D2, 0xB9D3, 0xB9D4, 0xB9D5, 0xB9D6, 0xB9D7, 0xB9D8, 0xB9D9, 0xB9DA, 0xB9DB,
    0xB9DC, 0xB9DD, 0xB9DE, 0xB9DF, 0xB9E0, 0xB9E1, 0xB9E2, 0xB9E3, 0xB9E4, 0xB9E5, 0xB9E6, 0xB9E7, 0xB9E8, 0xB9E9, 0xB9EA, 0xB9EB,
    0xB9EC, 0xB9ED, 0xB9EE, 0xB9EF, 0xB9F0, 0xB9F1, 0xB9F2, 0xB9F3, 0xB9F4, 0xB9F5, 0xB9F6, 0xB9F7, 0xB9F8, 0xB9F9, 0xB9FA, 0xB9FB,
    0xB9FC, 0xB9FD, 0xB9FE, 0xB9FF, 0xBA00, 0xBA01, 0xBA02, 0xBA03, 0xBA04, 0xBA05, 0xBA06, 0xBA07, 0xBA08, 0xBA09, 0xBA0A, 0xBA0B,
    0xBA0C, 0xBA0D, 0xBA0E, 0xBA0F, 0xBA10, 0xBA11, 0xBA12, 0xBA13, 0xBA14, 0xBA15, 0xBA16, 0xBA17, 0xBA18, 0xBA19, 0xBA1A, 0xBA1B,
    0xBA1C, 0xBA1D, 0xBA1E, 0xBA1F, 0xBA20, 0xBA21, 0xBA22, 0xBA23, 0xBA24, 0xBA25, 0xBA26, 0xBA27, 0xBA28, 0xBA29, 0xBA2A, 0xBA2B,
    0xBA2C, 0xBA2D, 0xBA2E, 0xBA2F, 0xBA30, 0xBA31, 0xBA32, 0xBA33, 0xBA34, 0xBA35, 0xBA36, 0xBA37, 0xBA38, 0xBA39, 0xBA3A, 0xBA3B,
    0xBA3C, 0xBA3D, 0xBA3E, 0xBA3F, 0xBA40, 0xBA41, 0xBA42, 0xBA43, 0xBA44, 0xBA45, 0xBA46, 0xBA47, 0xBA48, 0xBA49, 0xBA4A, 0xBA4B,
    0xBA4C, 0xBA4D, 0xBA4E, 0xBA4F, 0xBA50, 0xBA51, 0xBA52, 0xBA53, 0xBA54, 0xBA55, 0xBA56, 0xBA57, 0xBA58, 0xBA59, 0xBA5A, 0xBA5B,
    0xBA5C, 0xBA5D, 0xBA5E, 0xBA5F, 0xBA60, 0xBA61, 0xBA62, 0xBA63, 0xBA64, 0xBA65, 0xBA66, 0xBA67, 0xBA68, 0xBA69, 0xBA6A, 0xBA6B,
    0xBA6C, 0xBA6D, 0xBA6E, 0xBA6F, 0xBA70, 0xBA71, 0xBA72, 0xBA73, 0xBA74, 0xBA75, 0xBA76, 0xBA77, 0xBA78, 0xBA79, 0xBA7A, 0xBA7B,
    0xBA7C, 0xBA7D, 0xBA7E, 0xBA7F, 0xBA80, 0xBA81, 0xBA82, 0xBA83, 0xBA84, 0xBA85, 0xBA86, 0xBA87, 0xBA88, 0xBA89, 0xBA8A, 0xBA8B,
    0xBA8C, 0xBA8D, 0xBA8E, 0xBA8F, 0xBA90, 0xBA91, 0xBA92, 0xBA93, 0xBA94, 0xBA95, 0xBA96, 0xBA97, 0xBA98, 0xBA99, 0xBA9A, 0xBA9B,
    0xBA9C, 0xBA9D, 0xBA9E, 0xBA9F, 0xBAA0, 0xBAA1, 0xBAA2, 0xBAA3, 0xBAA4, 0xBAA5, 0xBAA6, 0xBAA7, 0xBAA8, 0xBAA9, 0xBAAA, 0xBAAB,
    0xBAAC, 0xBAAD, 0xBAAE, 0xBAAF, 0xBAB0, 0xBAB1, 0xBAB2, 0xBAB3, 0xBAB4, 0xBAB5, 0xBAB6, 0xBAB7, 0xBAB8, 0xBAB9, 0xBABA, 0xBABB,
    0xBABC, 0xBABD, 0xBABE, 0xBABF, 0xBAC0, 0xBAC1, 0xBAC2, 0xBAC3, 0xBAC4, 0xBAC5, 0xBAC6, 0xBAC7, 0xBAC8, 0xBAC9, 0xBACA, 0xBACB,
    0xBACC, 0xBACD, 0xBACE, 0xBACF, 0xBAD0, 0xBAD1, 0xBAD2, 0xBAD3, 0xBAD4, 0xBAD5, 0xBAD6, 0xBAD7, 0xBAD8, 0xBAD9, 0xBADA, 0xBADB,
    0xBADC, 0xBADD, 0xBADE, 0xBADF, 0xBAE0, 0xBAE1, 0xBAE2, 0xBAE3, 0xBAE4, 0xBAE5, 0xBAE6, 0xBAE7, 0xBAE8, 0xBAE9, 0xBAEA, 0xBAEB,
    0xBAEC, 0xBAED, 0xBAEE, 0xBAEF, 0xBAF0, 0xBAF1, 0xBAF2, 0xBAF3, 0xBAF4, 0xBAF5, 0xBAF6, 0xBAF7, 0xBAF8, 0xBAF9, 0xBAFA, 0xBAFB,
    0xBAFC, 0xBAFD, 0xBAFE, 0xBAFF, 0xBB00, 0xBB01, 0xBB02, 0xBB03, 0xBB04, 0xBB05, 0xBB06, 0xBB07, 0xBB08, 0xBB09, 0xBB0A, 0xBB0B,
    0xBB0C, 0xBB0D, 0xBB0E, 0xBB0F, 0xBB10, 0xBB11, 0xBB12, 0xBB13, 0xBB14, 0xBB15, 0xBB16, 0xBB17, 0xBB18, 0xBB19, 0xBB1A, 0xBB1B,
    0xBB1C, 0xBB1D, 0xBB1E, 0xBB1F, 0xBB20, 0xBB21, 0xBB22, 0xBB23, 0xBB24, 0xBB25, 0xBB26, 0xBB27, 0xBB28, 0xBB29, 0xBB2A, 0xBB2B,
    0xBB2C, 0xBB2D, 0xBB2E, 0xBB2F, 0xBB30, 0xBB31, 0xBB32, 0xBB33, 0xBB34, 0xBB35, 0xBB36, 0xBB37, 0xBB38, 0xBB39, 0xBB3A, 0xBB3B,
    0xBB3C, 0xBB3D, 0xBB3E, 0xBB3F, 0xBB40, 0xBB41, 0xBB42, 0xBB43, 0xBB44, 0xBB45, 0xBB46, 0xBB47, 0xBB48, 0xBB49, 0xBB4A, 0xBB4B,
    0xBB4C, 0xBB4D, 0xBB4E, 0xBB4F, 0xBB50, 0xBB51, 0xBB52, 0xBB53, 0xBB54, 0xBB55, 0xBB56, 0xBB57, 0xBB58, 0xBB59, 0xBB5A, 0xBB5B,
    0xBB5C, 0xBB5D, 0xBB5E, 0xBB5F, 0xBB60, 0xBB61, 0xBB62, 0xBB63, 0xBB64, 0xBB65, 0xBB66, 0xBB67, 0xBB68, 0xBB69, 0xBB6A, 0xBB6B,
    0xBB6C, 0xBB6D, 0xBB6E, 0xBB6F, 0xBB70, 0xBB71, 0xBB72, 0xBB73, 0xBB74, 0xBB75, 0xBB76, 0xBB77, 0xBB78, 0xBB79, 0xBB7A, 0xBB7B,
    0xBB7C, 0xBB7D, 0xBB7E, 0xBB7F, 0xBB80, 0xBB81, 0xBB82, 0xBB83, 0xBB84, 0xBB85, 0xBB86, 0xBB87, 0xBB88, 0xBB89, 0xBB8A, 0xBB8B,
    0xBB8C, 0xBB8D, 0xBB8E, 0xBB8F, 0xBB90, 0xBB91, 0xBB92, 0xBB93, 0xBB94, 0xBB95, 0xBB96, 0xBB97, 0xBB98, 0xBB99, 0xBB9A, 0xBB9B,
    0xBB9C, 0xBB9D, 0xBB9E, 0xBB9F, 0xBBA0, 0xBBA1, 0xBBA2, 0xBBA3, 0xBBA4, 0xBBA5, 0xBBA6, 0xBBA7, 0xBBA8, 0xBBA9, 0xBBAA, 0xBBAB,
    0xBBAC, 0xBBAD, 0xBBAE, 0xBBAF, 0xBBB0, 0xBBB1, 0xBBB2, 0xBBB3, 0xBBB4, 0xBBB5, 0xBBB6, 0xBBB7, 0xBBB8, 0xBBB9, 0xBBBA, 0xBBBB,
    0xBBBC, 0xBBBD, 0xBBBE, 0xBBBF, 0xBBC0, 0xBBC1, 0xBBC2, 0xBBC3, 0xBBC4, 0xBBC5, 0xBBC6, 0xBBC7, 0xBBC8, 0xBBC9, 0xBBCA, 0xBBCB,
    0xBBCC, 0xBBCD, 0xBBCE, 0xBBCF, 0xBBD0, 0xBBD1, 0xBBD2, 0xBBD3, 0xBBD4, 0xBBD5, 0xBBD6, 0xBBD7, 0xBBD8, 0xBBD9, 0xBBDA, 0xBBDB,
    0xBBDC, 0xBBDD, 0xBBDE, 0xBBDF, 0xBBE0, 0xBBE1, 0xBBE2, 0xBBE3, 0xBBE4, 0xBBE5, 0xBBE6, 0xBBE7, 0xBBE8, 0xBBE9, 0xBBEA, 0xBBEB,
    0xBBEC, 0xBBED, 0xBBEE, 0xBBEF, 0xBBF0, 0xBBF1, 0xBBF2, 0xBBF3, 0xBBF4, 0xBBF5, 0xBBF6, 0xBBF7, 0xBBF8, 0xBBF9, 0xBBFA, 0xBBFB,
    0xBBFC, 0xBBFD, 0xBBFE, 0xBBFF, 0xBC00, 0xBC01, 0xBC02, 0xBC03, 0xBC04, 0xBC05, 0xBC06, 0xBC07, 0xBC08, 0xBC09, 0xBC0A, 0xBC0B,
    0xBC0C, 0xBC0D, 0xBC0E, 0xBC0F, 0xBC10, 0xBC11, 0xBC12, 0xBC13, 0xBC14, 0xBC15, 0xBC16, 0xBC17, 0xBC18, 0xBC19, 0xBC1A, 0xBC1B,
    0xBC1C, 0xBC1D, 0xBC1E, 0xBC1F, 0xBC20, 0xBC21, 0xBC22, 0xBC23, 0xBC24, 0xBC25, 0xBC26, 0xBC27, 0xBC28, 0xBC29, 0xBC2A, 0xBC2B,
    0xBC2C, 0xBC2D, 0xBC2E, 0xBC2F, 0xBC30, 0xBC31, 0xBC32, 0xBC33, 0xBC34, 0xBC35, 0xBC36, 0xBC37, 0xBC38, 0xBC39, 0xBC3A, 0xBC3B,
    0xBC3C, 0xBC3D, 0xBC3E, 0xBC3F, 0xBC40, 0xBC41, 0xBC42, 0xBC43, 0xBC44, 0xBC45, 0xBC46, 0xBC47, 0xBC48, 0xBC49, 0xBC4A, 0xBC4B,
    0xBC4C, 0xBC4D, 0xBC4E, 0xBC4F, 0xBC50, 0xBC51, 0xBC52, 0xBC53, 0xBC54, 0xBC55, 0xBC56, 0xBC57, 0xBC58, 0xBC59, 0xBC5A, 0xBC5B,
    0xBC5C, 0xBC5D, 0xBC5E, 0xBC5F, 0xBC60, 0xBC61, 0xBC62, 0xBC63, 0xBC64, 0xBC65, 0xBC66, 0xBC67, 0xBC68, 0xBC69, 0xBC6A, 0xBC6B,
    0xBC6C, 0xBC6D, 0xBC6E, 0xBC6F, 0xBC70, 0xBC71, 0xBC72, 0xBC73, 0xBC74, 0xBC75, 0xBC76, 0xBC77, 0xBC78, 0xBC79, 0xBC7A, 0xBC7B,
    0xBC7C, 0xBC7D, 0xBC7E, 0xBC7F, 0xBC80, 0xBC81, 0xBC82, 0xBC83, 0xBC84, 0xBC85, 0xBC86, 0xBC87, 0xBC88, 0xBC89, 0xBC8A, 0xBC8B,
    0xBC8C, 0xBC8D, 0xBC8E, 0xBC8F, 0xBC90, 0xBC91, 0xBC92, 0xBC93, 0xBC94, 0xBC95, 0xBC96, 0xBC97, 0xBC98, 0xBC99, 0xBC9A, 0xBC9B,
    0xBC9C, 0xBC9D, 0xBC9E, 0xBC9F, 0xBCA0, 0xBCA1, 0xBCA2, 0xBCA3, 0xBCA4, 0xBCA5, 0xBCA6, 0xBCA7, 0xBCA8, 0xBCA9, 0xBCAA, 0xBCAB,
    0xBCAC, 0xBCAD, 0xBCAE, 0xBCAF, 0xBCB0, 0xBCB1, 0xBCB2, 0xBCB3, 0xBCB4, 0xBCB5, 0xBCB6, 0xBCB7, 0xBCB8, 0xBCB9, 0xBCBA, 0xBCBB,
    0xBCBC, 0xBCBD, 0xBCBE, 0xBCBF, 0xBCC0, 0xBCC1, 0xBCC2, 0xBCC3, 0xBCC4, 0xBCC5, 0xBCC6, 0xBCC7, 0xBCC8, 0xBCC9, 0xBCCA, 0xBCCB,
    0xBCCC, 0xBCCD, 0xBCCE, 0xBCCF, 0xBCD0, 0xBCD1, 0xBCD2, 0xBCD3, 0xBCD4, 0xBCD5, 0xBCD6, 0xBCD7, 0xBCD8, 0xBCD9, 0xBCDA, 0xBCDB,
    0xBCDC, 0xBCDD, 0xBCDE, 0xBCDF, 0xBCE0, 0xBCE1, 0xBCE2, 0xBCE3, 0xBCE4, 0xBCE5, 0xBCE6, 0xBCE7, 0xBCE8, 0xBCE9, 0xBCEA, 0xBCEB,
    0xBCEC, 0xBCED, 0xBCEE, 0xBCEF, 0xBCF0, 0xBCF1, 0xBCF2, 0xBCF3, 0xBCF4, 0xBCF5, 0xBCF6, 0xBCF7, 0xBCF8, 0xBCF9, 0xBCFA, 0xBCFB,
    0xBCFC, 0xBCFD, 0xBCFE, 0xBCFF, 0xBD00, 0xBD01, 0xBD02, 0xBD03, 0xBD04, 0xBD05, 0xBD06, 0xBD07, 0xBD08, 0xBD09, 0xBD0A, 0xBD0B,
    0xBD0C, 0xBD0D, 0xBD0E, 0xBD0F, 0xBD10, 0xBD11, 0xBD12, 0xBD13, 0xBD14, 0xBD15, 0xBD16, 0xBD17, 0xBD18, 0xBD19, 0xBD1A, 0xBD1B,
    0xBD1C, 0xBD1D, 0xBD1E, 0xBD1F, 0xBD20, 0xBD21, 0xBD22, 0xBD23, 0xBD24, 0xBD25, 0xBD26, 0xBD27, 0xBD28, 0xBD29, 0xBD2A, 0xBD2B,
    0xBD2C, 0xBD2D, 0xBD2E, 0xBD2F, 0xBD30, 0xBD31, 0xBD32, 0xBD33, 0xBD34, 0xBD35, 0xBD36, 0xBD37, 0xBD38, 0xBD39, 0xBD3A, 0xBD3B,
    0xBD3C, 0xBD3D, 0xBD3E, 0xBD3F, 0xBD40, 0xBD41, 0xBD42, 0xBD43, 0xBD44, 0xBD45, 0xBD46, 0xBD47, 0xBD48, 0xBD49, 0xBD4A, 0xBD4B,
    0xBD4C, 0xBD4D, 0xBD4E, 0xBD4F, 0xBD50, 0xBD51, 0xBD52, 0xBD53, 0xBD54, 0xBD55, 0xBD56, 0xBD57, 0xBD58, 0xBD59, 0xBD5A, 0xBD5B,
    0xBD5C, 0xBD5D, 0xBD5E, 0xBD5F, 0xBD60, 0xBD61, 0xBD62, 0xBD63, 0xBD64, 0xBD65, 0xBD66, 0xBD67, 0xBD68, 0xBD69, 0xBD6A, 0xBD6B,
    0xBD6C, 0xBD6D, 0xBD6E, 0xBD6F, 0xBD70, 0xBD71, 0xBD72, 0xBD73, 0xBD74, 0xBD75, 0xBD76, 0xBD77, 0xBD78, 0xBD79, 0xBD7A, 0xBD7B,
    0xBD7C, 0xBD7D, 0xBD7E, 0xBD7F, 0xBD80, 0xBD81, 0xBD82, 0xBD83, 0xBD84, 0xBD85, 0xBD86, 0xBD87, 0xBD88, 0xBD89, 0xBD8A, 0xBD8B,
    0xBD8C, 0xBD8D, 0xBD8E, 0xBD8F, 0xBD90, 0xBD91, 0xBD92, 0xBD93, 0xBD94, 0xBD95, 0xBD96, 0xBD97, 0xBD98, 0xBD99, 0xBD9A, 0xBD9B,
    0xBD9C, 0xBD9D, 0xBD9E, 0xBD9F, 0xBDA0, 0xBDA1, 0xBDA2, 0xBDA3, 0xBDA4, 0xBDA5, 0xBDA6, 0xBDA7, 0xBDA8, 0xBDA9, 0xBDAA, 0xBDAB,
    0xBDAC, 0xBDAD, 0xBDAE, 0xBDAF, 0xBDB0, 0xBDB1, 0xBDB2, 0xBDB3, 0xBDB4, 0xBDB5, 0xBDB6, 0xBDB7, 0xBDB8, 0xBDB9, 0xBDBA, 0xBDBB,
    0xBDBC, 0xBDBD, 0xBDBE, 0xBDBF, 0xBDC0, 0xBDC1, 0xBDC2, 0xBDC3, 0xBDC4, 0xBDC5, 0xBDC6, 0xBDC7, 0xBDC8, 0xBDC9, 0xBDCA, 0xBDCB,
    0xBDCC, 0xBDCD, 0xBDCE, 0xBDCF, 0xBDD0, 0xBDD1, 0xBDD2, 0xBDD3, 0xBDD4, 0xBDD5, 0xBDD6, 0xBDD7, 0xBDD8, 0xBDD9, 0xBDDA, 0xBDDB,
    0xBDDC, 0xBDDD, 0xBDDE, 0xBDDF, 0xBDE0, 0xBDE1, 0xBDE2, 0xBDE3, 0xBDE4, 0xBDE5, 0xBDE6, 0xBDE7, 0xBDE8, 0xBDE9, 0xBDEA, 0xBDEB,
    0xBDEC, 0xBDED, 0xBDEE, 0xBDEF, 0xBDF0, 0xBDF1, 0xBDF2, 0xBDF3, 0xBDF4, 0xBDF5, 0xBDF6, 0xBDF7, 0xBDF8, 0xBDF9, 0xBDFA, 0xBDFB,
    0xBDFC, 0xBDFD, 0xBDFE, 0xBDFF, 0xBE00, 0xBE01, 0xBE02, 0xBE03, 0xBE04, 0xBE05, 0xBE06, 0xBE07, 0xBE08, 0xBE09, 0xBE0A, 0xBE0B,
    0xBE0C, 0xBE0D, 0xBE0E, 0xBE0F, 0xBE10, 0xBE11, 0xBE12, 0xBE13, 0xBE14, 0xBE15, 0xBE16, 0xBE17, 0xBE18, 0xBE19, 0xBE1A, 0xBE1B,
    0xBE1C, 0xBE1D, 0xBE1E, 0xBE1F, 0xBE20, 0xBE21, 0xBE22, 0xBE23, 0xBE24, 0xBE25, 0xBE26, 0xBE27, 0xBE28, 0xBE29, 0xBE2A, 0xBE2B,
    0xBE2C, 0xBE2D, 0xBE2E, 0xBE2F, 0xBE30, 0xBE31, 0xBE32, 0xBE33, 0xBE34, 0xBE35, 0xBE36, 0xBE37, 0xBE38, 0xBE39, 0xBE3A, 0xBE3B,
    0xBE3C, 0xBE3D, 0xBE3E, 0xBE3F, 0xBE40, 0xBE41, 0xBE42, 0xBE43, 0xBE44, 0xBE45, 0xBE46, 0xBE47, 0xBE48, 0xBE49, 0xBE4A, 0xBE4B,
    0xBE4C, 0xBE4D, 0xBE4E, 0xBE4F, 0xBE50, 0xBE51, 0xBE52, 0xBE53, 0xBE54, 0xBE55, 0xBE56, 0xBE57, 0xBE58, 0xBE59, 0xBE5A, 0xBE5B,
    0xBE5C, 0xBE5D, 0xBE5E, 0xBE5F, 0xBE60, 0xBE61, 0xBE62, 0xBE63, 0xBE64, 0xBE65, 0xBE66, 0xBE67, 0xBE68, 0xBE69, 0xBE6A, 0xBE6B,
    0xBE6C, 0xBE6D, 0xBE6E, 0xBE6F, 0xBE70, 0xBE71, 0xBE72, 0xBE73, 0xBE74, 0xBE75, 0xBE76, 0xBE77, 0xBE78, 0xBE79, 0xBE7A, 0xBE7B,
    0xBE7C, 0xBE7D, 0xBE7E, 0xBE7F, 0xBE80, 0xBE81, 0xBE82, 0xBE83, 0xBE84, 0xBE85, 0xBE86, 0xBE87, 0xBE88, 0xBE89, 0xBE8A, 0xBE8B,
    0xBE8C, 0xBE8D, 0xBE8E, 0xBE8F, 0xBE90, 0xBE91, 0xBE92, 0xBE93, 0xBE94, 0xBE95, 0xBE96, 0xBE97, 0xBE98, 0xBE99, 0xBE9A, 0xBE9B,
    0xBE9C, 0xBE9D, 0xBE9E, 0xBE9F, 0xBEA0, 0xBEA1, 0xBEA2, 0xBEA3, 0xBEA4, 0xBEA5, 0xBEA6, 0xBEA7, 0xBEA8, 0xBEA9, 0xBEAA, 0xBEAB,
    0xBEAC, 0xBEAD, 0xBEAE, 0xBEAF, 0xBEB0, 0xBEB1, 0xBEB2, 0xBEB3, 0xBEB4, 0xBEB5, 0xBEB6, 0xBEB7, 0xBEB8, 0xBEB9, 0xBEBA, 0xBEBB,
    0xBEBC, 0xBEBD, 0xBEBE, 0xBEBF, 0xBEC0, 0xBEC1, 0xBEC2, 0xBEC3, 0xBEC4, 0xBEC5, 0xBEC6, 0xBEC7, 0xBEC8, 0xBEC9, 0xBECA, 0xBECB,
    0xBECC, 0xBECD, 0xBECE, 0xBECF, 0xBED0, 0xBED1, 0xBED2, 0xBED3, 0xBED4, 0xBED5, 0xBED6, 0xBED7, 0xBED8, 0xBED9, 0xBEDA, 0xBEDB,
    0xBEDC, 0xBEDD, 0xBEDE, 0xBEDF, 0xBEE0, 0xBEE1, 0xBEE2, 0xBEE3, 0xBEE4, 0xBEE5, 0xBEE6, 0xBEE7, 0xBEE8, 0xBEE9, 0xBEEA, 0xBEEB,
    0xBEEC, 0xBEED, 0xBEEE, 0xBEEF, 0xBEF0, 0xBEF1, 0xBEF2, 0xBEF3, 0xBEF4, 0xBEF5, 0xBEF6, 0xBEF7, 0xBEF8, 0xBEF9, 0xBEFA, 0xBEFB,
    0xBEFC, 0xBEFD, 0xBEFE, 0xBEFF, 0xBF00, 0xBF01, 0xBF02, 0xBF03, 0xBF04, 0xBF05, 0xBF06, 0xBF07, 0xBF08, 0xBF09, 0xBF0A, 0xBF0B,
    0xBF0C, 0xBF0D, 0xBF0E, 0xBF0F, 0xBF10, 0xBF11, 0xBF12, 0xBF13, 0xBF14, 0xBF15, 0xBF16, 0xBF17, 0xBF18, 0xBF19, 0xBF1A, 0xBF1B,
    0xBF1C, 0xBF1D, 0xBF1E, 0xBF1F, 0xBF20, 0xBF21, 0xBF22, 0xBF23, 0xBF24, 0xBF25, 0xBF26, 0xBF27, 0xBF28, 0xBF29, 0xBF2A, 0xBF2B,
    0xBF2C, 0xBF2D, 0xBF2E, 0xBF2F, 0xBF30, 0xBF31, 0xBF32, 0xBF33, 0xBF34, 0xBF35, 0xBF36, 0xBF37, 0xBF38, 0xBF39, 0xBF3A, 0xBF3B,
    0xBF3C, 0xBF3D, 0xBF3E, 0xBF3F, 0xBF40, 0xBF41, 0xBF42, 0xBF43, 0xBF44, 0xBF45, 0xBF46, 0xBF47, 0xBF48, 0xBF49, 0xBF4A, 0xBF4B,
    0xBF4C, 0xBF4D, 0xBF4E, 0xBF4F, 0xBF50, 0xBF51, 0xBF52, 0xBF53, 0xBF54, 0xBF55, 0xBF56, 0xBF57, 0xBF58, 0xBF59, 0xBF5A, 0xBF5B,
    0xBF5C, 0xBF5D, 0xBF5E, 0xBF5F, 0xBF60, 0xBF61, 0xBF62, 0xBF63, 0xBF64, 0xBF65, 0xBF66, 0xBF67, 0xBF68, 0xBF69, 0xBF6A, 0xBF6B,
    0xBF6C, 0xBF6D, 0xBF6E, 0xBF6F, 0xBF70, 0xBF71, 0xBF72, 0xBF73, 0xBF74, 0xBF75, 0xBF76, 0xBF77, 0xBF78, 0xBF79, 0xBF7A, 0xBF7B,
    0xBF7C, 0xBF7D, 0xBF7E, 0xBF7F, 0xBF80, 0xBF81, 0xBF82, 0xBF83, 0xBF84, 0xBF85, 0xBF86, 0xBF87, 0xBF88, 0xBF89, 0xBF8A, 0xBF8B,
    0xBF8C, 0xBF8D, 0xBF8E, 0xBF8F, 0xBF90, 0xBF91, 0xBF92, 0xBF93, 0xBF94, 0xBF95, 0xBF96, 0xBF97, 0xBF98, 0xBF99, 0xBF9A, 0xBF9B,
    0xBF9C, 0xBF9D, 0xBF9E, 0xBF9F, 0xBFA0, 0xBFA1, 0xBFA2, 0xBFA3, 0xBFA4, 0xBFA5, 0xBFA6, 0xBFA7, 0xBFA8, 0xBFA9, 0xBFAA, 0xBFAB,
    0xBFAC, 0xBFAD, 0xBFAE, 0xBFAF, 0xBFB0, 0xBFB1, 0xBFB2, 0xBFB3, 0xBFB4, 0xBFB5, 0xBFB6, 0xBFB7, 0xBFB8, 0xBFB9, 0xBFBA, 0xBFBB,
    0xBFBC, 0xBFBD, 0xBFBE, 0xBFBF, 0xBFC0, 0xBFC1, 0xBFC2, 0xBFC3, 0xBFC4, 0xBFC5, 0xBFC6, 0xBFC7, 0xBFC8, 0xBFC9, 0xBFCA, 0xBFCB,
    0xBFCC, 0xBFCD, 0xBFCE, 0xBFCF, 0xBFD0, 0xBFD1, 0xBFD2, 0xBFD3, 0xBFD4, 0xBFD5, 0xBFD6, 0xBFD7, 0xBFD8, 0xBFD9, 0xBFDA, 0xBFDB,
    0xBFDC, 0xBFDD, 0xBFDE, 0xBFDF, 0xBFE0, 0xBFE1, 0xBFE2, 0xBFE3, 0xBFE4, 0xBFE5, 0xBFE6, 0xBFE7, 0xBFE8, 0xBFE9, 0xBFEA, 0xBFEB,
    0xBFEC, 0xBFED, 0xBFEE, 0xBFEF, 0xBFF0, 0xBFF1, 0xBFF2, 0xBFF3, 0xBFF4, 0xBFF5, 0xBFF6, 0xBFF7, 0xBFF8, 0xBFF9, 0xBFFA, 0xBFFB,
    0xBFFC, 0xBFFD, 0xBFFE, 0xBFFF, 0xC000, 0xC001, 0xC002, 0xC003, 0xC004, 0xC005, 0xC006, 0xC007, 0xC008, 0xC009, 0xC00A, 0xC00B,
    0xC00C, 0xC00D, 0xC00E, 0xC00F, 0xC010, 0xC011, 0xC012, 0xC013, 0xC014, 0xC015, 0xC016, 0xC017, 0xC018, 0xC019, 0xC01A, 0xC01B,
    0xC01C, 0xC01D, 0xC01E, 0xC01F, 0xC020, 0xC021, 0xC022, 0xC023, 0xC024, 0xC025, 0xC026, 0xC027, 0xC028, 0xC029, 0xC02A, 0xC02B,
    0xC02C, 0xC02D, 0xC02E, 0xC02F, 0xC030, 0xC031, 0xC032, 0xC033, 0xC034, 0xC035, 0xC036, 0xC037, 0xC038, 0xC039, 0xC03A, 0xC03B,
    0xC03C, 0xC03D, 0xC03E, 0xC03F, 0xC040, 0xC041, 0xC042, 0xC043, 0xC044, 0xC045, 0xC046, 0xC047, 0xC048, 0xC049, 0xC04A, 0xC04B,
    0xC04C, 0xC04D, 0xC04E, 0xC04F, 0xC050, 0xC051, 0xC052, 0xC053, 0xC054, 0xC055, 0xC056, 0xC057, 0xC058, 0xC059, 0xC05A, 0xC05B,
    0xC05C, 0xC05D, 0xC05E, 0xC05F, 0xC060, 0xC061, 0xC062, 0xC063, 0xC064, 0xC065, 0xC066, 0xC067, 0xC068, 0xC069, 0xC06A, 0xC06B,
    0xC06C, 0xC06D, 0xC06E, 0xC06F, 0xC070, 0xC071, 0xC072, 0xC073, 0xC074, 0xC075, 0xC076, 0xC077, 0xC078, 0xC079, 0xC07A, 0xC07B,
    0xC07C, 0xC07D, 0xC07E, 0xC07F, 0xC080, 0xC081, 0xC082, 0xC083, 0xC084, 0xC085, 0xC086, 0xC087, 0xC088, 0xC089, 0xC08A, 0xC08B,
    0xC08C, 0xC08D, 0xC08E, 0xC08F, 0xC090, 0xC091, 0xC092, 0xC093, 0xC094, 0xC095, 0xC096, 0xC097, 0xC098, 0xC099, 0xC09A, 0xC09B,
    0xC09C, 0xC09D, 0xC09E, 0xC09F, 0xC0A0, 0xC0A1, 0xC0A2, 0xC0A3, 0xC0A4, 0xC0A5, 0xC0A6, 0xC0A7, 0xC0A8, 0xC0A9, 0xC0AA, 0xC0AB,
    0xC0AC, 0xC0AD, 0xC0AE, 0xC0AF, 0xC0B0, 0xC0B1, 0xC0B2, 0xC0B3, 0xC0B4, 0xC0B5, 0xC0B6, 0xC0B7, 0xC0B8, 0xC0B9, 0xC0BA, 0xC0BB,
    0xC0BC, 0xC0BD, 0xC0BE, 0xC0BF, 0xC0C0, 0xC0C1, 0xC0C2, 0xC0C3, 0xC0C4, 0xC0C5, 0xC0C6, 0xC0C7, 0xC0C8, 0xC0C9, 0xC0CA, 0xC0CB,
    0xC0CC, 0xC0CD, 0xC0CE, 0xC0CF, 0xC0D0, 0xC0D1, 0xC0D2, 0xC0D3, 0xC0D4, 0xC0D5, 0xC0D6, 0xC0D7, 0xC0D8, 0xC0D9, 0xC0DA, 0xC0DB,
    0xC0DC, 0xC0DD, 0xC0DE, 0xC0DF, 0xC0E0, 0xC0E1, 0xC0E2, 0xC0E3, 0xC0E4, 0xC0E5, 0xC0E6, 0xC0E7, 0xC0E8, 0xC0E9, 0xC0EA, 0xC0EB,
    0xC0EC, 0xC0ED, 0xC0EE, 0xC0EF, 0xC0F0, 0xC0F1, 0xC0F2, 0xC0F3, 0xC0F4, 0xC0F5, 0xC0F6, 0xC0F7, 0xC0F8, 0xC0F9, 0xC0FA, 0xC0FB,
    0xC0FC, 0xC0FD, 0xC0FE, 0xC0FF, 0xC100, 0xC101, 0xC102, 0xC103, 0xC104, 0xC105, 0xC106, 0xC107, 0xC108, 0xC109, 0xC10A, 0xC10B,
    0xC10C, 0xC10D, 0xC10E, 0xC10F, 0xC110, 0xC111, 0xC112, 0xC113, 0xC114, 0xC115, 0xC116, 0xC117, 0xC118, 0xC119, 0xC11A, 0xC11B,
    0xC11C, 0xC11D, 0xC11E, 0xC11F, 0xC120, 0xC121, 0xC122, 0xC123, 0xC124, 0xC125, 0xC126, 0xC127, 0xC128, 0xC129, 0xC12A, 0xC12B,
    0xC12C, 0xC12D, 0xC12E, 0xC12F, 0xC130, 0xC131, 0xC132, 0xC133, 0xC134, 0xC135, 0xC136, 0xC137, 0xC138, 0xC139, 0xC13A, 0xC13B,
    0xC13C, 0xC13D, 0xC13E, 0xC13F, 0xC140, 0xC141, 0xC142, 0xC143, 0xC144, 0xC145, 0xC146, 0xC147, 0xC148, 0xC149, 0xC14A, 0xC14B,
    0xC14C, 0xC14D, 0xC14E, 0xC14F, 0xC150, 0xC151, 0xC152, 0xC153, 0xC154, 0xC155, 0xC156, 0xC157, 0xC158, 0xC159, 0xC15A, 0xC15B,
    0xC15C, 0xC15D, 0xC15E, 0xC15F, 0xC160, 0xC161, 0xC162, 0xC163, 0xC164, 0xC165, 0xC166, 0xC167, 0xC168, 0xC169, 0xC16A, 0xC16B,
    0xC16C, 0xC16D, 0xC16E, 0xC16F, 0xC170, 0xC171, 0xC172, 0xC173, 0xC174, 0xC175, 0xC176, 0xC177, 0xC178, 0xC179, 0xC17A, 0xC17B,
    0xC17C, 0xC17D, 0xC17E, 0xC17F, 0xC180, 0xC181, 0xC182, 0xC183, 0xC184, 0xC185, 0xC186, 0xC187, 0xC188, 0xC189, 0xC18A, 0xC18B,
    0xC18C, 0xC18D, 0xC18E, 0xC18F, 0xC190, 0xC191, 0xC192, 0xC193, 0xC194, 0xC195, 0xC196, 0xC197, 0xC198, 0xC199, 0xC19A, 0xC19B,
    0xC19C, 0xC19D, 0xC19E, 0xC19F, 0xC1A0, 0xC1A1, 0xC1A2, 0xC1A3, 0xC1A4, 0xC1A5, 0xC1A6, 0xC1A7, 0xC1A8, 0xC1A9, 0xC1AA, 0xC1AB,
    0xC1AC, 0xC1AD, 0xC1AE, 0xC1AF, 0xC1B0, 0xC1B1, 0xC1B2, 0xC1B3, 0xC1B4, 0xC1B5, 0xC1B6, 0xC1B7, 0xC1B8, 0xC1B9, 0xC1BA, 0xC1BB,
    0xC1BC, 0xC1BD, 0xC1BE, 0xC1BF, 0xC1C0, 0xC1C1, 0xC1C2, 0xC1C3, 0xC1C4, 0xC1C5, 0xC1C6, 0xC1C7, 0xC1C8, 0xC1C9, 0xC1CA, 0xC1CB,
    0xC1CC, 0xC1CD, 0xC1CE, 0xC1CF, 0xC1D0, 0xC1D1, 0xC1D2, 0xC1D3, 0xC1D4, 0xC1D5, 0xC1D6, 0xC1D7, 0xC1D8, 0xC1D9, 0xC1DA, 0xC1DB,
    0xC1DC, 0xC1DD, 0xC1DE, 0xC1DF, 0xC1E0, 0xC1E1, 0xC1E2, 0xC1E3, 0xC1E4, 0xC1E5, 0xC1E6, 0xC1E7, 0xC1E8, 0xC1E9, 0xC1EA, 0xC1EB,
    0xC1EC, 0xC1ED, 0xC1EE, 0xC1EF, 0xC1F0, 0xC1F1, 0xC1F2, 0xC1F3, 0xC1F4, 0xC1F5, 0xC1F6, 0xC1F7, 0xC1F8, 0xC1F9, 0xC1FA, 0xC1FB,
    0xC1FC, 0xC1FD, 0xC1FE, 0xC1FF, 0xC200, 0xC201, 0xC202, 0xC203, 0xC204, 0xC205, 0xC206, 0xC207, 0xC208, 0xC209, 0xC20A, 0xC20B,
    0xC20C, 0xC20D, 0xC20E, 0xC20F, 0xC210, 0xC211, 0xC212, 0xC213, 0xC214, 0xC215, 0xC216, 0xC217, 0xC218, 0xC219, 0xC21A, 0xC21B,
    0xC21C, 0xC21D, 0xC21E, 0xC21F, 0xC220, 0xC221, 0xC222, 0xC223, 0xC224, 0xC225, 0xC226, 0xC227, 0xC228, 0xC229, 0xC22A, 0xC22B,
    0xC22C, 0xC22D, 0xC22E, 0xC22F, 0xC230, 0xC231, 0xC232, 0xC233, 0xC234, 0xC235, 0xC236, 0xC237, 0xC238, 0xC239, 0xC23A, 0xC23B,
    0xC23C, 0xC23D, 0xC23E, 0xC23F, 0xC240, 0xC241, 0xC242, 0xC243, 0xC244, 0xC245, 0xC246, 0xC247, 0xC248, 0xC249, 0xC24A, 0xC24B,
    0xC24C, 0xC24D, 0xC24E, 0xC24F, 0xC250, 0xC251, 0xC252, 0xC253, 0xC254, 0xC255, 0xC256, 0xC257, 0xC258, 0xC259, 0xC25A, 0xC25B,
    0xC25C, 0xC25D, 0xC25E, 0xC25F, 0xC260, 0xC261, 0xC262, 0xC263, 0xC264, 0xC265, 0xC266, 0xC267, 0xC268, 0xC269, 0xC26A, 0xC26B,
    0xC26C, 0xC26D, 0xC26E, 0xC26F, 0xC270, 0xC271, 0xC272, 0xC273, 0xC274, 0xC275, 0xC276, 0xC277, 0xC278, 0xC279, 0xC27A, 0xC27B,
    0xC27C, 0xC27D, 0xC27E, 0xC27F, 0xC280, 0xC281, 0xC282, 0xC283, 0xC284, 0xC285, 0xC286, 0xC287, 0xC288, 0xC289, 0xC28A, 0xC28B,
    0xC28C, 0xC28D, 0xC28E, 0xC28F, 0xC290, 0xC291, 0xC292, 0xC293, 0xC294, 0xC295, 0xC296, 0xC297, 0xC298, 0xC299, 0xC29A, 0xC29B,
    0xC29C, 0xC29D, 0xC29E, 0xC29F, 0xC2A0, 0xC2A1, 0xC2A2, 0xC2A3, 0xC2A4, 0xC2A5, 0xC2A6, 0xC2A7, 0xC2A8, 0xC2A9, 0xC2AA, 0xC2AB,
    0xC2AC, 0xC2AD, 0xC2AE, 0xC2AF, 0xC2B0, 0xC2B1, 0xC2B2, 0xC2B3, 0xC2B4, 0xC2B5, 0xC2B6, 0xC2B7, 0xC2B8, 0xC2B9, 0xC2BA, 0xC2BB,
    0xC2BC, 0xC2BD, 0xC2BE, 0xC2BF, 0xC2C0, 0xC2C1, 0xC2C2, 0xC2C3, 0xC2C4, 0xC2C5, 0xC2C6, 0xC2C7, 0xC2C8, 0xC2C9, 0xC2CA, 0xC2CB,
    0xC2CC, 0xC2CD, 0xC2CE, 0xC2CF, 0xC2D0, 0xC2D1, 0xC2D2, 0xC2D3, 0xC2D4, 0xC2D5, 0xC2D6, 0xC2D7, 0xC2D8, 0xC2D9, 0xC2DA, 0xC2DB,
    0xC2DC, 0xC2DD, 0xC2DE, 0xC2DF, 0xC2E0, 0xC2E1, 0xC2E2, 0xC2E3, 0xC2E4, 0xC2E5, 0xC2E6, 0xC2E7, 0xC2E8, 0xC2E9, 0xC2EA, 0xC2EB,
    0xC2EC, 0xC2ED, 0xC2EE, 0xC2EF, 0xC2F0, 0xC2F1, 0xC2F2, 0xC2F3, 0xC2F4, 0xC2F5, 0xC2F6, 0xC2F7, 0xC2F8, 0xC2F9, 0xC2FA, 0xC2FB,
    0xC2FC, 0xC2FD, 0xC2FE, 0xC2FF, 0xC300, 0xC301, 0xC302, 0xC303, 0xC304, 0xC305, 0xC306, 0xC307, 0xC308, 0xC309, 0xC30A, 0xC30B,
    0xC30C, 0xC30D, 0xC30E, 0xC30F, 0xC310, 0xC311, 0xC312, 0xC313, 0xC314, 0xC315, 0xC316, 0xC317, 0xC318, 0xC319, 0xC31A, 0xC31B,
    0xC31C, 0xC31D, 0xC31E, 0xC31F, 0xC320, 0xC321, 0xC322, 0xC323, 0xC324, 0xC325, 0xC326, 0xC327, 0xC328, 0xC329, 0xC32A, 0xC32B,
    0xC32C, 0xC32D, 0xC32E, 0xC32F, 0xC330, 0xC331, 0xC332, 0xC333, 0xC334, 0xC335, 0xC336, 0xC337, 0xC338, 0xC339, 0xC33A, 0xC33B,
    0xC33C, 0xC33D, 0xC33E, 0xC33F, 0xC340, 0xC341, 0xC342, 0xC343, 0xC344, 0xC345, 0xC346, 0xC347, 0xC348, 0xC349, 0xC34A, 0xC34B,
    0xC34C, 0xC34D, 0xC34E, 0xC34F, 0xC350, 0xC351, 0xC352, 0xC353, 0xC354, 0xC355, 0xC356, 0xC357, 0xC358, 0xC359, 0xC35A, 0xC35B,
    0xC35C, 0xC35D, 0xC35E, 0xC35F, 0xC360, 0xC361, 0xC362, 0xC363, 0xC364, 0xC365, 0xC366, 0xC367, 0xC368, 0xC369, 0xC36A, 0xC36B,
    0xC36C, 0xC36D, 0xC36E, 0xC36F, 0xC370, 0xC371, 0xC372, 0xC373, 0xC374, 0xC375, 0xC376, 0xC377, 0xC378, 0xC379, 0xC37A, 0xC37B,
    0xC37C, 0xC37D, 0xC37E, 0xC37F, 0xC380, 0xC381, 0xC382, 0xC383, 0xC384, 0xC385, 0xC386, 0xC387, 0xC388, 0xC389, 0xC38A, 0xC38B,
    0xC38C, 0xC38D, 0xC38E, 0xC38F, 0xC390, 0xC391, 0xC392, 0xC393, 0xC394, 0xC395, 0xC396, 0xC397, 0xC398, 0xC399, 0xC39A, 0xC39B,
    0xC39C, 0xC39D, 0xC39E, 0xC39F, 0xC3A0, 0xC3A1, 0xC3A2, 0xC3A3, 0xC3A4, 0xC3A5, 0xC3A6, 0xC3A7, 0xC3A8, 0xC3A9, 0xC3AA, 0xC3AB,
    0xC3AC, 0xC3AD, 0xC3AE, 0xC3AF, 0xC3B0, 0xC3B1, 0xC3B2, 0xC3B3, 0xC3B4, 0xC3B5, 0xC3B6, 0xC3B7, 0xC3B8, 0xC3B9, 0xC3BA, 0xC3BB,
    0xC3BC, 0xC3BD, 0xC3BE, 0xC3BF, 0xC3C0, 0xC3C1, 0xC3C2, 0xC3C3, 0xC3C4, 0xC3C5, 0xC3C6, 0xC3C7, 0xC3C8, 0xC3C9, 0xC3CA, 0xC3CB,
    0xC3CC, 0xC3CD, 0xC3CE, 0xC3CF, 0xC3D0, 0xC3D1, 0xC3D2, 0xC3D3, 0xC3D4, 0xC3D5, 0xC3D6, 0xC3D7, 0xC3D8, 0xC3D9, 0xC3DA, 0xC3DB,
    0xC3DC, 0xC3DD, 0xC3DE, 0xC3DF, 0xC3E0, 0xC3E1, 0xC3E2, 0xC3E3, 0xC3E4, 0xC3E5, 0xC3E6, 0xC3E7, 0xC3E8, 0xC3E9, 0xC3EA, 0xC3EB,
    0xC3EC, 0xC3ED, 0xC3EE, 0xC3EF, 0xC3F0, 0xC3F1, 0xC3F2, 0xC3F3, 0xC3F4, 0xC3F5, 0xC3F6, 0xC3F7, 0xC3F8, 0xC3F9, 0xC3FA, 0xC3FB,
    0xC3FC, 0xC3FD, 0xC3FE, 0xC3FF, 0xC400, 0xC401, 0xC402, 0xC403, 0xC404, 0xC405, 0xC406, 0xC407, 0xC408, 0xC409, 0xC40A, 0xC40B,
    0xC40C, 0xC40D, 0xC40E, 0xC40F, 0xC410, 0xC411, 0xC412, 0xC413, 0xC414, 0xC415, 0xC416, 0xC417, 0xC418, 0xC419, 0xC41A, 0xC41B,
    0xC41C, 0xC41D, 0xC41E, 0xC41F, 0xC420, 0xC421, 0xC422, 0xC423, 0xC424, 0xC425, 0xC426, 0xC427, 0xC428, 0xC429, 0xC42A, 0xC42B,
    0xC42C, 0xC42D, 0xC42E, 0xC42F, 0xC430, 0xC431, 0xC432, 0xC433, 0xC434, 0xC435, 0xC436, 0xC437, 0xC438, 0xC439, 0xC43A, 0xC43B,
    0xC43C, 0xC43D, 0xC43E, 0xC43F, 0xC440, 0xC441, 0xC442, 0xC443, 0xC444, 0xC445, 0xC446, 0xC447, 0xC448, 0xC449, 0xC44A, 0xC44B,
    0xC44C, 0xC44D, 0xC44E, 0xC44F, 0xC450, 0xC451, 0xC452, 0xC453, 0xC454, 0xC455, 0xC456, 0xC457, 0xC458, 0xC459, 0xC45A, 0xC45B,
    0xC45C, 0xC45D, 0xC45E, 0xC45F, 0xC460, 0xC461, 0xC462, 0xC463, 0xC464, 0xC465, 0xC466, 0xC467, 0xC468, 0xC469, 0xC46A, 0xC46B,
    0xC46C, 0xC46D, 0xC46E, 0xC46F, 0xC470, 0xC471, 0xC472, 0xC473, 0xC474, 0xC475, 0xC476, 0xC477, 0xC478, 0xC479, 0xC47A, 0xC47B,
    0xC47C, 0xC47D, 0xC47E, 0xC47F, 0xC480, 0xC481, 0xC482, 0xC483, 0xC484, 0xC485, 0xC486, 0xC487, 0xC488, 0xC489, 0xC48A, 0xC48B,
    0xC48C, 0xC48D, 0xC48E, 0xC48F, 0xC490, 0xC491, 0xC492, 0xC493, 0xC494, 0xC495, 0xC496, 0xC497, 0xC498, 0xC499, 0xC49A, 0xC49B,
    0xC49C, 0xC49D, 0xC49E, 0xC49F, 0xC4A0, 0xC4A1, 0xC4A2, 0xC4A3, 0xC4A4, 0xC4A5, 0xC4A6, 0xC4A7, 0xC4A8, 0xC4A9, 0xC4AA, 0xC4AB,
    0xC4AC, 0xC4AD, 0xC4AE, 0xC4AF, 0xC4B0, 0xC4B1, 0xC4B2, 0xC4B3, 0xC4B4, 0xC4B5, 0xC4B6, 0xC4B7, 0xC4B8, 0xC4B9, 0xC4BA, 0xC4BB,
    0xC4BC, 0xC4BD, 0xC4BE, 0xC4BF, 0xC4C0, 0xC4C1, 0xC4C2, 0xC4C3, 0xC4C4, 0xC4C5, 0xC4C6, 0xC4C7, 0xC4C8, 0xC4C9, 0xC4CA, 0xC4CB,
    0xC4CC, 0xC4CD, 0xC4CE, 0xC4CF, 0xC4D0, 0xC4D1, 0xC4D2, 0xC4D3, 0xC4D4, 0xC4D5, 0xC4D6, 0xC4D7, 0xC4D8, 0xC4D9, 0xC4DA, 0xC4DB,
    0xC4DC, 0xC4DD, 0xC4DE, 0xC4DF, 0xC4E0, 0xC4E1, 0xC4E2, 0xC4E3, 0xC4E4, 0xC4E5, 0xC4E6, 0xC4E7, 0xC4E8, 0xC4E9, 0xC4EA, 0xC4EB,
    0xC4EC, 0xC4ED, 0xC4EE, 0xC4EF, 0xC4F0, 0xC4F1, 0xC4F2, 0xC4F3, 0xC4F4, 0xC4F5, 0xC4F6, 0xC4F7, 0xC4F8, 0xC4F9, 0xC4FA, 0xC4FB,
    0xC4FC, 0xC4FD, 0xC4FE, 0xC4FF, 0xC500, 0xC501, 0xC502, 0xC503, 0xC504, 0xC505, 0xC506, 0xC507, 0xC508, 0xC509, 0xC50A, 0xC50B,
    0xC50C, 0xC50D, 0xC50E, 0xC50F, 0xC510, 0xC511, 0xC512, 0xC513, 0xC514, 0xC515, 0xC516, 0xC517, 0xC518, 0xC519, 0xC51A, 0xC51B,
    0xC51C, 0xC51D, 0xC51E, 0xC51F, 0xC520, 0xC521, 0xC522, 0xC523, 0xC524, 0xC525, 0xC526, 0xC527, 0xC528, 0xC529, 0xC52A, 0xC52B,
    0xC52C, 0xC52D, 0xC52E, 0xC52F, 0xC530, 0xC531, 0xC532, 0xC533, 0xC534, 0xC535, 0xC536, 0xC537, 0xC538, 0xC539, 0xC53A, 0xC53B,
    0xC53C, 0xC53D, 0xC53E, 0xC53F, 0xC540, 0xC541, 0xC542, 0xC543, 0xC544, 0xC545, 0xC546, 0xC547, 0xC548, 0xC549, 0xC54A, 0xC54B,
    0xC54C, 0xC54D, 0xC54E, 0xC54F, 0xC550, 0xC551, 0xC552, 0xC553, 0xC554, 0xC555, 0xC556, 0xC557, 0xC558, 0xC559, 0xC55A, 0xC55B,
    0xC55C, 0xC55D, 0xC55E, 0xC55F, 0xC560, 0xC561, 0xC562, 0xC563, 0xC564, 0xC565, 0xC566, 0xC567, 0xC568, 0xC569, 0xC56A, 0xC56B,
    0xC56C, 0xC56D, 0xC56E, 0xC56F, 0xC570, 0xC571, 0xC572, 0xC573, 0xC574, 0xC575, 0xC576, 0xC577, 0xC578, 0xC579, 0xC57A, 0xC57B,
    0xC57C, 0xC57D, 0xC57E, 0xC57F, 0xC580, 0xC581, 0xC582, 0xC583, 0xC584, 0xC585, 0xC586, 0xC587, 0xC588, 0xC589, 0xC58A, 0xC58B,
    0xC58C, 0xC58D, 0xC58E, 0xC58F, 0xC590, 0xC591, 0xC592, 0xC593, 0xC594, 0xC595, 0xC596, 0xC597, 0xC598, 0xC599, 0xC59A, 0xC59B,
    0xC59C, 0xC59D, 0xC59E, 0xC59F, 0xC5A0, 0xC5A1, 0xC5A2, 0xC5A3, 0xC5A4, 0xC5A5, 0xC5A6, 0xC5A7, 0xC5A8, 0xC5A9, 0xC5AA, 0xC5AB,
    0xC5AC, 0xC5AD, 0xC5AE, 0xC5AF, 0xC5B0, 0xC5B1, 0xC5B2, 0xC5B3, 0xC5B4, 0xC5B5, 0xC5B6, 0xC5B7, 0xC5B8, 0xC5B9, 0xC5BA, 0xC5BB,
    0xC5BC, 0xC5BD, 0xC5BE, 0xC5BF, 0xC5C0, 0xC5C1, 0xC5C2, 0xC5C3, 0xC5C4, 0xC5C5, 0xC5C6, 0xC5C7, 0xC5C8, 0xC5C9, 0xC5CA, 0xC5CB,
    0xC5CC, 0xC5CD, 0xC5CE, 0xC5CF, 0xC5D0, 0xC5D1, 0xC5D2, 0xC5D3, 0xC5D4, 0xC5D5, 0xC5D6, 0xC5D7, 0xC5D8, 0xC5D9, 0xC5DA, 0xC5DB,
    0xC5DC, 0xC5DD, 0xC5DE, 0xC5DF, 0xC5E0, 0xC5E1, 0xC5E2, 0xC5E3, 0xC5E4, 0xC5E5, 0xC5E6, 0xC5E7, 0xC5E8, 0xC5E9, 0xC5EA, 0xC5EB,
    0xC5EC, 0xC5ED, 0xC5EE, 0xC5EF, 0xC5F0, 0xC5F1, 0xC5F2, 0xC5F3, 0xC5F4, 0xC5F5, 0xC5F6, 0xC5F7, 0xC5F8, 0xC5F9, 0xC5FA, 0xC5FB,
    0xC5FC, 0xC5FD, 0xC5FE, 0xC5FF, 0xC600, 0xC601, 0xC602, 0xC603, 0xC604, 0xC605, 0xC606, 0xC607, 0xC608, 0xC609, 0xC60A, 0xC60B,
    0xC60C, 0xC60D, 0xC60E, 0xC60F, 0xC610, 0xC611, 0xC612, 0xC613, 0xC614, 0xC615, 0xC616, 0xC617, 0xC618, 0xC619, 0xC61A, 0xC61B,
    0xC61C, 0xC61D, 0xC61E, 0xC61F, 0xC620, 0xC621, 0xC622, 0xC623, 0xC624, 0xC625, 0xC626, 0xC627, 0xC628, 0xC629, 0xC62A, 0xC62B,
    0xC62C, 0xC62D, 0xC62E, 0xC62F, 0xC630, 0xC631, 0xC632, 0xC633, 0xC634, 0xC635, 0xC636, 0xC637, 0xC638, 0xC639, 0xC63A, 0xC63B,
    0xC63C, 0xC63D, 0xC63E, 0xC63F, 0xC640, 0xC641, 0xC642, 0xC643, 0xC644, 0xC645, 0xC646, 0xC647, 0xC648, 0xC649, 0xC64A, 0xC64B,
    0xC64C, 0xC64D, 0xC64E, 0xC64F, 0xC650, 0xC651, 0xC652, 0xC653, 0xC654, 0xC655, 0xC656, 0xC657, 0xC658, 0xC659, 0xC65A, 0xC65B,
    0xC65C, 0xC65D, 0xC65E, 0xC65F, 0xC660, 0xC661, 0xC662, 0xC663, 0xC664, 0xC665, 0xC666, 0xC667, 0xC668, 0xC669, 0xC66A, 0xC66B,
    0xC66C, 0xC66D, 0xC66E, 0xC66F, 0xC670, 0xC671, 0xC672, 0xC673, 0xC674, 0xC675, 0xC676, 0xC677, 0xC678, 0xC679, 0xC67A, 0xC67B,
    0xC67C, 0xC67D, 0xC67E, 0xC67F, 0xC680, 0xC681, 0xC682, 0xC683, 0xC684, 0xC685, 0xC686, 0xC687, 0xC688, 0xC689, 0xC68A, 0xC68B,
    0xC68C, 0xC68D, 0xC68E, 0xC68F, 0xC690, 0xC691, 0xC692, 0xC693, 0xC694, 0xC695, 0xC696, 0xC697, 0xC698, 0xC699, 0xC69A, 0xC69B,
    0xC69C, 0xC69D, 0xC69E, 0xC69F, 0xC6A0, 0xC6A1, 0xC6A2, 0xC6A3, 0xC6A4, 0xC6A5, 0xC6A6, 0xC6A7, 0xC6A8, 0xC6A9, 0xC6AA, 0xC6AB,
    0xC6AC, 0xC6AD, 0xC6AE, 0xC6AF, 0xC6B0, 0xC6B1, 0xC6B2, 0xC6B3, 0xC6B4, 0xC6B5, 0xC6B6, 0xC6B7, 0xC6B8, 0xC6B9, 0xC6BA, 0xC6BB,
    0xC6BC, 0xC6BD, 0xC6BE, 0xC6BF, 0xC6C0, 0xC6C1, 0xC6C2, 0xC6C3, 0xC6C4, 0xC6C5, 0xC6C6, 0xC6C7, 0xC6C8, 0xC6C9, 0xC6CA, 0xC6CB,
    0xC6CC, 0xC6CD, 0xC6CE, 0xC6CF, 0xC6D0, 0xC6D1, 0xC6D2, 0xC6D3, 0xC6D4, 0xC6D5, 0xC6D6, 0xC6D7, 0xC6D8, 0xC6D9, 0xC6DA, 0xC6DB,
    0xC6DC, 0xC6DD, 0xC6DE, 0xC6DF, 0xC6E0, 0xC6E1, 0xC6E2, 0xC6E3, 0xC6E4, 0xC6E5, 0xC6E6, 0xC6E7, 0xC6E8, 0xC6E9, 0xC6EA, 0xC6EB,
    0xC6EC, 0xC6ED, 0xC6EE, 0xC6EF, 0xC6F0, 0xC6F1, 0xC6F2, 0xC6F3, 0xC6F4, 0xC6F5, 0xC6F6, 0xC6F7, 0xC6F8, 0xC6F9, 0xC6FA, 0xC6FB,
    0xC6FC, 0xC6FD, 0xC6FE, 0xC6FF, 0xC700, 0xC701, 0xC702, 0xC703, 0xC704, 0xC705, 0xC706, 0xC707, 0xC708, 0xC709, 0xC70A, 0xC70B,
    0xC70C, 0xC70D, 0xC70E, 0xC70F, 0xC710, 0xC711, 0xC712, 0xC713, 0xC714, 0xC715, 0xC716, 0xC717, 0xC718, 0xC719, 0xC71A, 0xC71B,
    0xC71C, 0xC71D, 0xC71E, 0xC71F, 0xC720, 0xC721, 0xC722, 0xC723, 0xC724, 0xC725, 0xC726, 0xC727, 0xC728, 0xC729, 0xC72A, 0xC72B,
    0xC72C, 0xC72D, 0xC72E, 0xC72F, 0xC730, 0xC731, 0xC732, 0xC733, 0xC734, 0xC735, 0xC736, 0xC737, 0xC738, 0xC739, 0xC73A, 0xC73B,
    0xC73C, 0xC73D, 0xC73E, 0xC73F, 0xC740, 0xC741, 0xC742, 0xC743, 0xC744, 0xC745, 0xC746, 0xC747, 0xC748, 0xC749, 0xC74A, 0xC74B,
    0xC74C, 0xC74D, 0xC74E, 0xC74F, 0xC750, 0xC751, 0xC752, 0xC753, 0xC754, 0xC755, 0xC756, 0xC757, 0xC758, 0xC759, 0xC75A, 0xC75B,
    0xC75C, 0xC75D, 0xC75E, 0xC75F, 0xC760, 0xC761, 0xC762, 0xC763, 0xC764, 0xC765, 0xC766, 0xC767, 0xC768, 0xC769, 0xC76A, 0xC76B,
    0xC76C, 0xC76D, 0xC76E, 0xC76F, 0xC770, 0xC771, 0xC772, 0xC773, 0xC774, 0xC775, 0xC776, 0xC777, 0xC778, 0xC779, 0xC77A, 0xC77B,
    0xC77C, 0xC77D, 0xC77E, 0xC77F, 0xC780, 0xC781, 0xC782, 0xC783, 0xC784, 0xC785, 0xC786, 0xC787, 0xC788, 0xC789, 0xC78A, 0xC78B,
    0xC78C, 0xC78D, 0xC78E, 0xC78F, 0xC790, 0xC791, 0xC792, 0xC793, 0xC794, 0xC795, 0xC796, 0xC797, 0xC798, 0xC799, 0xC79A, 0xC79B,
    0xC79C, 0xC79D, 0xC79E, 0xC79F, 0xC7A0, 0xC7A1, 0xC7A2, 0xC7A3, 0xC7A4, 0xC7A5, 0xC7A6, 0xC7A7, 0xC7A8, 0xC7A9, 0xC7AA, 0xC7AB,
    0xC7AC, 0xC7AD, 0xC7AE, 0xC7AF, 0xC7B0, 0xC7B1, 0xC7B2, 0xC7B3, 0xC7B4, 0xC7B5, 0xC7B6, 0xC7B7, 0xC7B8, 0xC7B9, 0xC7BA, 0xC7BB,
    0xC7BC, 0xC7BD, 0xC7BE, 0xC7BF, 0xC7C0, 0xC7C1, 0xC7C2, 0xC7C3, 0xC7C4, 0xC7C5, 0xC7C6, 0xC7C7, 0xC7C8, 0xC7C9, 0xC7CA, 0xC7CB,
    0xC7CC, 0xC7CD, 0xC7CE, 0xC7CF, 0xC7D0, 0xC7D1, 0xC7D2, 0xC7D3, 0xC7D4, 0xC7D5, 0xC7D6, 0xC7D7, 0xC7D8, 0xC7D9, 0xC7DA, 0xC7DB,
    0xC7DC, 0xC7DD, 0xC7DE, 0xC7DF, 0xC7E0, 0xC7E1, 0xC7E2, 0xC7E3, 0xC7E4, 0xC7E5, 0xC7E6, 0xC7E7, 0xC7E8, 0xC7E9, 0xC7EA, 0xC7EB,
    0xC7EC, 0xC7ED, 0xC7EE, 0xC7EF, 0xC7F0, 0xC7F1, 0xC7F2, 0xC7F3, 0xC7F4, 0xC7F5, 0xC7F6, 0xC7F7, 0xC7F8, 0xC7F9, 0xC7FA, 0xC7FB,
    0xC7FC, 0xC7FD, 0xC7FE, 0xC7FF, 0xC800, 0xC801, 0xC802, 0xC803, 0xC804, 0xC805, 0xC806, 0xC807, 0xC808, 0xC809, 0xC80A, 0xC80B,
    0xC80C, 0xC80D, 0xC80E, 0xC80F, 0xC810, 0xC811, 0xC812, 0xC813, 0xC814, 0xC815, 0xC816, 0xC817, 0xC818, 0xC819, 0xC81A, 0xC81B,
    0xC81C, 0xC81D, 0xC81E, 0xC81F, 0xC820, 0xC821, 0xC822, 0xC823, 0xC824, 0xC825, 0xC826, 0xC827, 0xC828, 0xC829, 0xC82A, 0xC82B,
    0xC82C, 0xC82D, 0xC82E, 0xC82F, 0xC830, 0xC831, 0xC832, 0xC833, 0xC834, 0xC835, 0xC836, 0xC837, 0xC838, 0xC839, 0xC83A, 0xC83B,
    0xC83C, 0xC83D, 0xC83E, 0xC83F, 0xC840, 0xC841, 0xC842, 0xC843, 0xC844, 0xC845, 0xC846, 0xC847, 0xC848, 0xC849, 0xC84A, 0xC84B,
    0xC84C, 0xC84D, 0xC84E, 0xC84F, 0xC850, 0xC851, 0xC852, 0xC853, 0xC854, 0xC855, 0xC856, 0xC857, 0xC858, 0xC859, 0xC85A, 0xC85B,
    0xC85C, 0xC85D, 0xC85E, 0xC85F, 0xC860, 0xC861, 0xC862, 0xC863, 0xC864, 0xC865, 0xC866, 0xC867, 0xC868, 0xC869, 0xC86A, 0xC86B,
    0xC86C, 0xC86D, 0xC86E, 0xC86F, 0xC870, 0xC871, 0xC872, 0xC873, 0xC874, 0xC875, 0xC876, 0xC877, 0xC878, 0xC879, 0xC87A, 0xC87B,
    0xC87C, 0xC87D, 0xC87E, 0xC87F, 0xC880, 0xC881, 0xC882, 0xC883, 0xC884, 0xC885, 0xC886, 0xC887, 0xC888, 0xC889, 0xC88A, 0xC88B,
    0xC88C, 0xC88D, 0xC88E, 0xC88F, 0xC890, 0xC891, 0xC892, 0xC893, 0xC894, 0xC895, 0xC896, 0xC897, 0xC898, 0xC899, 0xC89A, 0xC89B,
    0xC89C, 0xC89D, 0xC89E, 0xC89F, 0xC8A0, 0xC8A1, 0xC8A2, 0xC8A3, 0xC8A4, 0xC8A5, 0xC8A6, 0xC8A7, 0xC8A8, 0xC8A9, 0xC8AA, 0xC8AB,
    0xC8AC, 0xC8AD, 0xC8AE, 0xC8AF, 0xC8B0, 0xC8B1, 0xC8B2, 0xC8B3, 0xC8B4, 0xC8B5, 0xC8B6, 0xC8B7, 0xC8B8, 0xC8B9, 0xC8BA, 0xC8BB,
    0xC8BC, 0xC8BD, 0xC8BE, 0xC8BF, 0xC8C0, 0xC8C1, 0xC8C2, 0xC8C3, 0xC8C4, 0xC8C5, 0xC8C6, 0xC8C7, 0xC8C8, 0xC8C9, 0xC8CA, 0xC8CB,
    0xC8CC, 0xC8CD, 0xC8CE, 0xC8CF, 0xC8D0, 0xC8D1, 0xC8D2, 0xC8D3, 0xC8D4, 0xC8D5, 0xC8D6, 0xC8D7, 0xC8D8, 0xC8D9, 0xC8DA, 0xC8DB,
    0xC8DC, 0xC8DD, 0xC8DE, 0xC8DF, 0xC8E0, 0xC8E1, 0xC8E2, 0xC8E3, 0xC8E4, 0xC8E5, 0xC8E6, 0xC8E7, 0xC8E8, 0xC8E9, 0xC8EA, 0xC8EB,
    0xC8EC, 0xC8ED, 0xC8EE, 0xC8EF, 0xC8F0, 0xC8F1, 0xC8F2, 0xC8F3, 0xC8F4, 0xC8F5, 0xC8F6, 0xC8F7, 0xC8F8, 0xC8F9, 0xC8FA, 0xC8FB,
    0xC8FC, 0xC8FD, 0xC8FE, 0xC8FF, 0xC900, 0xC901, 0xC902, 0xC903, 0xC904, 0xC905, 0xC906, 0xC907, 0xC908, 0xC909, 0xC90A, 0xC90B,
    0xC90C, 0xC90D, 0xC90E, 0xC90F, 0xC910, 0xC911, 0xC912, 0xC913, 0xC914, 0xC915, 0xC916, 0xC917, 0xC918, 0xC919, 0xC91A, 0xC91B,
    0xC91C, 0xC91D, 0xC91E, 0xC91F, 0xC920, 0xC921, 0xC922, 0xC923, 0xC924, 0xC925, 0xC926, 0xC927, 0xC928, 0xC929, 0xC92A, 0xC92B,
    0xC92C, 0xC92D, 0xC92E, 0xC92F, 0xC930, 0xC931, 0xC932, 0xC933, 0xC934, 0xC935, 0xC936, 0xC937, 0xC938, 0xC939, 0xC93A, 0xC93B,
    0xC93C, 0xC93D, 0xC93E, 0xC93F, 0xC940, 0xC941, 0xC942, 0xC943, 0xC944, 0xC945, 0xC946, 0xC947, 0xC948, 0xC949, 0xC94A, 0xC94B,
    0xC94C, 0xC94D, 0xC94E, 0xC94F, 0xC950, 0xC951, 0xC952, 0xC953, 0xC954, 0xC955, 0xC956, 0xC957, 0xC958, 0xC959, 0xC95A, 0xC95B,
    0xC95C, 0xC95D, 0xC95E, 0xC95F, 0xC960, 0xC961, 0xC962, 0xC963, 0xC964, 0xC965, 0xC966, 0xC967, 0xC968, 0xC969, 0xC96A, 0xC96B,
    0xC96C, 0xC96D, 0xC96E, 0xC96F, 0xC970, 0xC971, 0xC972, 0xC973, 0xC974, 0xC975, 0xC976, 0xC977, 0xC978, 0xC979, 0xC97A, 0xC97B,
    0xC97C, 0xC97D, 0xC97E, 0xC97F, 0xC980, 0xC981, 0xC982, 0xC983, 0xC984, 0xC985, 0xC986, 0xC987, 0xC988, 0xC989, 0xC98A, 0xC98B,
    0xC98C, 0xC98D, 0xC98E, 0xC98F, 0xC990, 0xC991, 0xC992, 0xC993, 0xC994, 0xC995, 0xC996, 0xC997, 0xC998, 0xC999, 0xC99A, 0xC99B,
    0xC99C, 0xC99D, 0xC99E, 0xC99F, 0xC9A0, 0xC9A1, 0xC9A2, 0xC9A3, 0xC9A4, 0xC9A5, 0xC9A6, 0xC9A7, 0xC9A8, 0xC9A9, 0xC9AA, 0xC9AB,
    0xC9AC, 0xC9AD, 0xC9AE, 0xC9AF, 0xC9B0, 0xC9B1, 0xC9B2, 0xC9B3, 0xC9B4, 0xC9B5, 0xC9B6, 0xC9B7, 0xC9B8, 0xC9B9, 0xC9BA, 0xC9BB,
    0xC9BC, 0xC9BD, 0xC9BE, 0xC9BF, 0xC9C0, 0xC9C1, 0xC9C2, 0xC9C3, 0xC9C4, 0xC9C5, 0xC9C6, 0xC9C7, 0xC9C8, 0xC9C9, 0xC9CA, 0xC9CB,
    0xC9CC, 0xC9CD, 0xC9CE, 0xC9CF, 0xC9D0, 0xC9D1, 0xC9D2, 0xC9D3, 0xC9D4, 0xC9D5, 0xC9D6, 0xC9D7, 0xC9D8, 0xC9D9, 0xC9DA, 0xC9DB,
    0xC9DC, 0xC9DD, 0xC9DE, 0xC9DF, 0xC9E0, 0xC9E1, 0xC9E2, 0xC9E3, 0xC9E4, 0xC9E5, 0xC9E6, 0xC9E7, 0xC9E8, 0xC9E9, 0xC9EA, 0xC9EB,
    0xC9EC, 0xC9ED, 0xC9EE, 0xC9EF, 0xC9F0, 0xC9F1, 0xC9F2, 0xC9F3, 0xC9F4, 0xC9F5, 0xC9F6, 0xC9F7, 0xC9F8, 0xC9F9, 0xC9FA, 0xC9FB,
    0xC9FC, 0xC9FD, 0xC9FE, 0xC9FF, 0xCA00, 0xCA01, 0xCA02, 0xCA03, 0xCA04, 0xCA05, 0xCA06, 0xCA07, 0xCA08, 0xCA09, 0xCA0A, 0xCA0B,
    0xCA0C, 0xCA0D, 0xCA0E, 0xCA0F, 0xCA10, 0xCA11, 0xCA12, 0xCA13, 0xCA14, 0xCA15, 0xCA16, 0xCA17, 0xCA18, 0xCA19, 0xCA1A, 0xCA1B,
    0xCA1C, 0xCA1D, 0xCA1E, 0xCA1F, 0xCA20, 0xCA21, 0xCA22, 0xCA23, 0xCA24, 0xCA25, 0xCA26, 0xCA27, 0xCA28, 0xCA29, 0xCA2A, 0xCA2B,
    0xCA2C, 0xCA2D, 0xCA2E, 0xCA2F, 0xCA30, 0xCA31, 0xCA32, 0xCA33, 0xCA34, 0xCA35, 0xCA36, 0xCA37, 0xCA38, 0xCA39, 0xCA3A, 0xCA3B,
    0xCA3C, 0xCA3D, 0xCA3E, 0xCA3F, 0xCA40, 0xCA41, 0xCA42, 0xCA43, 0xCA44, 0xCA45, 0xCA46, 0xCA47, 0xCA48, 0xCA49, 0xCA4A, 0xCA4B,
    0xCA4C, 0xCA4D, 0xCA4E, 0xCA4F, 0xCA50, 0xCA51, 0xCA52, 0xCA53, 0xCA54, 0xCA55, 0xCA56, 0xCA57, 0xCA58, 0xCA59, 0xCA5A, 0xCA5B,
    0xCA5C, 0xCA5D, 0xCA5E, 0xCA5F, 0xCA60, 0xCA61, 0xCA62, 0xCA63, 0xCA64, 0xCA65, 0xCA66, 0xCA67, 0xCA68, 0xCA69, 0xCA6A, 0xCA6B,
    0xCA6C, 0xCA6D, 0xCA6E, 0xCA6F, 0xCA70, 0xCA71, 0xCA72, 0xCA73, 0xCA74, 0xCA75, 0xCA76, 0xCA77, 0xCA78, 0xCA79, 0xCA7A, 0xCA7B,
    0xCA7C, 0xCA7D, 0xCA7E, 0xCA7F, 0xCA80, 0xCA81, 0xCA82, 0xCA83, 0xCA84, 0xCA85, 0xCA86, 0xCA87, 0xCA88, 0xCA89, 0xCA8A, 0xCA8B,
    0xCA8C, 0xCA8D, 0xCA8E, 0xCA8F, 0xCA90, 0xCA91, 0xCA92, 0xCA93, 0xCA94, 0xCA95, 0xCA96, 0xCA97, 0xCA98, 0xCA99, 0xCA9A, 0xCA9B,
    0xCA9C, 0xCA9D, 0xCA9E, 0xCA9F, 0xCAA0, 0xCAA1, 0xCAA2, 0xCAA3, 0xCAA4, 0xCAA5, 0xCAA6, 0xCAA7, 0xCAA8, 0xCAA9, 0xCAAA, 0xCAAB,
    0xCAAC, 0xCAAD, 0xCAAE, 0xCAAF, 0xCAB0, 0xCAB1, 0xCAB2, 0xCAB3, 0xCAB4, 0xCAB5, 0xCAB6, 0xCAB7, 0xCAB8, 0xCAB9, 0xCABA, 0xCABB,
    0xCABC, 0xCABD, 0xCABE, 0xCABF, 0xCAC0, 0xCAC1, 0xCAC2, 0xCAC3, 0xCAC4, 0xCAC5, 0xCAC6, 0xCAC7, 0xCAC8, 0xCAC9, 0xCACA, 0xCACB,
    0xCACC, 0xCACD, 0xCACE, 0xCACF, 0xCAD0, 0xCAD1, 0xCAD2, 0xCAD3, 0xCAD4, 0xCAD5, 0xCAD6, 0xCAD7, 0xCAD8, 0xCAD9, 0xCADA, 0xCADB,
    0xCADC, 0xCADD, 0xCADE, 0xCADF, 0xCAE0, 0xCAE1, 0xCAE2, 0xCAE3, 0xCAE4, 0xCAE5, 0xCAE6, 0xCAE7, 0xCAE8, 0xCAE9, 0xCAEA, 0xCAEB,
    0xCAEC, 0xCAED, 0xCAEE, 0xCAEF, 0xCAF0, 0xCAF1, 0xCAF2, 0xCAF3, 0xCAF4, 0xCAF5, 0xCAF6, 0xCAF7, 0xCAF8, 0xCAF9, 0xCAFA, 0xCAFB,
    0xCAFC, 0xCAFD, 0xCAFE, 0xCAFF, 0xCB00, 0xCB01, 0xCB02, 0xCB03, 0xCB04, 0xCB05, 0xCB06, 0xCB07, 0xCB08, 0xCB09, 0xCB0A, 0xCB0B,
    0xCB0C, 0xCB0D, 0xCB0E, 0xCB0F, 0xCB10, 0xCB11, 0xCB12, 0xCB13, 0xCB14, 0xCB15, 0xCB16, 0xCB17, 0xCB18, 0xCB19, 0xCB1A, 0xCB1B,
    0xCB1C, 0xCB1D, 0xCB1E, 0xCB1F, 0xCB20, 0xCB21, 0xCB22, 0xCB23, 0xCB24, 0xCB25, 0xCB26, 0xCB27, 0xCB28, 0xCB29, 0xCB2A, 0xCB2B,
    0xCB2C, 0xCB2D, 0xCB2E, 0xCB2F, 0xCB30, 0xCB31, 0xCB32, 0xCB33, 0xCB34, 0xCB35, 0xCB36, 0xCB37, 0xCB38, 0xCB39, 0xCB3A, 0xCB3B,
    0xCB3C, 0xCB3D, 0xCB3E, 0xCB3F, 0xCB40, 0xCB41, 0xCB42, 0xCB43, 0xCB44, 0xCB45, 0xCB46, 0xCB47, 0xCB48, 0xCB49, 0xCB4A, 0xCB4B,
    0xCB4C, 0xCB4D, 0xCB4E, 0xCB4F, 0xCB50, 0xCB51, 0xCB52, 0xCB53, 0xCB54, 0xCB55, 0xCB56, 0xCB57, 0xCB58, 0xCB59, 0xCB5A, 0xCB5B,
    0xCB5C, 0xCB5D, 0xCB5E, 0xCB5F, 0xCB60, 0xCB61, 0xCB62, 0xCB63, 0xCB64, 0xCB65, 0xCB66, 0xCB67, 0xCB68, 0xCB69, 0xCB6A, 0xCB6B,
    0xCB6C, 0xCB6D, 0xCB6E, 0xCB6F, 0xCB70, 0xCB71, 0xCB72, 0xCB73, 0xCB74, 0xCB75, 0xCB76, 0xCB77, 0xCB78, 0xCB79, 0xCB7A, 0xCB7B,
    0xCB7C, 0xCB7D, 0xCB7E, 0xCB7F, 0xCB80, 0xCB81, 0xCB82, 0xCB83, 0xCB84, 0xCB85, 0xCB86, 0xCB87, 0xCB88, 0xCB89, 0xCB8A, 0xCB8B,
    0xCB8C, 0xCB8D, 0xCB8E, 0xCB8F, 0xCB90, 0xCB91, 0xCB92, 0xCB93, 0xCB94, 0xCB95, 0xCB96, 0xCB97, 0xCB98, 0xCB99, 0xCB9A, 0xCB9B,
    0xCB9C, 0xCB9D, 0xCB9E, 0xCB9F, 0xCBA0, 0xCBA1, 0xCBA2, 0xCBA3, 0xCBA4, 0xCBA5, 0xCBA6, 0xCBA7, 0xCBA8, 0xCBA9, 0xCBAA, 0xCBAB,
    0xCBAC, 0xCBAD, 0xCBAE, 0xCBAF, 0xCBB0, 0xCBB1, 0xCBB2, 0xCBB3, 0xCBB4, 0xCBB5, 0xCBB6, 0xCBB7, 0xCBB8, 0xCBB9, 0xCBBA, 0xCBBB,
    0xCBBC, 0xCBBD, 0xCBBE, 0xCBBF, 0xCBC0, 0xCBC1, 0xCBC2, 0xCBC3, 0xCBC4, 0xCBC5, 0xCBC6, 0xCBC7, 0xCBC8, 0xCBC9, 0xCBCA, 0xCBCB,
    0xCBCC, 0xCBCD, 0xCBCE, 0xCBCF, 0xCBD0, 0xCBD1, 0xCBD2, 0xCBD3, 0xCBD4, 0xCBD5, 0xCBD6, 0xCBD7, 0xCBD8, 0xCBD9, 0xCBDA, 0xCBDB,
    0xCBDC, 0xCBDD, 0xCBDE, 0xCBDF, 0xCBE0, 0xCBE1, 0xCBE2, 0xCBE3, 0xCBE4, 0xCBE5, 0xCBE6, 0xCBE7, 0xCBE8, 0xCBE9, 0xCBEA, 0xCBEB,
    0xCBEC, 0xCBED, 0xCBEE, 0xCBEF, 0xCBF0, 0xCBF1, 0xCBF2, 0xCBF3, 0xCBF4, 0xCBF5, 0xCBF6, 0xCBF7, 0xCBF8, 0xCBF9, 0xCBFA, 0xCBFB,
    0xCBFC, 0xCBFD, 0xCBFE, 0xCBFF, 0xCC00, 0xCC01, 0xCC02, 0xCC03, 0xCC04, 0xCC05, 0xCC06, 0xCC07, 0xCC08, 0xCC09, 0xCC0A, 0xCC0B,
    0xCC0C, 0xCC0D, 0xCC0E, 0xCC0F, 0xCC10, 0xCC11, 0xCC12, 0xCC13, 0xCC14, 0xCC15, 0xCC16, 0xCC17, 0xCC18, 0xCC19, 0xCC1A, 0xCC1B,
    0xCC1C, 0xCC1D, 0xCC1E, 0xCC1F, 0xCC20, 0xCC21, 0xCC22, 0xCC23, 0xCC24, 0xCC25, 0xCC26, 0xCC27, 0xCC28, 0xCC29, 0xCC2A, 0xCC2B,
    0xCC2C, 0xCC2D, 0xCC2E, 0xCC2F, 0xCC30, 0xCC31, 0xCC32, 0xCC33, 0xCC34, 0xCC35, 0xCC36, 0xCC37, 0xCC38, 0xCC39, 0xCC3A, 0xCC3B,
    0xCC3C, 0xCC3D, 0xCC3E, 0xCC3F, 0xCC40, 0xCC41, 0xCC42, 0xCC43, 0xCC44, 0xCC45, 0xCC46, 0xCC47, 0xCC48, 0xCC49, 0xCC4A, 0xCC4B,
    0xCC4C, 0xCC4D, 0xCC4E, 0xCC4F, 0xCC50, 0xCC51, 0xCC52, 0xCC53, 0xCC54, 0xCC55, 0xCC56, 0xCC57, 0xCC58, 0xCC59, 0xCC5A, 0xCC5B,
    0xCC5C, 0xCC5D, 0xCC5E, 0xCC5F, 0xCC60, 0xCC61, 0xCC62, 0xCC63, 0xCC64, 0xCC65, 0xCC66, 0xCC67, 0xCC68, 0xCC69, 0xCC6A, 0xCC6B,
    0xCC6C, 0xCC6D, 0xCC6E, 0xCC6F, 0xCC70, 0xCC71, 0xCC72, 0xCC73, 0xCC74, 0xCC75, 0xCC76, 0xCC77, 0xCC78, 0xCC79, 0xCC7A, 0xCC7B,
    0xCC7C, 0xCC7D, 0xCC7E, 0xCC7F, 0xCC80, 0xCC81, 0xCC82, 0xCC83, 0xCC84, 0xCC85, 0xCC86, 0xCC87, 0xCC88, 0xCC89, 0xCC8A, 0xCC8B,
    0xCC8C, 0xCC8D, 0xCC8E, 0xCC8F, 0xCC90, 0xCC91, 0xCC92, 0xCC93, 0xCC94, 0xCC95, 0xCC96, 0xCC97, 0xCC98, 0xCC99, 0xCC9A, 0xCC9B,
    0xCC9C, 0xCC9D, 0xCC9E, 0xCC9F, 0xCCA0, 0xCCA1, 0xCCA2, 0xCCA3, 0xCCA4, 0xCCA5, 0xCCA6, 0xCCA7, 0xCCA8, 0xCCA9, 0xCCAA, 0xCCAB,
    0xCCAC, 0xCCAD, 0xCCAE, 0xCCAF, 0xCCB0, 0xCCB1, 0xCCB2, 0xCCB3, 0xCCB4, 0xCCB5, 0xCCB6, 0xCCB7, 0xCCB8, 0xCCB9, 0xCCBA, 0xCCBB,
    0xCCBC, 0xCCBD, 0xCCBE, 0xCCBF, 0xCCC0, 0xCCC1, 0xCCC2, 0xCCC3, 0xCCC4, 0xCCC5, 0xCCC6, 0xCCC7, 0xCCC8, 0xCCC9, 0xCCCA, 0xCCCB,
    0xCCCC, 0xCCCD, 0xCCCE, 0xCCCF, 0xCCD0, 0xCCD1, 0xCCD2, 0xCCD3, 0xCCD4, 0xCCD5, 0xCCD6, 0xCCD7, 0xCCD8, 0xCCD9, 0xCCDA, 0xCCDB,
    0xCCDC, 0xCCDD, 0xCCDE, 0xCCDF, 0xCCE0, 0xCCE1, 0xCCE2, 0xCCE3, 0xCCE4, 0xCCE5, 0xCCE6, 0xCCE7, 0xCCE8, 0xCCE9, 0xCCEA, 0xCCEB,
    0xCCEC, 0xCCED, 0xCCEE, 0xCCEF, 0xCCF0, 0xCCF1, 0xCCF2, 0xCCF3, 0xCCF4, 0xCCF5, 0xCCF6, 0xCCF7, 0xCCF8, 0xCCF9, 0xCCFA, 0xCCFB,
    0xCCFC, 0xCCFD, 0xCCFE, 0xCCFF, 0xCD00, 0xCD01, 0xCD02, 0xCD03, 0xCD04, 0xCD05, 0xCD06, 0xCD07, 0xCD08, 0xCD09, 0xCD0A, 0xCD0B,
    0xCD0C, 0xCD0D, 0xCD0E, 0xCD0F, 0xCD10, 0xCD11, 0xCD12, 0xCD13, 0xCD14, 0xCD15, 0xCD16, 0xCD17, 0xCD18, 0xCD19, 0xCD1A, 0xCD1B,
    0xCD1C, 0xCD1D, 0xCD1E, 0xCD1F, 0xCD20, 0xCD21, 0xCD22, 0xCD23, 0xCD24, 0xCD25, 0xCD26, 0xCD27, 0xCD28, 0xCD29, 0xCD2A, 0xCD2B,
    0xCD2C, 0xCD2D, 0xCD2E, 0xCD2F, 0xCD30, 0xCD31, 0xCD32, 0xCD33, 0xCD34, 0xCD35, 0xCD36, 0xCD37, 0xCD38, 0xCD39, 0xCD3A, 0xCD3B,
    0xCD3C, 0xCD3D, 0xCD3E, 0xCD3F, 0xCD40, 0xCD41, 0xCD42, 0xCD43, 0xCD44, 0xCD45, 0xCD46, 0xCD47, 0xCD48, 0xCD49, 0xCD4A, 0xCD4B,
    0xCD4C, 0xCD4D, 0xCD4E, 0xCD4F, 0xCD50, 0xCD51, 0xCD52, 0xCD53, 0xCD54, 0xCD55, 0xCD56, 0xCD57, 0xCD58, 0xCD59, 0xCD5A, 0xCD5B,
    0xCD5C, 0xCD5D, 0xCD5E, 0xCD5F, 0xCD60, 0xCD61, 0xCD62, 0xCD63, 0xCD64, 0xCD65, 0xCD66, 0xCD67, 0xCD68, 0xCD69, 0xCD6A, 0xCD6B,
    0xCD6C, 0xCD6D, 0xCD6E, 0xCD6F, 0xCD70, 0xCD71, 0xCD72, 0xCD73, 0xCD74, 0xCD75, 0xCD76, 0xCD77, 0xCD78, 0xCD79, 0xCD7A, 0xCD7B,
    0xCD7C, 0xCD7D, 0xCD7E, 0xCD7F, 0xCD80, 0xCD81, 0xCD82, 0xCD83, 0xCD84, 0xCD85, 0xCD86, 0xCD87, 0xCD88, 0xCD89, 0xCD8A, 0xCD8B,
    0xCD8C, 0xCD8D, 0xCD8E, 0xCD8F, 0xCD90, 0xCD91, 0xCD92, 0xCD93, 0xCD94, 0xCD95, 0xCD96, 0xCD97, 0xCD98, 0xCD99, 0xCD9A, 0xCD9B,
    0xCD9C, 0xCD9D, 0xCD9E, 0xCD9F, 0xCDA0, 0xCDA1, 0xCDA2, 0xCDA3, 0xCDA4, 0xCDA5, 0xCDA6, 0xCDA7, 0xCDA8, 0xCDA9, 0xCDAA, 0xCDAB,
    0xCDAC, 0xCDAD, 0xCDAE, 0xCDAF, 0xCDB0, 0xCDB1, 0xCDB2, 0xCDB3, 0xCDB4, 0xCDB5, 0xCDB6, 0xCDB7, 0xCDB8, 0xCDB9, 0xCDBA, 0xCDBB,
    0xCDBC, 0xCDBD, 0xCDBE, 0xCDBF, 0xCDC0, 0xCDC1, 0xCDC2, 0xCDC3, 0xCDC4, 0xCDC5, 0xCDC6, 0xCDC7, 0xCDC8, 0xCDC9, 0xCDCA, 0xCDCB,
    0xCDCC, 0xCDCD, 0xCDCE, 0xCDCF, 0xCDD0, 0xCDD1, 0xCDD2, 0xCDD3, 0xCDD4, 0xCDD5, 0xCDD6, 0xCDD7, 0xCDD8, 0xCDD9, 0xCDDA, 0xCDDB,
    0xCDDC, 0xCDDD, 0xCDDE, 0xCDDF, 0xCDE0, 0xCDE1, 0xCDE2, 0xCDE3, 0xCDE4, 0xCDE5, 0xCDE6, 0xCDE7, 0xCDE8, 0xCDE9, 0xCDEA, 0xCDEB,
    0xCDEC, 0xCDED, 0xCDEE, 0xCDEF, 0xCDF0, 0xCDF1, 0xCDF2, 0xCDF3, 0xCDF4, 0xCDF5, 0xCDF6, 0xCDF7, 0xCDF8, 0xCDF9, 0xCDFA, 0xCDFB,
    0xCDFC, 0xCDFD, 0xCDFE, 0xCDFF, 0xCE00, 0xCE01, 0xCE02, 0xCE03, 0xCE04, 0xCE05, 0xCE06, 0xCE07, 0xCE08, 0xCE09, 0xCE0A, 0xCE0B,
    0xCE0C, 0xCE0D, 0xCE0E, 0xCE0F, 0xCE10, 0xCE11, 0xCE12, 0xCE13, 0xCE14, 0xCE15, 0xCE16, 0xCE17, 0xCE18, 0xCE19, 0xCE1A, 0xCE1B,
    0xCE1C, 0xCE1D, 0xCE1E, 0xCE1F, 0xCE20, 0xCE21, 0xCE22, 0xCE23, 0xCE24, 0xCE25, 0xCE26, 0xCE27, 0xCE28, 0xCE29, 0xCE2A, 0xCE2B,
    0xCE2C, 0xCE2D, 0xCE2E, 0xCE2F, 0xCE30, 0xCE31, 0xCE32, 0xCE33, 0xCE34, 0xCE35, 0xCE36, 0xCE37, 0xCE38, 0xCE39, 0xCE3A, 0xCE3B,
    0xCE3C, 0xCE3D, 0xCE3E, 0xCE3F, 0xCE40, 0xCE41, 0xCE42, 0xCE43, 0xCE44, 0xCE45, 0xCE46, 0xCE47, 0xCE48, 0xCE49, 0xCE4A, 0xCE4B,
    0xCE4C, 0xCE4D, 0xCE4E, 0xCE4F, 0xCE50, 0xCE51, 0xCE52, 0xCE53, 0xCE54, 0xCE55, 0xCE56, 0xCE57, 0xCE58, 0xCE59, 0xCE5A, 0xCE5B,
    0xCE5C, 0xCE5D, 0xCE5E, 0xCE5F, 0xCE60, 0xCE61, 0xCE62, 0xCE63, 0xCE64, 0xCE65, 0xCE66, 0xCE67, 0xCE68, 0xCE69, 0xCE6A, 0xCE6B,
    0xCE6C, 0xCE6D, 0xCE6E, 0xCE6F, 0xCE70, 0xCE71, 0xCE72, 0xCE73, 0xCE74, 0xCE75, 0xCE76, 0xCE77, 0xCE78, 0xCE79, 0xCE7A, 0xCE7B,
    0xCE7C, 0xCE7D, 0xCE7E, 0xCE7F, 0xCE80, 0xCE81, 0xCE82, 0xCE83, 0xCE84, 0xCE85, 0xCE86, 0xCE87, 0xCE88, 0xCE89, 0xCE8A, 0xCE8B,
    0xCE8C, 0xCE8D, 0xCE8E, 0xCE8F, 0xCE90, 0xCE91, 0xCE92, 0xCE93, 0xCE94, 0xCE95, 0xCE96, 0xCE97, 0xCE98, 0xCE99, 0xCE9A, 0xCE9B,
    0xCE9C, 0xCE9D, 0xCE9E, 0xCE9F, 0xCEA0, 0xCEA1, 0xCEA2, 0xCEA3, 0xCEA4, 0xCEA5, 0xCEA6, 0xCEA7, 0xCEA8, 0xCEA9, 0xCEAA, 0xCEAB,
    0xCEAC, 0xCEAD, 0xCEAE, 0xCEAF, 0xCEB0, 0xCEB1, 0xCEB2, 0xCEB3, 0xCEB4, 0xCEB5, 0xCEB6, 0xCEB7, 0xCEB8, 0xCEB9, 0xCEBA, 0xCEBB,
    0xCEBC, 0xCEBD, 0xCEBE, 0xCEBF, 0xCEC0, 0xCEC1, 0xCEC2, 0xCEC3, 0xCEC4, 0xCEC5, 0xCEC6, 0xCEC7, 0xCEC8, 0xCEC9, 0xCECA, 0xCECB,
    0xCECC, 0xCECD, 0xCECE, 0xCECF, 0xCED0, 0xCED1, 0xCED2, 0xCED3, 0xCED4, 0xCED5, 0xCED6, 0xCED7, 0xCED8, 0xCED9, 0xCEDA, 0xCEDB,
    0xCEDC, 0xCEDD, 0xCEDE, 0xCEDF, 0xCEE0, 0xCEE1, 0xCEE2, 0xCEE3, 0xCEE4, 0xCEE5, 0xCEE6, 0xCEE7, 0xCEE8, 0xCEE9, 0xCEEA, 0xCEEB,
    0xCEEC, 0xCEED, 0xCEEE, 0xCEEF, 0xCEF0, 0xCEF1, 0xCEF2, 0xCEF3, 0xCEF4, 0xCEF5, 0xCEF6, 0xCEF7, 0xCEF8, 0xCEF9, 0xCEFA, 0xCEFB,
    0xCEFC, 0xCEFD, 0xCEFE, 0xCEFF, 0xCF00, 0xCF01, 0xCF02, 0xCF03, 0xCF04, 0xCF05, 0xCF06, 0xCF07, 0xCF08, 0xCF09, 0xCF0A, 0xCF0B,
    0xCF0C, 0xCF0D, 0xCF0E, 0xCF0F, 0xCF10, 0xCF11, 0xCF12, 0xCF13, 0xCF14, 0xCF15, 0xCF16, 0xCF17, 0xCF18, 0xCF19, 0xCF1A, 0xCF1B,
    0xCF1C, 0xCF1D, 0xCF1E, 0xCF1F, 0xCF20, 0xCF21, 0xCF22, 0xCF23, 0xCF24, 0xCF25, 0xCF26, 0xCF27, 0xCF28, 0xCF29, 0xCF2A, 0xCF2B,
    0xCF2C, 0xCF2D, 0xCF2E, 0xCF2F, 0xCF30, 0xCF31, 0xCF32, 0xCF33, 0xCF34, 0xCF35, 0xCF36, 0xCF37, 0xCF38, 0xCF39, 0xCF3A, 0xCF3B,
    0xCF3C, 0xCF3D, 0xCF3E, 0xCF3F, 0xCF40, 0xCF41, 0xCF42, 0xCF43, 0xCF44, 0xCF45, 0xCF46, 0xCF47, 0xCF48, 0xCF49, 0xCF4A, 0xCF4B,
    0xCF4C, 0xCF4D, 0xCF4E, 0xCF4F, 0xCF50, 0xCF51, 0xCF52, 0xCF53, 0xCF54, 0xCF55, 0xCF56, 0xCF57, 0xCF58, 0xCF59, 0xCF5A, 0xCF5B,
    0xCF5C, 0xCF5D, 0xCF5E, 0xCF5F, 0xCF60, 0xCF61, 0xCF62, 0xCF63, 0xCF64, 0xCF65, 0xCF66, 0xCF67, 0xCF68, 0xCF69, 0xCF6A, 0xCF6B,
    0xCF6C, 0xCF6D, 0xCF6E, 0xCF6F, 0xCF70, 0xCF71, 0xCF72, 0xCF73, 0xCF74, 0xCF75, 0xCF76, 0xCF77, 0xCF78, 0xCF79, 0xCF7A, 0xCF7B,
    0xCF7C, 0xCF7D, 0xCF7E, 0xCF7F, 0xCF80, 0xCF81, 0xCF82, 0xCF83, 0xCF84, 0xCF85, 0xCF86, 0xCF87, 0xCF88, 0xCF89, 0xCF8A, 0xCF8B,
    0xCF8C, 0xCF8D, 0xCF8E, 0xCF8F, 0xCF90, 0xCF91, 0xCF92, 0xCF93, 0xCF94, 0xCF95, 0xCF96, 0xCF97, 0xCF98, 0xCF99, 0xCF9A, 0xCF9B,
    0xCF9C, 0xCF9D, 0xCF9E, 0xCF9F, 0xCFA0, 0xCFA1, 0xCFA2, 0xCFA3, 0xCFA4, 0xCFA5, 0xCFA6, 0xCFA7, 0xCFA8, 0xCFA9, 0xCFAA, 0xCFAB,
    0xCFAC, 0xCFAD, 0xCFAE, 0xCFAF, 0xCFB0, 0xCFB1, 0xCFB2, 0xCFB3, 0xCFB4, 0xCFB5, 0xCFB6, 0xCFB7, 0xCFB8, 0xCFB9, 0xCFBA, 0xCFBB,
    0xCFBC, 0xCFBD, 0xCFBE, 0xCFBF, 0xCFC0, 0xCFC1, 0xCFC2, 0xCFC3, 0xCFC4, 0xCFC5, 0xCFC6, 0xCFC7, 0xCFC8, 0xCFC9, 0xCFCA, 0xCFCB,
    0xCFCC, 0xCFCD, 0xCFCE, 0xCFCF, 0xCFD0, 0xCFD1, 0xCFD2, 0xCFD3, 0xCFD4, 0xCFD5, 0xCFD6, 0xCFD7, 0xCFD8, 0xCFD9, 0xCFDA, 0xCFDB,
    0xCFDC, 0xCFDD, 0xCFDE, 0xCFDF, 0xCFE0, 0xCFE1, 0xCFE2, 0xCFE3, 0xCFE4, 0xCFE5, 0xCFE6, 0xCFE7, 0xCFE8, 0xCFE9, 0xCFEA, 0xCFEB,
    0xCFEC, 0xCFED, 0xCFEE, 0xCFEF, 0xCFF0, 0xCFF1, 0xCFF2, 0xCFF3, 0xCFF4, 0xCFF5, 0xCFF6, 0xCFF7, 0xCFF8, 0xCFF9, 0xCFFA, 0xCFFB,
    0xCFFC, 0xCFFD, 0xCFFE, 0xCFFF, 0xD000, 0xD001, 0xD002, 0xD003, 0xD004, 0xD005, 0xD006, 0xD007, 0xD008, 0xD009, 0xD00A, 0xD00B,
    0xD00C, 0xD00D, 0xD00E, 0xD00F, 0xD010, 0xD011, 0xD012, 0xD013, 0xD014, 0xD015, 0xD016, 0xD017, 0xD018, 0xD019, 0xD01A, 0xD01B,
    0xD01C, 0xD01D, 0xD01E, 0xD01F, 0xD020, 0xD021, 0xD022, 0xD023, 0xD024, 0xD025, 0xD026, 0xD027, 0xD028, 0xD029, 0xD02A, 0xD02B,
    0xD02C, 0xD02D, 0xD02E, 0xD02F, 0xD030, 0xD031, 0xD032, 0xD033, 0xD034, 0xD035, 0xD036, 0xD037, 0xD038, 0xD039, 0xD03A, 0xD03B,
    0xD03C, 0xD03D, 0xD03E, 0xD03F, 0xD040, 0xD041, 0xD042, 0xD043, 0xD044, 0xD045, 0xD046, 0xD047, 0xD048, 0xD049, 0xD04A, 0xD04B,
    0xD04C, 0xD04D, 0xD04E, 0xD04F, 0xD050, 0xD051, 0xD052, 0xD053, 0xD054, 0xD055, 0xD056, 0xD057, 0xD058, 0xD059, 0xD05A, 0xD05B,
    0xD05C, 0xD05D, 0xD05E, 0xD05F, 0xD060, 0xD061, 0xD062, 0xD063, 0xD064, 0xD065, 0xD066, 0xD067, 0xD068, 0xD069, 0xD06A, 0xD06B,
    0xD06C, 0xD06D, 0xD06E, 0xD06F, 0xD070, 0xD071, 0xD072, 0xD073, 0xD074, 0xD075, 0xD076, 0xD077, 0xD078, 0xD079, 0xD07A, 0xD07B,
    0xD07C, 0xD07D, 0xD07E, 0xD07F, 0xD080, 0xD081, 0xD082, 0xD083, 0xD084, 0xD085, 0xD086, 0xD087, 0xD088, 0xD089, 0xD08A, 0xD08B,
    0xD08C, 0xD08D, 0xD08E, 0xD08F, 0xD090, 0xD091, 0xD092, 0xD093, 0xD094, 0xD095, 0xD096, 0xD097, 0xD098, 0xD099, 0xD09A, 0xD09B,
    0xD09C, 0xD09D, 0xD09E, 0xD09F, 0xD0A0, 0xD0A1, 0xD0A2, 0xD0A3, 0xD0A4, 0xD0A5, 0xD0A6, 0xD0A7, 0xD0A8, 0xD0A9, 0xD0AA, 0xD0AB,
    0xD0AC, 0xD0AD, 0xD0AE, 0xD0AF, 0xD0B0, 0xD0B1, 0xD0B2, 0xD0B3, 0xD0B4, 0xD0B5, 0xD0B6, 0xD0B7, 0xD0B8, 0xD0B9, 0xD0BA, 0xD0BB,
    0xD0BC, 0xD0BD, 0xD0BE, 0xD0BF, 0xD0C0, 0xD0C1, 0xD0C2, 0xD0C3, 0xD0C4, 0xD0C5, 0xD0C6, 0xD0C7, 0xD0C8, 0xD0C9, 0xD0CA, 0xD0CB,
    0xD0CC, 0xD0CD, 0xD0CE, 0xD0CF, 0xD0D0, 0xD0D1, 0xD0D2, 0xD0D3, 0xD0D4, 0xD0D5, 0xD0D6, 0xD0D7, 0xD0D8, 0xD0D9, 0xD0DA, 0xD0DB,
    0xD0DC, 0xD0DD, 0xD0DE, 0xD0DF, 0xD0E0, 0xD0E1, 0xD0E2, 0xD0E3, 0xD0E4, 0xD0E5, 0xD0E6, 0xD0E7, 0xD0E8, 0xD0E9, 0xD0EA, 0xD0EB,
    0xD0EC, 0xD0ED, 0xD0EE, 0xD0EF, 0xD0F0, 0xD0F1, 0xD0F2, 0xD0F3, 0xD0F4, 0xD0F5, 0xD0F6, 0xD0F7, 0xD0F8, 0xD0F9, 0xD0FA, 0xD0FB,
    0xD0FC, 0xD0FD, 0xD0FE, 0xD0FF, 0xD100, 0xD101, 0xD102, 0xD103, 0xD104, 0xD105, 0xD106, 0xD107, 0xD108, 0xD109, 0xD10A, 0xD10B,
    0xD10C, 0xD10D, 0xD10E, 0xD10F, 0xD110, 0xD111, 0xD112, 0xD113, 0xD114, 0xD115, 0xD116, 0xD117, 0xD118, 0xD119, 0xD11A, 0xD11B,
    0xD11C, 0xD11D, 0xD11E, 0xD11F, 0xD120, 0xD121, 0xD122, 0xD123, 0xD124, 0xD125, 0xD126, 0xD127, 0xD128, 0xD129, 0xD12A, 0xD12B,
    0xD12C, 0xD12D, 0xD12E, 0xD12F, 0xD130, 0xD131, 0xD132, 0xD133, 0xD134, 0xD135, 0xD136, 0xD137, 0xD138, 0xD139, 0xD13A, 0xD13B,
    0xD13C, 0xD13D, 0xD13E, 0xD13F, 0xD140, 0xD141, 0xD142, 0xD143, 0xD144, 0xD145, 0xD146, 0xD147, 0xD148, 0xD149, 0xD14A, 0xD14B,
    0xD14C, 0xD14D, 0xD14E, 0xD14F, 0xD150, 0xD151, 0xD152, 0xD153, 0xD154, 0xD155, 0xD156, 0xD157, 0xD158, 0xD159, 0xD15A, 0xD15B,
    0xD15C, 0xD15D, 0xD15E, 0xD15F, 0xD160, 0xD161, 0xD162, 0xD163, 0xD164, 0xD165, 0xD166, 0xD167, 0xD168, 0xD169, 0xD16A, 0xD16B,
    0xD16C, 0xD16D, 0xD16E, 0xD16F, 0xD170, 0xD171, 0xD172, 0xD173, 0xD174, 0xD175, 0xD176, 0xD177, 0xD178, 0xD179, 0xD17A, 0xD17B,
    0xD17C, 0xD17D, 0xD17E, 0xD17F, 0xD180, 0xD181, 0xD182, 0xD183, 0xD184, 0xD185, 0xD186, 0xD187, 0xD188, 0xD189, 0xD18A, 0xD18B,
    0xD18C, 0xD18D, 0xD18E, 0xD18F, 0xD190, 0xD191, 0xD192, 0xD193, 0xD194, 0xD195, 0xD196, 0xD197, 0xD198, 0xD199, 0xD19A, 0xD19B,
    0xD19C, 0xD19D, 0xD19E, 0xD19F, 0xD1A0, 0xD1A1, 0xD1A2, 0xD1A3, 0xD1A4, 0xD1A5, 0xD1A6, 0xD1A7, 0xD1A8, 0xD1A9, 0xD1AA, 0xD1AB,
    0xD1AC, 0xD1AD, 0xD1AE, 0xD1AF, 0xD1B0, 0xD1B1, 0xD1B2, 0xD1B3, 0xD1B4, 0xD1B5, 0xD1B6, 0xD1B7, 0xD1B8, 0xD1B9, 0xD1BA, 0xD1BB,
    0xD1BC, 0xD1BD, 0xD1BE, 0xD1BF, 0xD1C0, 0xD1C1, 0xD1C2, 0xD1C3, 0xD1C4, 0xD1C5, 0xD1C6, 0xD1C7, 0xD1C8, 0xD1C9, 0xD1CA, 0xD1CB,
    0xD1CC, 0xD1CD, 0xD1CE, 0xD1CF, 0xD1D0, 0xD1D1, 0xD1D2, 0xD1D3, 0xD1D4, 0xD1D5, 0xD1D6, 0xD1D7, 0xD1D8, 0xD1D9, 0xD1DA, 0xD1DB,
    0xD1DC, 0xD1DD, 0xD1DE, 0xD1DF, 0xD1E0, 0xD1E1, 0xD1E2, 0xD1E3, 0xD1E4, 0xD1E5, 0xD1E6, 0xD1E7, 0xD1E8, 0xD1E9, 0xD1EA, 0xD1EB,
    0xD1EC, 0xD1ED, 0xD1EE, 0xD1EF, 0xD1F0, 0xD1F1, 0xD1F2, 0xD1F3, 0xD1F4, 0xD1F5, 0xD1F6, 0xD1F7, 0xD1F8, 0xD1F9, 0xD1FA, 0xD1FB,
    0xD1FC, 0xD1FD, 0xD1FE, 0xD1FF, 0xD200, 0xD201, 0xD202, 0xD203, 0xD204, 0xD205, 0xD206, 0xD207, 0xD208, 0xD209, 0xD20A, 0xD20B,
    0xD20C, 0xD20D, 0xD20E, 0xD20F, 0xD210, 0xD211, 0xD212, 0xD213, 0xD214, 0xD215, 0xD216, 0xD217, 0xD218, 0xD219, 0xD21A, 0xD21B,
    0xD21C, 0xD21D, 0xD21E, 0xD21F, 0xD220, 0xD221, 0xD222, 0xD223, 0xD224, 0xD225, 0xD226, 0xD227, 0xD228, 0xD229, 0xD22A, 0xD22B,
    0xD22C, 0xD22D, 0xD22E, 0xD22F, 0xD230, 0xD231, 0xD232, 0xD233, 0xD234, 0xD235, 0xD236, 0xD237, 0xD238, 0xD239, 0xD23A, 0xD23B,
    0xD23C, 0xD23D, 0xD23E, 0xD23F, 0xD240, 0xD241, 0xD242, 0xD243, 0xD244, 0xD245, 0xD246, 0xD247, 0xD248, 0xD249, 0xD24A, 0xD24B,
    0xD24C, 0xD24D, 0xD24E, 0xD24F, 0xD250, 0xD251, 0xD252, 0xD253, 0xD254, 0xD255, 0xD256, 0xD257, 0xD258, 0xD259, 0xD25A, 0xD25B,
    0xD25C, 0xD25D, 0xD25E, 0xD25F, 0xD260, 0xD261, 0xD262, 0xD263, 0xD264, 0xD265, 0xD266, 0xD267, 0xD268, 0xD269, 0xD26A, 0xD26B,
    0xD26C, 0xD26D, 0xD26E, 0xD26F, 0xD270, 0xD271, 0xD272, 0xD273, 0xD274, 0xD275, 0xD276, 0xD277, 0xD278, 0xD279, 0xD27A, 0xD27B,
    0xD27C, 0xD27D, 0xD27E, 0xD27F, 0xD280, 0xD281, 0xD282, 0xD283, 0xD284, 0xD285, 0xD286, 0xD287, 0xD288, 0xD289, 0xD28A, 0xD28B,
    0xD28C, 0xD28D, 0xD28E, 0xD28F, 0xD290, 0xD291, 0xD292, 0xD293, 0xD294, 0xD295, 0xD296, 0xD297, 0xD298, 0xD299, 0xD29A, 0xD29B,
    0xD29C, 0xD29D, 0xD29E, 0xD29F, 0xD2A0, 0xD2A1, 0xD2A2, 0xD2A3, 0xD2A4, 0xD2A5, 0xD2A6, 0xD2A7, 0xD2A8, 0xD2A9, 0xD2AA, 0xD2AB,
    0xD2AC, 0xD2AD, 0xD2AE, 0xD2AF, 0xD2B0, 0xD2B1, 0xD2B2, 0xD2B3, 0xD2B4, 0xD2B5, 0xD2B6, 0xD2B7, 0xD2B8, 0xD2B9, 0xD2BA, 0xD2BB,
    0xD2BC, 0xD2BD, 0xD2BE, 0xD2BF, 0xD2C0, 0xD2C1, 0xD2C2, 0xD2C3, 0xD2C4, 0xD2C5, 0xD2C6, 0xD2C7, 0xD2C8, 0xD2C9, 0xD2CA, 0xD2CB,
    0xD2CC, 0xD2CD, 0xD2CE, 0xD2CF, 0xD2D0, 0xD2D1, 0xD2D2, 0xD2D3, 0xD2D4, 0xD2D5, 0xD2D6, 0xD2D7, 0xD2D8, 0xD2D9, 0xD2DA, 0xD2DB,
    0xD2DC, 0xD2DD, 0xD2DE, 0xD2DF, 0xD2E0, 0xD2E1, 0xD2E2, 0xD2E3, 0xD2E4, 0xD2E5, 0xD2E6, 0xD2E7, 0xD2E8, 0xD2E9, 0xD2EA, 0xD2EB,
    0xD2EC, 0xD2ED, 0xD2EE, 0xD2EF, 0xD2F0, 0xD2F1, 0xD2F2, 0xD2F3, 0xD2F4, 0xD2F5, 0xD2F6, 0xD2F7, 0xD2F8, 0xD2F9, 0xD2FA, 0xD2FB,
    0xD2FC, 0xD2FD, 0xD2FE, 0xD2FF, 0xD300, 0xD301, 0xD302, 0xD303, 0xD304, 0xD305, 0xD306, 0xD307, 0xD308, 0xD309, 0xD30A, 0xD30B,
    0xD30C, 0xD30D, 0xD30E, 0xD30F, 0xD310, 0xD311, 0xD312, 0xD313, 0xD314, 0xD315, 0xD316, 0xD317, 0xD318, 0xD319, 0xD31A, 0xD31B,
    0xD31C, 0xD31D, 0xD31E, 0xD31F, 0xD320, 0xD321, 0xD322, 0xD323, 0xD324, 0xD325, 0xD326, 0xD327, 0xD328, 0xD329, 0xD32A, 0xD32B,
    0xD32C, 0xD32D, 0xD32E, 0xD32F, 0xD330, 0xD331, 0xD332, 0xD333, 0xD334, 0xD335, 0xD336, 0xD337, 0xD338, 0xD339, 0xD33A, 0xD33B,
    0xD33C, 0xD33D, 0xD33E, 0xD33F, 0xD340, 0xD341, 0xD342, 0xD343, 0xD344, 0xD345, 0xD346, 0xD347, 0xD348, 0xD349, 0xD34A, 0xD34B,
    0xD34C, 0xD34D, 0xD34E, 0xD34F, 0xD350, 0xD351, 0xD352, 0xD353, 0xD354, 0xD355, 0xD356, 0xD357, 0xD358, 0xD359, 0xD35A, 0xD35B,
    0xD35C, 0xD35D, 0xD35E, 0xD35F, 0xD360, 0xD361, 0xD362, 0xD363, 0xD364, 0xD365, 0xD366, 0xD367, 0xD368, 0xD369, 0xD36A, 0xD36B,
    0xD36C, 0xD36D, 0xD36E, 0xD36F, 0xD370, 0xD371, 0xD372, 0xD373, 0xD374, 0xD375, 0xD376, 0xD377, 0xD378, 0xD379, 0xD37A, 0xD37B,
    0xD37C, 0xD37D, 0xD37E, 0xD37F, 0xD380, 0xD381, 0xD382, 0xD383, 0xD384, 0xD385, 0xD386, 0xD387, 0xD388, 0xD389, 0xD38A, 0xD38B,
    0xD38C, 0xD38D, 0xD38E, 0xD38F, 0xD390, 0xD391, 0xD392, 0xD393, 0xD394, 0xD395, 0xD396, 0xD397, 0xD398, 0xD399, 0xD39A, 0xD39B,
    0xD39C, 0xD39D, 0xD39E, 0xD39F, 0xD3A0, 0xD3A1, 0xD3A2, 0xD3A3, 0xD3A4, 0xD3A5, 0xD3A6, 0xD3A7, 0xD3A8, 0xD3A9, 0xD3AA, 0xD3AB,
    0xD3AC, 0xD3AD, 0xD3AE, 0xD3AF, 0xD3B0, 0xD3B1, 0xD3B2, 0xD3B3, 0xD3B4, 0xD3B5, 0xD3B6, 0xD3B7, 0xD3B8, 0xD3B9, 0xD3BA, 0xD3BB,
    0xD3BC, 0xD3BD, 0xD3BE, 0xD3BF, 0xD3C0, 0xD3C1, 0xD3C2, 0xD3C3, 0xD3C4, 0xD3C5, 0xD3C6, 0xD3C7, 0xD3C8, 0xD3C9, 0xD3CA, 0xD3CB,
    0xD3CC, 0xD3CD, 0xD3CE, 0xD3CF, 0xD3D0, 0xD3D1, 0xD3D2, 0xD3D3, 0xD3D4, 0xD3D5, 0xD3D6, 0xD3D7, 0xD3D8, 0xD3D9, 0xD3DA, 0xD3DB,
    0xD3DC, 0xD3DD, 0xD3DE, 0xD3DF, 0xD3E0, 0xD3E1, 0xD3E2, 0xD3E3, 0xD3E4, 0xD3E5, 0xD3E6, 0xD3E7, 0xD3E8, 0xD3E9, 0xD3EA, 0xD3EB,
    0xD3EC, 0xD3ED, 0xD3EE, 0xD3EF, 0xD3F0, 0xD3F1, 0xD3F2, 0xD3F3, 0xD3F4, 0xD3F5, 0xD3F6, 0xD3F7, 0xD3F8, 0xD3F9, 0xD3FA, 0xD3FB,
    0xD3FC, 0xD3FD, 0xD3FE, 0xD3FF, 0xD400, 0xD401, 0xD402, 0xD403, 0xD404, 0xD405, 0xD406, 0xD407, 0xD408, 0xD409, 0xD40A, 0xD40B,
    0xD40C, 0xD40D, 0xD40E, 0xD40F, 0xD410, 0xD411, 0xD412, 0xD413, 0xD414, 0xD415, 0xD416, 0xD417, 0xD418, 0xD419, 0xD41A, 0xD41B,
    0xD41C, 0xD41D, 0xD41E, 0xD41F, 0xD420, 0xD421, 0xD422, 0xD423, 0xD424, 0xD425, 0xD426, 0xD427, 0xD428, 0xD429, 0xD42A, 0xD42B,
    0xD42C, 0xD42D, 0xD42E, 0xD42F, 0xD430, 0xD431, 0xD432, 0xD433, 0xD434, 0xD435, 0xD436, 0xD437, 0xD438, 0xD439, 0xD43A, 0xD43B,
    0xD43C, 0xD43D, 0xD43E, 0xD43F, 0xD440, 0xD441, 0xD442, 0xD443, 0xD444, 0xD445, 0xD446, 0xD447, 0xD448, 0xD449, 0xD44A, 0xD44B,
    0xD44C, 0xD44D, 0xD44E, 0xD44F, 0xD450, 0xD451, 0xD452, 0xD453, 0xD454, 0xD455, 0xD456, 0xD457, 0xD458, 0xD459, 0xD45A, 0xD45B,
    0xD45C, 0xD45D, 0xD45E, 0xD45F, 0xD460, 0xD461, 0xD462, 0xD463, 0xD464, 0xD465, 0xD466, 0xD467, 0xD468, 0xD469, 0xD46A, 0xD46B,
    0xD46C, 0xD46D, 0xD46E, 0xD46F, 0xD470, 0xD471, 0xD472, 0xD473, 0xD474, 0xD475, 0xD476, 0xD477, 0xD478, 0xD479, 0xD47A, 0xD47B,
    0xD47C, 0xD47D, 0xD47E, 0xD47F, 0xD480, 0xD481, 0xD482, 0xD483, 0xD484, 0xD485, 0xD486, 0xD487, 0xD488, 0xD489, 0xD48A, 0xD48B,
    0xD48C, 0xD48D, 0xD48E, 0xD48F, 0xD490, 0xD491, 0xD492, 0xD493, 0xD494, 0xD495, 0xD496, 0xD497, 0xD498, 0xD499, 0xD49A, 0xD49B,
    0xD49C, 0xD49D, 0xD49E, 0xD49F, 0xD4A0, 0xD4A1, 0xD4A2, 0xD4A3, 0xD4A4, 0xD4A5, 0xD4A6, 0xD4A7, 0xD4A8, 0xD4A9, 0xD4AA, 0xD4AB,
    0xD4AC, 0xD4AD, 0xD4AE, 0xD4AF, 0xD4B0, 0xD4B1, 0xD4B2, 0xD4B3, 0xD4B4, 0xD4B5, 0xD4B6, 0xD4B7, 0xD4B8, 0xD4B9, 0xD4BA, 0xD4BB,
    0xD4BC, 0xD4BD, 0xD4BE, 0xD4BF, 0xD4C0, 0xD4C1, 0xD4C2, 0xD4C3, 0xD4C4, 0xD4C5, 0xD4C6, 0xD4C7, 0xD4C8, 0xD4C9, 0xD4CA, 0xD4CB,
    0xD4CC, 0xD4CD, 0xD4CE, 0xD4CF, 0xD4D0, 0xD4D1, 0xD4D2, 0xD4D3, 0xD4D4, 0xD4D5, 0xD4D6, 0xD4D7, 0xD4D8, 0xD4D9, 0xD4DA, 0xD4DB,
    0xD4DC, 0xD4DD, 0xD4DE, 0xD4DF, 0xD4E0, 0xD4E1, 0xD4E2, 0xD4E3, 0xD4E4, 0xD4E5, 0xD4E6, 0xD4E7, 0xD4E8, 0xD4E9, 0xD4EA, 0xD4EB,
    0xD4EC, 0xD4ED, 0xD4EE, 0xD4EF, 0xD4F0, 0xD4F1, 0xD4F2, 0xD4F3, 0xD4F4, 0xD4F5, 0xD4F6, 0xD4F7, 0xD4F8, 0xD4F9, 0xD4FA, 0xD4FB,
    0xD4FC, 0xD4FD, 0xD4FE, 0xD4FF, 0xD500, 0xD501, 0xD502, 0xD503, 0xD504, 0xD505, 0xD506, 0xD507, 0xD508, 0xD509, 0xD50A, 0xD50B,
    0xD50C, 0xD50D, 0xD50E, 0xD50F, 0xD510, 0xD511, 0xD512, 0xD513, 0xD514, 0xD515, 0xD516, 0xD517, 0xD518, 0xD519, 0xD51A, 0xD51B,
    0xD51C, 0xD51D, 0xD51E, 0xD51F, 0xD520, 0xD521, 0xD522, 0xD523, 0xD524, 0xD525, 0xD526, 0xD527, 0xD528, 0xD529, 0xD52A, 0xD52B,
    0xD52C, 0xD52D, 0xD52E, 0xD52F, 0xD530, 0xD531, 0xD532, 0xD533, 0xD534, 0xD535, 0xD536, 0xD537, 0xD538, 0xD539, 0xD53A, 0xD53B,
    0xD53C, 0xD53D, 0xD53E, 0xD53F, 0xD540, 0xD541, 0xD542, 0xD543, 0xD544, 0xD545, 0xD546, 0xD547, 0xD548, 0xD549, 0xD54A, 0xD54B,
    0xD54C, 0xD54D, 0xD54E, 0xD54F, 0xD550, 0xD551, 0xD552, 0xD553, 0xD554, 0xD555, 0xD556, 0xD557, 0xD558, 0xD559, 0xD55A, 0xD55B,
    0xD55C, 0xD55D, 0xD55E, 0xD55F, 0xD560, 0xD561, 0xD562, 0xD563, 0xD564, 0xD565, 0xD566, 0xD567, 0xD568, 0xD569, 0xD56A, 0xD56B,
    0xD56C, 0xD56D, 0xD56E, 0xD56F, 0xD570, 0xD571, 0xD572, 0xD573, 0xD574, 0xD575, 0xD576, 0xD577, 0xD578, 0xD579, 0xD57A, 0xD57B,
    0xD57C, 0xD57D, 0xD57E, 0xD57F, 0xD580, 0xD581, 0xD582, 0xD583, 0xD584, 0xD585, 0xD586, 0xD587, 0xD588, 0xD589, 0xD58A, 0xD58B,
    0xD58C, 0xD58D, 0xD58E, 0xD58F, 0xD590, 0xD591, 0xD592, 0xD593, 0xD594, 0xD595, 0xD596, 0xD597, 0xD598, 0xD599, 0xD59A, 0xD59B,
    0xD59C, 0xD59D, 0xD59E, 0xD59F, 0xD5A0, 0xD5A1, 0xD5A2, 0xD5A3, 0xD5A4, 0xD5A5, 0xD5A6, 0xD5A7, 0xD5A8, 0xD5A9, 0xD5AA, 0xD5AB,
    0xD5AC, 0xD5AD, 0xD5AE, 0xD5AF, 0xD5B0, 0xD5B1, 0xD5B2, 0xD5B3, 0xD5B4, 0xD5B5, 0xD5B6, 0xD5B7, 0xD5B8, 0xD5B9, 0xD5BA, 0xD5BB,
    0xD5BC, 0xD5BD, 0xD5BE, 0xD5BF, 0xD5C0, 0xD5C1, 0xD5C2, 0xD5C3, 0xD5C4, 0xD5C5, 0xD5C6, 0xD5C7, 0xD5C8, 0xD5C9, 0xD5CA, 0xD5CB,
    0xD5CC, 0xD5CD, 0xD5CE, 0xD5CF, 0xD5D0, 0xD5D1, 0xD5D2, 0xD5D3, 0xD5D4, 0xD5D5, 0xD5D6, 0xD5D7, 0xD5D8, 0xD5D9, 0xD5DA, 0xD5DB,
    0xD5DC, 0xD5DD, 0xD5DE, 0xD5DF, 0xD5E0, 0xD5E1, 0xD5E2, 0xD5E3, 0xD5E4, 0xD5E5, 0xD5E6, 0xD5E7, 0xD5E8, 0xD5E9, 0xD5EA, 0xD5EB,
    0xD5EC, 0xD5ED, 0xD5EE, 0xD5EF, 0xD5F0, 0xD5F1, 0xD5F2, 0xD5F3, 0xD5F4, 0xD5F5, 0xD5F6, 0xD5F7, 0xD5F8, 0xD5F9, 0xD5FA, 0xD5FB,
    0xD5FC, 0xD5FD, 0xD5FE, 0xD5FF, 0xD600, 0xD601, 0xD602, 0xD603, 0xD604, 0xD605, 0xD606, 0xD607, 0xD608, 0xD609, 0xD60A, 0xD60B,
    0xD60C, 0xD60D, 0xD60E, 0xD60F, 0xD610, 0xD611, 0xD612, 0xD613, 0xD614, 0xD615, 0xD616, 0xD617, 0xD618, 0xD619, 0xD61A, 0xD61B,
    0xD61C, 0xD61D, 0xD61E, 0xD61F, 0xD620, 0xD621, 0xD622, 0xD623, 0xD624, 0xD625, 0xD626, 0xD627, 0xD628, 0xD629, 0xD62A, 0xD62B,
    0xD62C, 0xD62D, 0xD62E, 0xD62F, 0xD630, 0xD631, 0xD632, 0xD633, 0xD634, 0xD635, 0xD636, 0xD637, 0xD638, 0xD639, 0xD63A, 0xD63B,
    0xD63C, 0xD63D, 0xD63E, 0xD63F, 0xD640, 0xD641, 0xD642, 0xD643, 0xD644, 0xD645, 0xD646, 0xD647, 0xD648, 0xD649, 0xD64A, 0xD64B,
    0xD64C, 0xD64D, 0xD64E, 0xD64F, 0xD650, 0xD651, 0xD652, 0xD653, 0xD654, 0xD655, 0xD656, 0xD657, 0xD658, 0xD659, 0xD65A, 0xD65B,
    0xD65C, 0xD65D, 0xD65E, 0xD65F, 0xD660, 0xD661, 0xD662, 0xD663, 0xD664, 0xD665, 0xD666, 0xD667, 0xD668, 0xD669, 0xD66A, 0xD66B,
    0xD66C, 0xD66D, 0xD66E, 0xD66F, 0xD670, 0xD671, 0xD672, 0xD673, 0xD674, 0xD675, 0xD676, 0xD677, 0xD678, 0xD679, 0xD67A, 0xD67B,
    0xD67C, 0xD67D, 0xD67E, 0xD67F, 0xD680, 0xD681, 0xD682, 0xD683, 0xD684, 0xD685, 0xD686, 0xD687, 0xD688, 0xD689, 0xD68A, 0xD68B,
    0xD68C, 0xD68D, 0xD68E, 0xD68F, 0xD690, 0xD691, 0xD692, 0xD693, 0xD694, 0xD695, 0xD696, 0xD697, 0xD698, 0xD699, 0xD69A, 0xD69B,
    0xD69C, 0xD69D, 0xD69E, 0xD69F, 0xD6A0, 0xD6A1, 0xD6A2, 0xD6A3, 0xD6A4, 0xD6A5, 0xD6A6, 0xD6A7, 0xD6A8, 0xD6A9, 0xD6AA, 0xD6AB,
    0xD6AC, 0xD6AD, 0xD6AE, 0xD6AF, 0xD6B0, 0xD6B1, 0xD6B2, 0xD6B3, 0xD6B4, 0xD6B5, 0xD6B6, 0xD6B7, 0xD6B8, 0xD6B9, 0xD6BA, 0xD6BB,
    0xD6BC, 0xD6BD, 0xD6BE, 0xD6BF, 0xD6C0, 0xD6C1, 0xD6C2, 0xD6C3, 0xD6C4, 0xD6C5, 0xD6C6, 0xD6C7, 0xD6C8, 0xD6C9, 0xD6CA, 0xD6CB,
    0xD6CC, 0xD6CD, 0xD6CE, 0xD6CF, 0xD6D0, 0xD6D1, 0xD6D2, 0xD6D3, 0xD6D4, 0xD6D5, 0xD6D6, 0xD6D7, 0xD6D8, 0xD6D9, 0xD6DA, 0xD6DB,
    0xD6DC, 0xD6DD, 0xD6DE, 0xD6DF, 0xD6E0, 0xD6E1, 0xD6E2, 0xD6E3, 0xD6E4, 0xD6E5, 0xD6E6, 0xD6E7, 0xD6E8, 0xD6E9, 0xD6EA, 0xD6EB,
    0xD6EC, 0xD6ED, 0xD6EE, 0xD6EF, 0xD6F0, 0xD6F1, 0xD6F2, 0xD6F3, 0xD6F4, 0xD6F5, 0xD6F6, 0xD6F7, 0xD6F8, 0xD6F9, 0xD6FA, 0xD6FB,
    0xD6FC, 0xD6FD, 0xD6FE, 0xD6FF, 0xD700, 0xD701, 0xD702, 0xD703, 0xD704, 0xD705, 0xD706, 0xD707, 0xD708, 0xD709, 0xD70A, 0xD70B,
    0xD70C, 0xD70D, 0xD70E, 0xD70F, 0xD710, 0xD711, 0xD712, 0xD713, 0xD714, 0xD715, 0xD716, 0xD717, 0xD718, 0xD719, 0xD71A, 0xD71B,
    0xD71C, 0xD71D, 0xD71E, 0xD71F, 0xD720, 0xD721, 0xD722, 0xD723, 0xD724, 0xD725, 0xD726, 0xD727, 0xD728, 0xD729, 0xD72A, 0xD72B,
    0xD72C, 0xD72D, 0xD72E, 0xD72F, 0xD730, 0xD731, 0xD732, 0xD733, 0xD734, 0xD735, 0xD736, 0xD737, 0xD738, 0xD739, 0xD73A, 0xD73B,
    0xD73C, 0xD73D, 0xD73E, 0xD73F, 0xD740, 0xD741, 0xD742, 0xD743, 0xD744, 0xD745, 0xD746, 0xD747, 0xD748, 0xD749, 0xD74A, 0xD74B,
    0xD74C, 0xD74D, 0xD74E, 0xD74F, 0xD750, 0xD751, 0xD752, 0xD753, 0xD754, 0xD755, 0xD756, 0xD757, 0xD758, 0xD759, 0xD75A, 0xD75B,
    0xD75C, 0xD75D, 0xD75E, 0xD75F, 0xD760, 0xD761, 0xD762, 0xD763, 0xD764, 0xD765, 0xD766, 0xD767, 0xD768, 0xD769, 0xD76A, 0xD76B,
    0xD76C, 0xD76D, 0xD76E, 0xD76F, 0xD770, 0xD771, 0xD772, 0xD773, 0xD774, 0xD775, 0xD776, 0xD777, 0xD778, 0xD779, 0xD77A, 0xD77B,
    0xD77C, 0xD77D, 0xD77E, 0xD77F, 0xD780, 0xD781, 0xD782, 0xD783, 0xD784, 0xD785, 0xD786, 0xD787, 0xD788, 0xD789, 0xD78A, 0xD78B,
    0xD78C, 0xD78D, 0xD78E, 0xD78F, 0xD790, 0xD791, 0xD792, 0xD793, 0xD794, 0xD795, 0xD796, 0xD797, 0xD798, 0xD799, 0xD79A, 0xD79B,
    0xD79C, 0xD79D, 0xD79E, 0xD79F, 0xD7A0, 0xD7A1, 0xD7A2, 0xD7A3, 0xF900, 0xF901, 0xF902, 0xF903, 0xF904, 0xF905, 0xF906, 0xF907,
    0xF908, 0xF909, 0xF90A, 0xF90B, 0xF90C, 0xF90D, 0xF90E, 0xF90F, 0xF910, 0xF911, 0xF912, 0xF913, 0xF914, 0xF915, 0xF916, 0xF917,
    0xF918, 0xF919, 0xF91A, 0xF91B, 0xF91C, 0xF91D, 0xF91E, 0xF91F, 0xF920, 0xF921, 0xF922, 0xF923, 0xF924, 0xF925, 0xF926, 0xF927,
    0xF928, 0xF929, 0xF92A, 0xF92B, 0xF92C, 0xF92D, 0xF92E, 0xF92F, 0xF930, 0xF931, 0xF932, 0xF933, 0xF934, 0xF935, 0xF936, 0xF937,
    0xF938, 0xF939, 0xF93A, 0xF93B, 0xF93C, 0xF93D, 0xF93E, 0xF93F, 0xF940, 0xF941, 0xF942, 0xF943, 0xF944, 0xF945, 0xF946, 0xF947,
    0xF948, 0xF949, 0xF94A, 0xF94B, 0xF94C, 0xF94D, 0xF94E, 0xF94F, 0xF950, 0xF951, 0xF952, 0xF953, 0xF954, 0xF955, 0xF956, 0xF957,
    0xF958, 0xF959, 0xF95A, 0xF95B, 0xF95C, 0xF95D, 0xF95E, 0xF95F, 0xF960, 0xF961, 0xF962, 0xF963, 0xF964, 0xF965, 0xF966, 0xF967,
    0xF968, 0xF969, 0xF96A, 0xF96B, 0xF96C, 0xF96D, 0xF96E, 0xF96F, 0xF970, 0xF971, 0xF972, 0xF973, 0xF974, 0xF975, 0xF976, 0xF977,
    0xF978, 0xF979, 0xF97A, 0xF97B, 0xF97C, 0xF97D, 0xF97E, 0xF97F, 0xF980, 0xF981, 0xF982, 0xF983, 0xF984, 0xF985, 0xF986, 0xF987,
    0xF988, 0xF989, 0xF98A, 0xF98B, 0xF98C, 0xF98D, 0xF98E, 0xF98F, 0xF990, 0xF991, 0xF992, 0xF993, 0xF994, 0xF995, 0xF996, 0xF997,
    0xF998, 0xF999, 0xF99A, 0xF99B, 0xF99C, 0xF99D, 0xF99E, 0xF99F, 0xF9A0, 0xF9A1, 0xF9A2, 0xF9A3, 0xF9A4, 0xF9A5, 0xF9A6, 0xF9A7,
    0xF9A8, 0xF9A9, 0xF9AA, 0xF9AB, 0xF9AC, 0xF9AD, 0xF9AE, 0xF9AF, 0xF9B0, 0xF9B1, 0xF9B2, 0xF9B3, 0xF9B4, 0xF9B5, 0xF9B6, 0xF9B7,
    0xF9B8, 0xF9B9, 0xF9BA, 0xF9BB, 0xF9BC, 0xF9BD, 0xF9BE, 0xF9BF, 0xF9C0, 0xF9C1, 0xF9C2, 0xF9C3, 0xF9C4, 0xF9C5, 0xF9C6, 0xF9C7,
    0xF9C8, 0xF9C9, 0xF9CA, 0xF9CB, 0xF9CC, 0xF9CD, 0xF9CE, 0xF9CF, 0xF9D0, 0xF9D1, 0xF9D2, 0xF9D3, 0xF9D4, 0xF9D5, 0xF9D6, 0xF9D7,
    0xF9D8, 0xF9D9, 0xF9DA, 0xF9DB, 0xF9DC, 0xF9DD, 0xF9DE, 0xF9DF, 0xF9E0, 0xF9E1, 0xF9E2, 0xF9E3, 0xF9E4, 0xF9E5, 0xF9E6, 0xF9E7,
    0xF9E8, 0xF9E9, 0xF9EA, 0xF9EB, 0xF9EC, 0xF9ED, 0xF9EE, 0xF9EF, 0xF9F0, 0xF9F1, 0xF9F2, 0xF9F3, 0xF9F4, 0xF9F5, 0xF9F6, 0xF9F7,
    0xF9F8, 0xF9F9, 0xF9FA, 0xF9FB, 0xF9FC, 0xF9FD, 0xF9FE, 0xF9FF, 0xFA00, 0xFA01, 0xFA02, 0xFA03, 0xFA04, 0xFA05, 0xFA06, 0xFA07,
    0xFA08, 0xFA09, 0xFA0A, 0xFA0B, 0xFF01, 0xFF02, 0xFF03, 0xFF04, 0xFF05, 0xFF06, 0xFF07, 0xFF08, 0xFF09, 0xFF0A, 0xFF0B, 0xFF0C,
    0xFF0D, 0xFF0E, 0xFF0F, 0xFF10, 0xFF11, 0xFF12, 0xFF13, 0xFF14, 0xFF15, 0xFF16, 0xFF17, 0xFF18, 0xFF19, 0xFF1A, 0xFF1B, 0xFF1C,
    0xFF1D, 0xFF1E, 0xFF1F, 0xFF20, 0xFF21, 0xFF22, 0xFF23, 0xFF24, 0xFF25, 0xFF26, 0xFF27, 0xFF28, 0xFF29, 0xFF2A, 0xFF2B, 0xFF2C,
    0xFF2D, 0xFF2E, 0xFF2F, 0xFF30, 0xFF31, 0xFF32, 0xFF33, 0xFF34, 0xFF35, 0xFF36, 0xFF37, 0xFF38, 0xFF39, 0xFF3A, 0xFF3B, 0xFF3C,
    0xFF3D, 0xFF3E, 0xFF3F, 0xFF40, 0xFF41, 0xFF42, 0xFF43, 0xFF44, 0xFF45, 0xFF46, 0xFF47, 0xFF48, 0xFF49, 0xFF4A, 0xFF4B, 0xFF4C,
    0xFF4D, 0xFF4E, 0xFF4F, 0xFF50, 0xFF51, 0xFF52, 0xFF53, 0xFF54, 0xFF55, 0xFF56, 0xFF57, 0xFF58, 0xFF59, 0xFF5A, 0xFF5B, 0xFF5C,
    0xFF5D, 0xFF5E, 0xFFE0, 0xFFE1, 0xFFE2, 0xFFE3, 0xFFE5, 0xFFE6,
];

#[rustfmt::skip]
pub static EUC_KR_ENCODE_POINTERS: [u16; 17048] = [
    0x18EB, 0x18F1, 0x1856, 0x1826, 0x1D54, 0x1828, 0x1924, 0x1845, 0x183D, 0x1E66, 0x1E67, 0x18E2, 0x190F, 0x1823, 0x18E9, 0x1E65,
    0x1D5D, 0x1DAA, 0x1DA7, 0x1DAB, 0x18EC, 0x1D52, 0x1D53, 0x183E, 0x1D5B, 0x1D5E, 0x1E1B, 0x1E10, 0x1E12, 0x183F, 0x1E19, 0x1E1C,
    0x1E11, 0x1D55, 0x1E13, 0x1E14, 0x1D57, 0x1E15, 0x1E16, 0x1D59, 0x1E17, 0x1D5A, 0x1E18, 0x1E1F, 0x1D60, 0x1E1E, 0x1D5C, 0x1E1A,
    0x1D5F, 0x1E1D, 0x18E4, 0x18ED, 0x18E5, 0x18E8, 0x18E7, 0x18EA, 0x18E6, 0x1B38, 0x1B39, 0x1B3A, 0x1B3B, 0x1B3C, 0x1B3D, 0x1B3E,
    0x1B3F, 0x1B40, 0x1B41, 0x1B42, 0x1B43, 0x1B44, 0x1B45, 0x1B46, 0x1B47, 0x1B48, 0x1B49, 0x1B4A, 0x1B4B, 0x1B4C, 0x1B4D, 0x1B4E,
    0x1B4F, 0x1B58, 0x1B59, 0x1B5A, 0x1B5B, 0x1B5C, 0x1B5D, 0x1B5E, 0x1B5F, 0x1B60, 0x1B61, 0x1B62, 0x1B63, 0x1B64, 0x1B65, 0x1B66,
    0x1B67, 0x1B68, 0x1B69, 0x1B6A, 0x1B6B, 0x1B6C, 0x1B6D, 0x1B6E, 0x1B6F, 0x2050, 0x204A, 0x204B, 0x204C, 0x204D, 0x204E, 0x204F,
    0x2051, 0x2052, 0x2053, 0x2054, 0x2055, 0x2056, 0x2057, 0x2058, 0x2059, 0x205A, 0x205B, 0x205C, 0x205D, 0x205E, 0x205F, 0x2060,
    0x2061, 0x2062, 0x2063, 0x2064, 0x2065, 0x2066, 0x2067, 0x2068, 0x2069, 0x206A, 0x207A, 0x207B, 0x207C, 0x207D, 0x207E, 0x207F,
    0x2081, 0x2082, 0x2083, 0x2084, 0x2085, 0x2086, 0x2087, 0x2088, 0x2089, 0x208A, 0x208B, 0x208C, 0x208D, 0x208E, 0x208F, 0x2090,
    0x2091, 0x2092, 0x2093, 0x2094, 0x2095, 0x2096, 0x2097, 0x2098, 0x2099, 0x209A, 0x2080, 0x1829, 0x182D, 0x182E, 0x182F, 0x1830,
    0x1910, 0x1911, 0x1824, 0x1825, 0x18F3, 0x1846, 0x1847, 0x1857, 0x1E68, 0x1E69, 0x1E6A, 0x1E6B, 0x1E6C, 0x1E6D, 0x1923, 0x1848,
    0x18F2, 0x1C97, 0x191D, 0x1922, 0x191F, 0x1CCC, 0x1849, 0x1DA8, 0x1DA9, 0x1DAC, 0x1DAD, 0x1DAE, 0x1DAF, 0x1B27, 0x1B28, 0x1B29,
    0x1B2A, 0x1B2B, 0x1B2C, 0x1B2D, 0x1B2E, 0x1B2F, 0x1B30, 0x1B18, 0x1B19, 0x1B1A, 0x1B1B, 0x1B1C, 0x1B1D, 0x1B1E, 0x1B1F, 0x1B20,
    0x1B21, 0x1866, 0x1867, 0x1865, 0x1868, 0x1869, 0x1912, 0x1915, 0x1913, 0x1916, 0x1914, 0x18DE, 0x18DF, 0x18E0, 0x1852, 0x18E1,
    0x1853, 0x1873, 0x1874, 0x18F0, 0x18EF, 0x186D, 0x186F, 0x1843, 0x184F, 0x182A, 0x187B, 0x187C, 0x187A, 0x1879, 0x1871, 0x1872,
    0x18EE, 0x1844, 0x1870, 0x182C, 0x186E, 0x1855, 0x1840, 0x1854, 0x1841, 0x1842, 0x186B, 0x186C, 0x1877, 0x1878, 0x1875, 0x1876,
    0x18FE, 0x1850, 0x1851, 0x1D98, 0x1D99, 0x1D9A, 0x1D9B, 0x1D9C, 0x1D9D, 0x1D9E, 0x1D9F, 0x1DA0, 0x1DA1, 0x1DA2, 0x1DA3, 0x1DA4,
    0x1DA5, 0x1DA6, 0x1E56, 0x1E57, 0x1E58, 0x1E59, 0x1E5A, 0x1E5B, 0x1E5C, 0x1E5D, 0x1E5E, 0x1E5F, 0x1E60, 0x1E61, 0x1E62, 0x1E63,
    0x1E64, 0x1E3C, 0x1E3D, 0x1E3E, 0x1E3F, 0x1E40, 0x1E41, 0x1E42, 0x1E43, 0x1E44, 0x1E45, 0x1E46, 0x1E47, 0x1E48, 0x1E49, 0x1E4A,
    0x1E4B, 0x1E4C, 0x1E4D, 0x1E4E, 0x1E4F, 0x1E50, 0x1E51, 0x1E52, 0x1E53, 0x1E54, 0x1E55, 0x1D7E, 0x1D7F, 0x1D80, 0x1D81, 0x1D82,
    0x1D83, 0x1D84, 0x1D85, 0x1D86, 0x1D87, 0x1D88, 0x1D89, 0x1D8A, 0x1D8B, 0x1D8C, 0x1D8D, 0x1D8E, 0x1D8F, 0x1D90, 0x1D91, 0x1D92,
    0x1D93, 0x1D94, 0x1D95, 0x1D96, 0x1D97, 0x1BD6, 0x1BE1, 0x1BD7, 0x1BE2, 0x1BD8, 0x1BFD, 0x1BFC, 0x1BE3, 0x1BD9, 0x1BF7, 0x1BF6,
    0x1BE4, 0x1BDB, 0x1BFB, 0x1BFA, 0x1BE6, 0x1BDA, 0x1BF9, 0x1BF8, 0x1BE5, 0x1BDC, 0x1BF1, 0x1BFE, 0x1BFF, 0x1BEC, 0x1C00, 0x1C01,
    0x1BE7, 0x1BDE, 0x1BF3, 0x1C02, 0x1C03, 0x1BEE, 0x1C04, 0x1C05, 0x1BE9, 0x1BDD, 0x1C06, 0x1C07, 0x1BED, 0x1BF2, 0x1C08, 0x1C09,
    0x1BE8, 0x1BDF, 0x1C0A, 0x1C0B, 0x1BEF, 0x1BF4, 0x1C0C, 0x1C0D, 0x1BEA, 0x1BE0, 0x1C0E, 0x1C0F, 0x1BF0, 0x1C10, 0x1C11, 0x1BF5,
    0x1C12, 0x1C13, 0x1C14, 0x1C15, 0x1C16, 0x1C17, 0x1C18, 0x1C19, 0x1BEB, 0x1903, 0x1860, 0x185F, 0x1900, 0x1904, 0x1905, 0x1908,
    0x1907, 0x1906, 0x1909, 0x1862, 0x1861, 0x18F7, 0x18F6, 0x1864, 0x1863, 0x18F5, 0x18F4, 0x185E, 0x185D, 0x18FF, 0x185A, 0x185C,
    0x185B, 0x1901, 0x1902, 0x1859, 0x1858, 0x190C, 0x190B, 0x190D, 0x190E, 0x184E, 0x184D, 0x18F9, 0x18FA, 0x18FD, 0x18F8, 0x18FB,
    0x18FC, 0x190A, 0x1918, 0x1919, 0x191A, 0x1917, 0x1820, 0x1821, 0x1822, 0x1827, 0x1833, 0x1834, 0x1835, 0x1836, 0x1837, 0x1838,
    0x1839, 0x183A, 0x183B, 0x183C, 0x186A, 0x1831, 0x1832, 0x1ECE, 0x1ECF, 0x1ED0, 0x1ED1, 0x1ED2, 0x1ED3, 0x1ED4, 0x1ED5, 0x1ED6,
    0x1ED7, 0x1ED8, 0x1ED9, 0x1EDA, 0x1EDB, 0x1EDC, 0x1EDD, 0x1EDE, 0x1EDF, 0x1EE0, 0x1EE1, 0x1EE2, 0x1EE3, 0x1EE4, 0x1EE5, 0x1EE6,
    0x1EE7, 0x1EE8, 0x1EE9, 0x1EEA, 0x1EEB, 0x1EEC, 0x1EED, 0x1EEE, 0x1EEF, 0x1EF0, 0x1EF1, 0x1EF2, 0x1EF3, 0x1EF4, 0x1EF5, 0x1EF6,
    0x1EF7, 0x1EF8, 0x1EF9, 0x1EFA, 0x1EFB, 0x1EFC, 0x1EFD, 0x1EFE, 0x1EFF, 0x1F00, 0x1F01, 0x1F02, 0x1F03, 0x1F04, 0x1F05, 0x1F06,
    0x1F07, 0x1F08, 0x1F09, 0x1F0A, 0x1F0B, 0x1F0C, 0x1F0D, 0x1F0E, 0x1F0F, 0x1F10, 0x1F11, 0x1F12, 0x1F13, 0x1F14, 0x1F15, 0x1F16,
    0x1F17, 0x1F18, 0x1F19, 0x1F1A, 0x1F1B, 0x1F1C, 0x1F1D, 0x1F1E, 0x1F1F, 0x1F20, 0x1F8C, 0x1F8D, 0x1F8E, 0x1F8F, 0x1F90, 0x1F91,
    0x1F92, 0x1F93, 0x1F94, 0x1F95, 0x1F96, 0x1F97, 0x1F98, 0x1F99, 0x1F9A, 0x1F9B, 0x1F9C, 0x1F9D, 0x1F9E, 0x1F9F, 0x1FA0, 0x1FA1,
    0x1FA2, 0x1FA3, 0x1FA4, 0x1FA5, 0x1FA6, 0x1FA7, 0x1FA8, 0x1FA9, 0x1FAA, 0x1FAB, 0x1FAC, 0x1FAD, 0x1FAE, 0x1FAF, 0x1FB0, 0x1FB1,
    0x1FB2, 0x1FB3, 0x1FB4, 0x1FB5, 0x1FB6, 0x1FB7, 0x1FB8, 0x1FB9, 0x1FBA, 0x1FBB, 0x1FBC, 0x1FBD, 0x1FBE, 0x1FBF, 0x1FC0, 0x1FC1,
    0x1FC2, 0x1FC3, 0x1FC4, 0x1FC5, 0x1FC6, 0x1FC7, 0x1FC8, 0x1FC9, 0x1FCA, 0x1FCB, 0x1FCC, 0x1FCD, 0x1FCE, 0x1FCF, 0x1FD0, 0x1FD1,
    0x1FD2, 0x1FD3, 0x1FD4, 0x1FD5, 0x1FD6, 0x1FD7, 0x1FD8, 0x1FD9, 0x1FDA, 0x1FDB, 0x1FDC, 0x1FDD, 0x1FDE, 0x1FDF, 0x1FE0, 0x1FE1,
    0x1A5A, 0x1A5B, 0x1A5C, 0x1A5D, 0x1A5E, 0x1A5F, 0x1A60, 0x1A61, 0x1A62, 0x1A63, 0x1A64, 0x1A65, 0x1A66, 0x1A67, 0x1A68, 0x1A69,
    0x1A6A, 0x1A6B, 0x1A6C, 0x1A6D, 0x1A6E, 0x1A6F, 0x1A70, 0x1A71, 0x1A72, 0x1A73, 0x1A74, 0x1A75, 0x1A76, 0x1A77, 0x1A78, 0x1A79,
    0x1A7A, 0x1A7B, 0x1A7C, 0x1A7D, 0x1A7E, 0x1A7F, 0x1A80, 0x1A81, 0x1A82, 0x1A83, 0x1A84, 0x1A85, 0x1A86, 0x1A87, 0x1A88, 0x1A89,
    0x1A8A, 0x1A8B, 0x1A8C, 0x1A8D, 0x1A8E, 0x1A8F, 0x1A90, 0x1A91, 0x1A92, 0x1A93, 0x1A94, 0x1A95, 0x1A96, 0x1A97, 0x1A98, 0x1A99,
    0x1A9A, 0x1A9B, 0x1A9C, 0x1A9D, 0x1A9E, 0x1A9F, 0x1AA0, 0x1AA1, 0x1AA2, 0x1AA3, 0x1AA4, 0x1AA5, 0x1AA6, 0x1AA7, 0x1AA8, 0x1AA9,
    0x1AAA, 0x1AAB, 0x1AAC, 0x1AAD, 0x1AAE, 0x1AAF, 0x1AB0, 0x1AB1, 0x1AB2, 0x1AB3, 0x1AB4, 0x1AB5, 0x1AB6, 0x1AB7, 0x1E20, 0x1E21,
    0x1E22, 0x1E23, 0x1E24, 0x1E25, 0x1E26, 0x1E27, 0x1E28, 0x1E29, 0x1E2A, 0x1E2B, 0x1E2C, 0x1E2D, 0x1E2E, 0x1E2F, 0x1E30, 0x1E31,
    0x1E32, 0x1E33, 0x1E34, 0x1E35, 0x1E36, 0x1E37, 0x1E38, 0x1E39, 0x1E3A, 0x1E3B, 0x191C, 0x1D62, 0x1D63, 0x1D64, 0x1D65, 0x1D66,
    0x1D67, 0x1D68, 0x1D69, 0x1D6A, 0x1D6B, 0x1D6C, 0x1D6D, 0x1D6E, 0x1D6F, 0x1D70, 0x1D71, 0x1D72, 0x1D73, 0x1D74, 0x1D75, 0x1D76,
    0x1D77, 0x1D78, 0x1D79, 0x1D7A, 0x1D7B, 0x1D7C, 0x1D7D, 0x191B, 0x1CBC, 0x1CBD, 0x1CBE, 0x1CBF, 0x1CC0, 0x1CAD, 0x1CAE, 0x1CCF,
    0x1CD0, 0x1CD1, 0x1CA9, 0x1CAA, 0x1CAB, 0x1CC7, 0x1CC8, 0x1CC9, 0x1CCA, 0x1CCB, 0x1C94, 0x1C95, 0x1C96, 0x1C98, 0x1C9E, 0x1C9F,
    0x1CA0, 0x1CA1, 0x1CA2, 0x1CA3, 0x1CA4, 0x1CA5, 0x1CA6, 0x1CA7, 0x1C9A, 0x1C9B, 0x1C9C, 0x1C9D, 0x1CB0, 0x1CB1, 0x1CD8, 0x1CD9,
    0x1CDA, 0x1CDB, 0x1CD4, 0x1CD5, 0x1CD6, 0x1CB2, 0x1CB3, 0x1CB4, 0x1CB5, 0x1CB6, 0x1CB7, 0x1CB8, 0x1CB9, 0x1CBA, 0x1CBB, 0x1CC1,
    0x1CC2, 0x1CC3, 0x1CC4, 0x1CC5, 0x1CC6, 0x1CCD, 0x1CCE, 0x1920, 0x1CDF, 0x1C99, 0x1CD3, 0x1CE2, 0x191E, 0x1CAF, 0x1CE0, 0x1CA8,
    0x1CAC, 0x1CDD, 0x1CDE, 0x1CD2, 0x1921, 0x1CD7, 0x1CE1, 0x1CDC, 0x5012, 0x522E, 0x5767, 0x4103, 0x50C2, 0x4635, 0x4641, 0x598A,
    0x443D, 0x56BB, 0x5501, 0x44E7, 0x47A5, 0x39DD, 0x43F9, 0x4925, 0x53C8, 0x3921, 0x5BB8, 0x3D3C, 0x538A, 0x4C44, 0x3C89, 0x39DE,
    0x53DC, 0x4584, 0x5B05, 0x5988, 0x39B7, 0x4926, 0x4F4B, 0x39DF, 0x37A2, 0x4A9C, 0x36CE, 0x3E25, 0x4E8E, 0x442C, 0x4630, 0x3796,
    0x3EC6, 0x3FCA, 0x4AEF, 0x4585, 0x4FCC, 0x4DBC, 0x4E54, 0x4DE5, 0x5B06, 0x4C5C, 0x522F, 0x3B47, 0x4586, 0x49E5, 0x411D, 0x59C0,
    0x39C4, 0x5A31, 0x4B67, 0x5A88, 0x5A4A, 0x3831, 0x5230, 0x3EEC, 0x3D3D, 0x4FFA, 0x49E0, 0x4FFB, 0x5746, 0x39E0, 0x3B32, 0x376A,
    0x508B, 0x508F, 0x4587, 0x5777, 0x50C3, 0x443E, 0x46FA, 0x3E27, 0x55CE, 0x3D76, 0x3F8A, 0x4FCD, 0x4A1F, 0x53C9, 0x3797, 0x376B,
    0x501B, 0x3B4B, 0x59C1, 0x4FCE, 0x3B40, 0x4C5D, 0x3B4C, 0x441A, 0x4374, 0x5C93, 0x4362, 0x42AE, 0x3F8B, 0x495A, 0x4588, 0x4589,
    0x368E, 0x5191, 0x3D3E, 0x515C, 0x58E0, 0x4E75, 0x515D, 0x538B, 0x5384, 0x4DBD, 0x598B, 0x4AF0, 0x5013, 0x44DD, 0x50A9, 0x58B6,
    0x4AB1, 0x4363, 0x368F, 0x3BEC, 0x5192, 0x5014, 0x458A, 0x495B, 0x36B6, 0x5486, 0x3EE5, 0x574B, 0x39A7, 0x3F9C, 0x492F, 0x538C,
    0x4E8F, 0x4055, 0x5502, 0x3911, 0x4F59, 0x41C1, 0x5C6C, 0x576A, 0x3EF9, 0x58C6, 0x385E, 0x568C, 0x49E6, 0x4C5E, 0x53B4, 0x52DC,
    0x4DA4, 0x3832, 0x5A62, 0x47D3, 0x4069, 0x440A, 0x458B, 0x5A7C, 0x495C, 0x47F2, 0x443F, 0x39E1, 0x434F, 0x5902, 0x442D, 0x4AE6,
    0x43FA, 0x3EED, 0x5535, 0x376C, 0x434E, 0x4209, 0x3D89, 0x5A45, 0x5C6D, 0x4F5A, 0x55BF, 0x3833, 0x5503, 0x5536, 0x4332, 0x574C,
    0x3A89, 0x5313, 0x3785, 0x4C45, 0x4056, 0x5785, 0x4D0F, 0x4A9D, 0x4ADE, 0x3690, 0x3810, 0x4E76, 0x58C7, 0x5A32, 0x538D, 0x5231,
    0x3798, 0x5745, 0x5232, 0x4DBE, 0x5831, 0x39B8, 0x4440, 0x4333, 0x37A3, 0x4624, 0x44E8, 0x56A1, 0x4DA5, 0x4C5F, 0x5193, 0x554B,
    0x4642, 0x3834, 0x3B22, 0x55EB, 0x46FB, 0x4643, 0x39C5, 0x441B, 0x5CB1, 0x3FCB, 0x4E77, 0x4D1A, 0x4927, 0x552B, 0x3691, 0x4383,
    0x458C, 0x4F5B, 0x53B5, 0x4AD9, 0x3835, 0x37A6, 0x4E90, 0x4644, 0x3FC2, 0x4DBF, 0x515E, 0x3EFA, 0x3BF2, 0x4AE7, 0x4CE5, 0x4F2E,
    0x4E57, 0x5A89, 0x56CD, 0x52DD, 0x5C9B, 0x46FC, 0x39A8, 0x3B1B, 0x580D, 0x4144, 0x5820, 0x49E7, 0x3E38, 0x3B48, 0x5026, 0x3C8B,
    0x5194, 0x3EEE, 0x4E91, 0x58B3, 0x3912, 0x4052, 0x5AFC, 0x3913, 0x43FB, 0x3B4D, 0x39E2, 0x5195, 0x382B, 0x3B4E, 0x4AEE, 0x5557,
    0x5147, 0x41C2, 0x4145, 0x4DA6, 0x3993, 0x41B1, 0x4142, 0x3E28, 0x4A9E, 0x3EE9, 0x3F7E, 0x55BB, 0x53B6, 0x3EEF, 0x52DE, 0x4063,
    0x3E29, 0x4062, 0x4F55, 0x5CB2, 0x4378, 0x5BCE, 0x376D, 0x5C9C, 0x55E1, 0x4D1B, 0x56CA, 0x59AD, 0x3D8A, 0x4FFC, 0x44C9, 0x521A,
    0x4C47, 0x36B7, 0x420A, 0x5A8A, 0x3F7F, 0x5611, 0x584A, 0x43F5, 0x406A, 0x4625, 0x39A3, 0x3D8B, 0x52C5, 0x47EB, 0x3A8A, 0x5526,
    0x5090, 0x36AB, 0x5608, 0x5763, 0x45C0, 0x3B1C, 0x3ECE, 0x5196, 0x55C1, 0x4441, 0x3752, 0x429B, 0x4727, 0x508C, 0x5197, 0x4442,
    0x59AB, 0x5537, 0x5903, 0x5612, 0x5BFA, 0x3B1D, 0x4384, 0x4044, 0x37A7, 0x52C6, 0x37A8, 0x3F0B, 0x3914, 0x3692, 0x3F80, 0x3B23,
    0x52DF, 0x3C9A, 0x380D, 0x5A43, 0x3836, 0x42C7, 0x5764, 0x4DA7, 0x4146, 0x3837, 0x4060, 0x3E2A, 0x4DDC, 0x36D8, 0x41F1, 0x5C79,
    0x4928, 0x3FA1, 0x41C3, 0x47A6, 0x5178, 0x3B24, 0x5C7A, 0x3EFB, 0x3A8B, 0x50AA, 0x3B13, 0x39E3, 0x4275, 0x58E1, 0x5C9D, 0x58E2,
    0x58E3, 0x441C, 0x44E9, 0x5B44, 0x44C8, 0x4930, 0x50C4, 0x39A9, 0x374C, 0x44EA, 0x5BE6, 0x597E, 0x3CD8, 0x3A44, 0x49E1, 0x55CF,
    0x5027, 0x4929, 0x4C60, 0x5C88, 0x42AF, 0x4104, 0x44EB, 0x5310, 0x5786, 0x5A7D, 0x3C14, 0x429C, 0x441D, 0x43EF, 0x5222, 0x39B4,
    0x471A, 0x41E5, 0x4FFD, 0x4E78, 0x36AC, 0x3EC7, 0x3A8C, 0x53CC, 0x3838, 0x4A31, 0x4A26, 0x406B, 0x5C6E, 0x4E58, 0x5747, 0x3A93,
    0x598C, 0x4BA9, 0x3786, 0x552C, 0x4DC0, 0x5504, 0x3B41, 0x4DC1, 0x42B0, 0x488F, 0x5737, 0x47F3, 0x42B1, 0x4C48, 0x5696, 0x3A45,
    0x38D6, 0x3A46, 0x38D7, 0x53DD, 0x3B04, 0x47AE, 0x58B4, 0x3693, 0x580E, 0x5487, 0x458D, 0x4DC2, 0x458E, 0x5CA5, 0x36AD, 0x59B9,
    0x3BED, 0x5179, 0x3E2B, 0x41B2, 0x5C6F, 0x406C, 0x5821, 0x5A4B, 0x3A79, 0x4083, 0x4F4C, 0x58D6, 0x4443, 0x44CA, 0x59AE, 0x4C62,
    0x5CAC, 0x5738, 0x420B, 0x5C70, 0x4C61, 0x3EFC, 0x5233, 0x38D8, 0x57F5, 0x5391, 0x5390, 0x38D9, 0x4278, 0x3694, 0x495D, 0x5B07,
    0x41B3, 0x515F, 0x58E4, 0x5B45, 0x3A47, 0x4444, 0x5778, 0x5091, 0x543E, 0x39C6, 0x5A33, 0x59AF, 0x4FFF, 0x4A27, 0x5970, 0x5B3A,
    0x59BA, 0x5148, 0x4E59, 0x3695, 0x5613, 0x38FD, 0x5BFF, 0x55E2, 0x58E5, 0x58B7, 0x458F, 0x5463, 0x406D, 0x3D6B, 0x4116, 0x4E93,
    0x5538, 0x4A13, 0x5779, 0x5787, 0x4645, 0x420C, 0x385F, 0x3D55, 0x49E8, 0x59B0, 0x52C7, 0x377E, 0x46FD, 0x55E3, 0x3E53, 0x5C71,
    0x59B1, 0x55D0, 0x5C89, 0x5BB9, 0x5CB3, 0x36CF, 0x5C84, 0x4E94, 0x4646, 0x3BF1, 0x39C7, 0x3D3F, 0x5C72, 0x4663, 0x5464, 0x4C63,
    0x3B4F, 0x5505, 0x4590, 0x574D, 0x47F4, 0x5392, 0x57F6, 0x3696, 0x3A48, 0x4647, 0x47AF, 0x52E0, 0x5739, 0x4931, 0x5A53, 0x3B50,
    0x5CB4, 0x44CB, 0x5C00, 0x4B74, 0x4572, 0x5A4C, 0x4AE8, 0x50AB, 0x3C82, 0x5CB5, 0x568D, 0x47F5, 0x4591, 0x5BE7, 0x5000, 0x3904,
    0x3F8C, 0x38DA, 0x58E6, 0x4ACF, 0x3A8D, 0x3A73, 0x4E79, 0x4E5B, 0x4E5A, 0x3D8C, 0x3D40, 0x5822, 0x5149, 0x3B05, 0x543F, 0x3B51,
    0x5440, 0x584B, 0x3B14, 0x4334, 0x3D56, 0x36D9, 0x5385, 0x3780, 0x583A, 0x3905, 0x57F7, 0x58D1, 0x3D78, 0x3839, 0x3A49, 0x5788,
    0x47F6, 0x3D77, 0x5A8B, 0x5A34, 0x4F44, 0x3A4A, 0x4E5C, 0x4A28, 0x4DA8, 0x53B7, 0x4129, 0x4733, 0x4B69, 0x4445, 0x554C, 0x494B,
    0x5498, 0x4351, 0x3B52, 0x3B53, 0x3A7F, 0x3D6C, 0x381A, 0x582B, 0x3753, 0x4F27, 0x49F7, 0x55F5, 0x440B, 0x52C8, 0x4B75, 0x36DA,
    0x4D1C, 0x4ADF, 0x440C, 0x50C5, 0x3D8D, 0x3860, 0x39B9, 0x4C1E, 0x376E, 0x47B0, 0x5805, 0x3D8E, 0x3D6D, 0x5697, 0x4660, 0x5198,
    0x4C64, 0x5C7B, 0x5465, 0x552D, 0x5199, 0x4890, 0x383A, 0x466D, 0x4DA9, 0x41E6, 0x56A4, 0x53D1, 0x5A54, 0x4207, 0x3E1B, 0x577A,
    0x44CC, 0x4C65, 0x50C6, 0x36B8, 0x4385, 0x4CE6, 0x3D41, 0x5C7C, 0x5998, 0x4A1B, 0x5B08, 0x4037, 0x39AA, 0x39BA, 0x3FBB, 0x4AB4,
    0x4592, 0x501C, 0x50C7, 0x5015, 0x5B09, 0x466E, 0x47F7, 0x598D, 0x3B54, 0x46EB, 0x4D13, 0x4891, 0x3CDA, 0x4A9F, 0x41E2, 0x3D79,
    0x55D1, 0x580F, 0x4446, 0x4D1D, 0x4A20, 0x4972, 0x4FD1, 0x5A7E, 0x4AE9, 0x3B55, 0x3C8C, 0x442E, 0x3B06, 0x5393, 0x5BBA, 0x3861,
    0x44CD, 0x5A5E, 0x5832, 0x5A35, 0x519A, 0x4593, 0x4C66, 0x57FF, 0x4F2F, 0x50C8, 0x46EC, 0x44CE, 0x3C90, 0x3C9C, 0x36B9, 0x5B0A,
    0x4AF4, 0x44EC, 0x411E, 0x501D, 0x3B56, 0x4D1E, 0x3B33, 0x41E7, 0x577B, 0x4335, 0x5833, 0x412A, 0x55BC, 0x55F6, 0x5234, 0x41C4,
    0x5092, 0x4932, 0x5160, 0x38DB, 0x4734, 0x4E7A, 0x501E, 0x4D1F, 0x3754, 0x538E, 0x36BA, 0x4FD2, 0x5488, 0x5CB6, 0x59C2, 0x4B76,
    0x5001, 0x5093, 0x4E7B, 0x4D10, 0x4594, 0x3C83, 0x4C67, 0x3BF5, 0x4B77, 0x495E, 0x49E9, 0x4105, 0x573A, 0x5539, 0x4038, 0x583B,
    0x4CF7, 0x5B31, 0x44ED, 0x4447, 0x412B, 0x4279, 0x4E5D, 0x4933, 0x3697, 0x47F8, 0x4E5E, 0x5489, 0x5A7B, 0x517A, 0x59C3, 0x3CC9,
    0x5B46, 0x5CB7, 0x46FE, 0x39C8, 0x58D7, 0x4573, 0x4648, 0x4AB5, 0x5094, 0x5A77, 0x3915, 0x508D, 0x5095, 0x530E, 0x44A8, 0x5096,
    0x5C01, 0x413C, 0x3862, 0x38DC, 0x5A36, 0x47DC, 0x4892, 0x50B6, 0x44A9, 0x5999, 0x4E95, 0x4AE4, 0x3D86, 0x4DC3, 0x47F9, 0x4A05,
    0x47E3, 0x4CF8, 0x39C0, 0x441E, 0x5808, 0x5BFC, 0x5314, 0x3994, 0x5394, 0x5235, 0x4CF9, 0x4F5C, 0x377F, 0x46FF, 0x4973, 0x4E96,
    0x5BBB, 0x4735, 0x3A83, 0x514A, 0x5A37, 0x4B78, 0x47B1, 0x3698, 0x495F, 0x4DAA, 0x4893, 0x554D, 0x517B, 0x4E5F, 0x3B57, 0x5002,
    0x4298, 0x3A4B, 0x44AA, 0x412C, 0x599D, 0x4DC4, 0x494C, 0x3C99, 0x40FD, 0x5527, 0x3922, 0x576B, 0x4C68, 0x4D20, 0x4974, 0x3C98,
    0x554E, 0x4976, 0x4595, 0x3995, 0x3FCC, 0x53B8, 0x5698, 0x440D, 0x5692, 0x4596, 0x442F, 0x4597, 0x50C9, 0x519B, 0x4E7C, 0x530F,
    0x4977, 0x3D7A, 0x3D8F, 0x47B2, 0x47B3, 0x55EC, 0x4649, 0x4DC5, 0x4336, 0x573B, 0x4934, 0x4F30, 0x55C2, 0x38DD, 0x3CD6, 0x427A,
    0x3CC0, 0x3A74, 0x3787, 0x3863, 0x3A80, 0x4CDA, 0x4936, 0x4935, 0x471B, 0x519C, 0x43FC, 0x3D90, 0x4039, 0x574A, 0x406E, 0x47D4,
    0x3E43, 0x4626, 0x5CA6, 0x3B58, 0x50BB, 0x3755, 0x4A14, 0x47FA, 0x374D, 0x3D7B, 0x49F8, 0x5B0B, 0x428B, 0x4A06, 0x3F8E, 0x5223,
    0x47FB, 0x574E, 0x464A, 0x49EA, 0x4430, 0x4431, 0x5A63, 0x3D91, 0x53B9, 0x5A7F, 0x48BA, 0x3EE6, 0x3B59, 0x3906, 0x56A2, 0x4A29,
    0x3756, 0x4057, 0x48BB, 0x44E1, 0x427B, 0x36DB, 0x3ED0, 0x491C, 0x4D14, 0x5506, 0x3A4C, 0x3D92, 0x3E4A, 0x39C9, 0x4D23, 0x4AEC,
    0x4C21, 0x3F8F, 0x466F, 0x49F9, 0x4D15, 0x4106, 0x4A15, 0x55D2, 0x5395, 0x489B, 0x47B4, 0x3916, 0x5386, 0x39CA, 0x3788, 0x41F2,
    0x5507, 0x3B5A, 0x4FD4, 0x4598, 0x583C, 0x59C4, 0x47DD, 0x3799, 0x4937, 0x58E7, 0x4379, 0x5CB8, 0x5809, 0x55F7, 0x548A, 0x4364,
    0x52C9, 0x47FC, 0x4599, 0x46ED, 0x50CA, 0x3D7C, 0x464B, 0x41C5, 0x5C73, 0x5236, 0x49FA, 0x58FC, 0x4337, 0x5BCF, 0x40FE, 0x574F,
    0x436A, 0x3D6E, 0x58D8, 0x36BB, 0x58D2, 0x3C91, 0x43FD, 0x5A46, 0x36BC, 0x5BBC, 0x4E97, 0x4E98, 0x3B5B, 0x50CB, 0x44EE, 0x464C,
    0x4670, 0x5161, 0x5224, 0x383B, 0x44AB, 0x464D, 0x3D93, 0x5387, 0x38DE, 0x5237, 0x4A16, 0x4671, 0x3757, 0x4DAB, 0x4E99, 0x464E,
    0x598E, 0x3F84, 0x3EDD, 0x3A4D, 0x398E, 0x3FCD, 0x5396, 0x519D, 0x41E8, 0x553A, 0x58D9, 0x39AB, 0x3EFD, 0x55FF, 0x4B7A, 0x5238,
    0x379A, 0x5BE8, 0x43F0, 0x3FBC, 0x58DA, 0x494D, 0x4938, 0x3A84, 0x52E1, 0x5003, 0x44DE, 0x5B3B, 0x4FD5, 0x52CA, 0x5A64, 0x5B0C,
    0x3C9D, 0x4AA7, 0x50CC, 0x3758, 0x597F, 0x57F8, 0x3759, 0x427C, 0x4107, 0x3D42, 0x5AFD, 0x5C8B, 0x4FD6, 0x5AEC, 0x4AE0, 0x4DDD,
    0x554F, 0x5904, 0x52E2, 0x4574, 0x58C1, 0x553B, 0x4C22, 0x4338, 0x4B6A, 0x5977, 0x44DF, 0x4D0A, 0x5239, 0x3D7D, 0x489C, 0x5BE9,
    0x405B, 0x5C74, 0x4672, 0x383C, 0x3D94, 0x3E49, 0x4352, 0x459A, 0x5315, 0x3EE7, 0x4AD0, 0x5BD0, 0x441F, 0x489D, 0x427D, 0x54FE,
    0x3D87, 0x55E4, 0x5C8C, 0x4978, 0x5980, 0x3B5C, 0x5004, 0x5693, 0x5441, 0x411F, 0x4120, 0x56CE, 0x5776, 0x3C94, 0x5B37, 0x44CF,
    0x4A21, 0x3C9E, 0x58E8, 0x3F90, 0x459B, 0x5810, 0x4FD7, 0x3B42, 0x4736, 0x4E60, 0x39BB, 0x380E, 0x501F, 0x489E, 0x4939, 0x5BD1,
    0x3917, 0x59C5, 0x4673, 0x4AB6, 0x39A4, 0x5BEA, 0x5097, 0x5C98, 0x5750, 0x599E, 0x4F45, 0x36AE, 0x3C95, 0x3918, 0x494E, 0x5CAD,
    0x4BA2, 0x4975, 0x52CB, 0x599F, 0x5BEB, 0x58B8, 0x47E4, 0x519E, 0x4C69, 0x4E9A, 0x5BBD, 0x5699, 0x406F, 0x5316, 0x44EF, 0x3D88,
    0x56D3, 0x428C, 0x3864, 0x3D95, 0x55BD, 0x523A, 0x3E1C, 0x5B2E, 0x5B38, 0x46EE, 0x4E9B, 0x5AFE, 0x49FB, 0x577C, 0x3CBA, 0x464F,
    0x5BD2, 0x4AA0, 0x4737, 0x5748, 0x47FD, 0x379B, 0x4E9C, 0x4E9D, 0x428D, 0x58C5, 0x4F5D, 0x49FC, 0x4DC6, 0x4A2A, 0x36DC, 0x39BC,
    0x5BD3, 0x553C, 0x376F, 0x4960, 0x3770, 0x4E61, 0x4DAC, 0x405C, 0x4F46, 0x5098, 0x382C, 0x5811, 0x5BD4, 0x5905, 0x41C6, 0x552E,
    0x552F, 0x5837, 0x5824, 0x4108, 0x3996, 0x36AF, 0x5AFF, 0x3771, 0x5317, 0x3EFE, 0x4E7D, 0x383D, 0x375A, 0x55C3, 0x4D9E, 0x569A,
    0x4DC7, 0x44F0, 0x53D2, 0x3F12, 0x4580, 0x5614, 0x5CBA, 0x5CB9, 0x57F9, 0x44D0, 0x3E2C, 0x3811, 0x428E, 0x383E, 0x41F3, 0x5A57,
    0x4ADA, 0x3D57, 0x36DD, 0x3B25, 0x36BD, 0x5A38, 0x4F56, 0x4C6B, 0x41F4, 0x3BF6, 0x54FF, 0x3E54, 0x5BEC, 0x5A65, 0x5530, 0x3A4E,
    0x4F5E, 0x3F13, 0x3D6F, 0x3923, 0x41F5, 0x48B6, 0x485E, 0x4F3F, 0x4738, 0x49EB, 0x3865, 0x5B2F, 0x55C4, 0x3B1E, 0x36DE, 0x521B,
    0x4053, 0x519F, 0x5CBB, 0x3D7E, 0x5B0D, 0x3EFF, 0x4339, 0x47B5, 0x58C8, 0x4700, 0x5B0E, 0x44F1, 0x485F, 0x514B, 0x577D, 0x578A,
    0x44D1, 0x3B43, 0x44AD, 0x44F2, 0x4A32, 0x492A, 0x3B5D, 0x5615, 0x3825, 0x583D, 0x4ADB, 0x4674, 0x5834, 0x59C6, 0x521C, 0x58E9,
    0x5978, 0x58EA, 0x5162, 0x4117, 0x4A1C, 0x56A5, 0x44E0, 0x41F6, 0x3C96, 0x3EDA, 0x42B2, 0x429D, 0x3BF8, 0x39BD, 0x3789, 0x55C5,
    0x42C8, 0x577E, 0x4D24, 0x3A4F, 0x5311, 0x5616, 0x4353, 0x39A5, 0x494F, 0x3BEE, 0x53D4, 0x3919, 0x3A8E, 0x38DF, 0x4921, 0x3BF9,
    0x5442, 0x5443, 0x4A07, 0x3D96, 0x5388, 0x5466, 0x523B, 0x4B7E, 0x4109, 0x5A80, 0x5510, 0x58B5, 0x3C12, 0x4B7D, 0x58EB, 0x4432,
    0x459C, 0x378A, 0x3A8F, 0x55F8, 0x3C13, 0x3C97, 0x4675, 0x47B6, 0x4860, 0x3D97, 0x50CD, 0x4354, 0x4A33, 0x3A81, 0x39B5, 0x3EEA,
    0x5550, 0x5801, 0x522B, 0x391A, 0x56A6, 0x4AEA, 0x52E3, 0x36BE, 0x4E9E, 0x3B07, 0x41E9, 0x52CC, 0x4F52, 0x4AB7, 0x5BBE, 0x49FD,
    0x3812, 0x5C8D, 0x4E62, 0x4AA1, 0x463D, 0x47DE, 0x429E, 0x47B7, 0x4D25, 0x3D98, 0x4861, 0x5467, 0x42B3, 0x5806, 0x5C94, 0x5511,
    0x517C, 0x569B, 0x40F5, 0x5444, 0x41C7, 0x41C8, 0x522C, 0x3FA3, 0x581E, 0x4631, 0x4D26, 0x3C92, 0x3D70, 0x55E5, 0x42C9, 0x41F7,
    0x583E, 0x56A0, 0x5517, 0x429F, 0x3D50, 0x4CE7, 0x3FA4, 0x55D3, 0x581C, 0x3813, 0x52E4, 0x383F, 0x3B34, 0x3D58, 0x4386, 0x378B,
    0x3D7F, 0x578C, 0x3ED1, 0x5528, 0x378C, 0x4F5F, 0x55C6, 0x5BB3, 0x583F, 0x4D27, 0x42B4, 0x581F, 0x4AB8, 0x472F, 0x3F14, 0x39CB,
    0x5BB4, 0x3ED2, 0x5445, 0x4862, 0x38E0, 0x4E9F, 0x3772, 0x391B, 0x433A, 0x523C, 0x38E1, 0x5C02, 0x4676, 0x39CC, 0x428F, 0x3A50,
    0x4C6C, 0x58B9, 0x553D, 0x36DF, 0x4627, 0x3E1D, 0x3840, 0x4AB9, 0x38E2, 0x523D, 0x517D, 0x44AE, 0x4863, 0x4701, 0x3F85, 0x58DB,
    0x5C03, 0x420D, 0x4575, 0x44F3, 0x42B5, 0x3E39, 0x3FCE, 0x38FE, 0x459D, 0x5495, 0x4A0F, 0x3B26, 0x55C7, 0x44AF, 0x50AC, 0x5531,
    0x459E, 0x4961, 0x3D43, 0x433B, 0x4AD1, 0x493A, 0x433C, 0x3F00, 0x4702, 0x523E, 0x530A, 0x4045, 0x3B5E, 0x41F8, 0x3B5F, 0x5016,
    0x3D44, 0x5446, 0x52E5, 0x489F, 0x4DDE, 0x59A0, 0x4DC8, 0x4D0B, 0x4290, 0x4291, 0x3E1E, 0x4C6D, 0x3907, 0x492B, 0x433D, 0x5B0F,
    0x553E, 0x41B4, 0x5B32, 0x44D2, 0x3B35, 0x4B6B, 0x46EF, 0x5CA1, 0x43FE, 0x4739, 0x4C24, 0x56C7, 0x412D, 0x50AD, 0x47B8, 0x493B,
    0x598F, 0x4DDF, 0x41EA, 0x553F, 0x43FF, 0x4A22, 0x52E6, 0x493C, 0x5BD5, 0x5BD6, 0x5468, 0x5469, 0x4A08, 0x53BA, 0x5A66, 0x5397,
    0x5CBC, 0x473A, 0x4C6E, 0x5BC0, 0x5BED, 0x5B10, 0x4962, 0x410A, 0x578D, 0x440E, 0x3841, 0x46F0, 0x5600, 0x523F, 0x3A9F, 0x5240,
    0x5447, 0x5C85, 0x3699, 0x5C82, 0x5C8E, 0x4C25, 0x4E7E, 0x4677, 0x3C0B, 0x4A17, 0x4ABA, 0x41B5, 0x38E3, 0x5540, 0x50BC, 0x41C9,
    0x50CE, 0x5B00, 0x58FD, 0x4728, 0x3842, 0x3E1F, 0x4C18, 0x3F0C, 0x3D59, 0x5C04, 0x4A2B, 0x4678, 0x4D29, 0x58FE, 0x39AC, 0x5CBD,
    0x4D09, 0x38FF, 0x4C49, 0x3843, 0x36D0, 0x4679, 0x52E8, 0x52E7, 0x410B, 0x53D3, 0x5609, 0x56A3, 0x5BEE, 0x4E72, 0x4EA0, 0x44E2,
    0x4420, 0x45C2, 0x5496, 0x3EDE, 0x4121, 0x52E9, 0x3BC0, 0x3BC1, 0x41E3, 0x3FBD, 0x41D9, 0x427E, 0x4118, 0x442B, 0x5529, 0x56CB,
    0x5398, 0x42A0, 0x577F, 0x3A98, 0x5C75, 0x36BF, 0x4637, 0x4070, 0x5A47, 0x514C, 0x5694, 0x5906, 0x50CF, 0x3E3A, 0x3BC2, 0x47D5,
    0x59C7, 0x4355, 0x37A4, 0x3E2D, 0x41EB, 0x5163, 0x5840, 0x3CCB, 0x47E5, 0x584C, 0x44F4, 0x4D0C, 0x433E, 0x3C16, 0x46F1, 0x3E3B,
    0x576C, 0x408C, 0x412E, 0x3924, 0x5448, 0x38E4, 0x58D3, 0x5449, 0x369A, 0x369B, 0x3A51, 0x493D, 0x4400, 0x4365, 0x41CA, 0x36E0,
    0x5768, 0x4BAD, 0x4EA2, 0x4EA3, 0x578E, 0x3A52, 0x36C0, 0x369C, 0x3C8D, 0x5399, 0x4046, 0x493E, 0x5558, 0x459F, 0x45A0, 0x5241,
    0x48A0, 0x51A0, 0x467A, 0x405D, 0x39CD, 0x4366, 0x539A, 0x4DE0, 0x5A44, 0x3B27, 0x3814, 0x514D, 0x37A5, 0x59C8, 0x3866, 0x3D99,
    0x4A09, 0x548B, 0x3E2E, 0x4650, 0x5BC1, 0x3BEF, 0x546A, 0x5825, 0x36C1, 0x3EF0, 0x412F, 0x3900, 0x514E, 0x5751, 0x3844, 0x52EA,
    0x5C05, 0x4CFA, 0x5617, 0x4C6F, 0x4071, 0x45A1, 0x52CD, 0x3867, 0x3908, 0x47B9, 0x437A, 0x427F, 0x3BC4, 0x4401, 0x4147, 0x3BC3,
    0x3909, 0x4433, 0x5318, 0x52EB, 0x3B1F, 0x44E3, 0x3E2F, 0x3D71, 0x50B7, 0x38C8, 0x4638, 0x467B, 0x3DFA, 0x3997, 0x4CFB, 0x4F60,
    0x4950, 0x56A7, 0x5678, 0x41B6, 0x4AA2, 0x4B80, 0x56C8, 0x4ABC, 0x5972, 0x471C, 0x5780, 0x379C, 0x41F9, 0x5679, 0x4064, 0x3C17,
    0x4EA5, 0x4EA6, 0x4280, 0x5242, 0x53CE, 0x4AED, 0x5164, 0x48A1, 0x3B20, 0x5A39, 0x56A8, 0x4C26, 0x4DAD, 0x546B, 0x433F, 0x5BD7,
    0x44F5, 0x4C27, 0x4047, 0x5807, 0x38E5, 0x42B6, 0x3A53, 0x582C, 0x5541, 0x39BE, 0x398F, 0x3773, 0x3B08, 0x52EC, 0x3B28, 0x49FE,
    0x436B, 0x3EF1, 0x403A, 0x5165, 0x5907, 0x56A9, 0x50D0, 0x41CB, 0x4ABD, 0x567A, 0x42A1, 0x4864, 0x5B47, 0x53BB, 0x36E1, 0x4D2B,
    0x39CE, 0x4DE7, 0x48A2, 0x3B1A, 0x3E4B, 0x3BC5, 0x4651, 0x5BFD, 0x3D45, 0x3815, 0x5243, 0x4ADC, 0x3B36, 0x4387, 0x5BEF, 0x37A9,
    0x50D1, 0x4576, 0x59B2, 0x3DFB, 0x3A99, 0x3FA5, 0x3F01, 0x53CD, 0x5A58, 0x4A98, 0x3EC8, 0x3A90, 0x50D2, 0x3EC9, 0x3ED3, 0x5CA9,
    0x5508, 0x5CA2, 0x4D9F, 0x3BC6, 0x5CAA, 0x3998, 0x5CAB, 0x5A5B, 0x369D, 0x57FA, 0x3A54, 0x4B57, 0x5BBF, 0x544A, 0x5244, 0x5509,
    0x440F, 0x41FA, 0x4D11, 0x47A7, 0x3F0D, 0x3AA0, 0x45A2, 0x41E0, 0x4A23, 0x546C, 0x5812, 0x48A3, 0x4865, 0x4951, 0x50B8, 0x4DE8,
    0x3F86, 0x4577, 0x4729, 0x3D46, 0x4F47, 0x4632, 0x36B0, 0x51A1, 0x5C8A, 0x4F61, 0x3A55, 0x41FB, 0x41CC, 0x4130, 0x3E11, 0x4F29,
    0x44F6, 0x44F7, 0x44F8, 0x44F9, 0x41CD, 0x5B11, 0x3A56, 0x51A2, 0x49E4, 0x4292, 0x413D, 0x3BC7, 0x4866, 0x4581, 0x4C28, 0x437B,
    0x5245, 0x53CF, 0x3A57, 0x437C, 0x46F2, 0x4628, 0x59A1, 0x4C70, 0x4B58, 0x5B3C, 0x375B, 0x544B, 0x390E, 0x4D0D, 0x4C4A, 0x5813,
    0x3B44, 0x426E, 0x3826, 0x3BC8, 0x44D3, 0x4979, 0x3BC9, 0x4CDB, 0x4E63, 0x59C9, 0x4B81, 0x576D, 0x3E20, 0x41DA, 0x41E1, 0x3D66,
    0x4148, 0x4276, 0x56CF, 0x45A3, 0x544C, 0x58BA, 0x4119, 0x5166, 0x5990, 0x44FA, 0x4EA7, 0x5752, 0x47BA, 0x38E6, 0x55ED, 0x4B82,
    0x5BD8, 0x5AED, 0x471D, 0x55D4, 0x42A2, 0x5981, 0x5B3D, 0x4381, 0x45A4, 0x437D, 0x58ED, 0x5841, 0x4F53, 0x3CD7, 0x539B, 0x5A67,
    0x42B7, 0x4293, 0x5814, 0x4C29, 0x4ABE, 0x3F81, 0x4410, 0x47A8, 0x4867, 0x3EBD, 0x3E30, 0x546D, 0x4EA8, 0x471E, 0x5B3E, 0x539C,
    0x48A4, 0x5C9E, 0x39AD, 0x4E64, 0x5BC9, 0x5CAE, 0x5842, 0x4048, 0x521D, 0x53BC, 0x4578, 0x4CFC, 0x58EE, 0x5B12, 0x3EDF, 0x4072,
    0x44B0, 0x4DA0, 0x5A3A, 0x576E, 0x5A81, 0x58BB, 0x4BA3, 0x3845, 0x47BB, 0x4730, 0x4DAE, 0x5C06, 0x4B83, 0x47D6, 0x4B84, 0x560A,
    0x4A2C, 0x4A34, 0x59B3, 0x5246, 0x3A91, 0x5753, 0x46F3, 0x5C07, 0x3BCA, 0x408D, 0x5B13, 0x4894, 0x3DFC, 0x5319, 0x403B, 0x47E6,
    0x3D5A, 0x5247, 0x4058, 0x4F4D, 0x5BF0, 0x49DB, 0x48A5, 0x4B85, 0x5B33, 0x5601, 0x4AEB, 0x55D5, 0x55EE, 0x4639, 0x5BC2, 0x5167,
    0x36E2, 0x5248, 0x378D, 0x3DFD, 0x45A5, 0x42CA, 0x49FF, 0x4CEF, 0x471F, 0x5749, 0x4E7F, 0x59CA, 0x4703, 0x36D1, 0x4C2A, 0x4EAA,
    0x41EC, 0x4281, 0x514F, 0x5B34, 0x4356, 0x4282, 0x539D, 0x3D47, 0x5B14, 0x4652, 0x3D5B, 0x4952, 0x5249, 0x5BD9, 0x4DAF, 0x56AA,
    0x5005, 0x580A, 0x4E65, 0x3C18, 0x4411, 0x4E66, 0x53BD, 0x4049, 0x3A58, 0x41B7, 0x5017, 0x44B1, 0x38C9, 0x4CDF, 0x47BC, 0x546E,
    0x4DB0, 0x3CD9, 0x4340, 0x5542, 0x414F, 0x5BDA, 0x5099, 0x55C8, 0x5AEE, 0x5BCA, 0x5150, 0x3DFE, 0x560B, 0x517E, 0x5B15, 0x390A,
    0x410C, 0x4AD2, 0x5908, 0x5769, 0x403C, 0x3774, 0x4B86, 0x52ED, 0x40FF, 0x59A2, 0x3F15, 0x410D, 0x544D, 0x4868, 0x5543, 0x5225,
    0x50D3, 0x4C2B, 0x42CB, 0x3827, 0x5499, 0x42B8, 0x4895, 0x50BD, 0x3FA6, 0x46F4, 0x5BDB, 0x4F33, 0x3D5C, 0x52EE, 0x3A9A, 0x50B9,
    0x3E31, 0x4412, 0x4084, 0x463E, 0x5500, 0x55E6, 0x539E, 0x58C2, 0x4DE9, 0x5B16, 0x36C2, 0x59A3, 0x581D, 0x3F9D, 0x5BF1, 0x5518,
    0x51A3, 0x4C71, 0x3D5D, 0x3D51, 0x3816, 0x578F, 0x3F87, 0x3CB5, 0x4C4B, 0x4920, 0x4C2C, 0x52CE, 0x5B17, 0x4F0C, 0x3DFF, 0x5B18,
    0x3ED4, 0x53BE, 0x5790, 0x4579, 0x3F02, 0x4ABF, 0x5AEF, 0x3E12, 0x45A6, 0x49DC, 0x404A, 0x58FF, 0x457A, 0x3FA7, 0x59A4, 0x4C2D,
    0x4F40, 0x3F0E, 0x524A, 0x47BD, 0x5A3B, 0x3FBE, 0x3FC3, 0x4C2E, 0x4FF4, 0x3ECA, 0x3999, 0x5AF0, 0x47ED, 0x57FB, 0x5B19, 0x410E,
    0x5B48, 0x5BF2, 0x3A59, 0x50AE, 0x5151, 0x3846, 0x573C, 0x4BAF, 0x567B, 0x5CA3, 0x509A, 0x39AE, 0x524B, 0x47BE, 0x5A68, 0x378E,
    0x57FC, 0x5AF1, 0x4402, 0x539F, 0x50AF, 0x5226, 0x3F82, 0x5C95, 0x4CD2, 0x5B3F, 0x3EBE, 0x53D5, 0x4B88, 0x3847, 0x58C3, 0x4434,
    0x5C7D, 0x4AE1, 0x53BF, 0x4357, 0x44D4, 0x3E21, 0x41FC, 0x567C, 0x4BB0, 0x4B89, 0x5C8F, 0x3F76, 0x5C86, 0x5BDC, 0x5204, 0x4C2F,
    0x3C0D, 0x4B8A, 0x4DE1, 0x4633, 0x4131, 0x5BC3, 0x5C76, 0x52EF, 0x436C, 0x4AC0, 0x509B, 0x4704, 0x4953, 0x4DEA, 0x4E55, 0x5C7E,
    0x5AF2, 0x4DB1, 0x5CBE, 0x4896, 0x4435, 0x4CD3, 0x4BA5, 0x5CBF, 0x5CC0, 0x5754, 0x4C1A, 0x4B8C, 0x3E4C, 0x3E22, 0x3FCF, 0x4085,
    0x47BF, 0x436D, 0x4B8D, 0x4C30, 0x52F0, 0x5519, 0x4869, 0x568E, 0x4731, 0x5C7F, 0x4963, 0x3E00, 0x4D2D, 0x5A5F, 0x5900, 0x3FA8,
    0x3ECB, 0x52F1, 0x5843, 0x5158, 0x4E67, 0x4E80, 0x50B0, 0x44B2, 0x4AA3, 0x5C68, 0x4653, 0x4FDC, 0x4654, 0x50D4, 0x58C9, 0x584D,
    0x58BC, 0x55F9, 0x3E13, 0x49EC, 0x4DC9, 0x457B, 0x41CE, 0x41CF, 0x3FC4, 0x41DB, 0x4277, 0x4668, 0x5838, 0x381B, 0x467C, 0x4073,
    0x3E14, 0x5CC1, 0x381C, 0x437E, 0x4655, 0x39AF, 0x517F, 0x4A1D, 0x5B1A, 0x3A5A, 0x5168, 0x39CF, 0x486A, 0x4074, 0x5A82, 0x3EE0,
    0x58BD, 0x4C4C, 0x5544, 0x413E, 0x493F, 0x5312, 0x4D16, 0x473B, 0x5169, 0x41ED, 0x4F0D, 0x4F0E, 0x5BCB, 0x4E68, 0x4CDC, 0x45A7,
    0x50D6, 0x4CD4, 0x3A94, 0x3E15, 0x5BF3, 0x4C31, 0x5BFB, 0x3F89, 0x486B, 0x3D52, 0x5A59, 0x5A69, 0x509C, 0x47E2, 0x4CDD, 0x4D0E,
    0x524C, 0x55D6, 0x3A5B, 0x4DCA, 0x3BCB, 0x4294, 0x4F34, 0x4CFD, 0x457C, 0x3F91, 0x3D80, 0x5A6A, 0x42A3, 0x369E, 0x4295, 0x4629,
    0x5982, 0x546F, 0x36B1, 0x39B0, 0x391C, 0x5C77, 0x3EBF, 0x53A0, 0x48A6, 0x4413, 0x4FDD, 0x5A4D, 0x5AF3, 0x3B09, 0x42B9, 0x41FD,
    0x473C, 0x524D, 0x5A6B, 0x4705, 0x3A5C, 0x3EE1, 0x4075, 0x486C, 0x404B, 0x4CFE, 0x576F, 0x5205, 0x4897, 0x5791, 0x5B1B, 0x3BCC,
    0x390B, 0x3BCD, 0x4436, 0x4CFF, 0x531A, 0x399A, 0x4BB1, 0x408E, 0x3B37, 0x44FC, 0x5844, 0x5792, 0x4382, 0x5B35, 0x4DCB, 0x41D0,
    0x56C9, 0x4706, 0x4E81, 0x5991, 0x4E69, 0x3CA2, 0x5B1C, 0x4C33, 0x4F10, 0x467D, 0x491D, 0x404C, 0x4DB2, 0x4D2E, 0x4CE0, 0x5470,
    0x5AF4, 0x40F6, 0x3EE2, 0x3B29, 0x3BCE, 0x4076, 0x4707, 0x3F77, 0x50D7, 0x4086, 0x5BDD, 0x42A4, 0x3848, 0x5471, 0x3BCF, 0x3849,
    0x4388, 0x551A, 0x52F2, 0x5BC4, 0x486D, 0x4B5A, 0x4898, 0x4661, 0x4708, 0x548C, 0x384A, 0x3FBF, 0x4C35, 0x399B, 0x551B, 0x3925,
    0x5B1D, 0x5909, 0x584E, 0x4CF0, 0x4CE8, 0x509D, 0x4403, 0x381D, 0x53D6, 0x4CE9, 0x36E3, 0x49DD, 0x55EF, 0x4669, 0x462A, 0x466A,
    0x47C0, 0x4DB3, 0x4414, 0x4DB4, 0x5206, 0x4F11, 0x374E, 0x4964, 0x3C1A, 0x5207, 0x524E, 0x3B15, 0x38CA, 0x4D17, 0x5208, 0x3D67,
    0x42BA, 0x404D, 0x5472, 0x56BC, 0x41FE, 0x5983, 0x3EEB, 0x5C96, 0x436E, 0x53C0, 0x4FDF, 0x5B49, 0x3D72, 0x3BD0, 0x375C, 0x3BD1,
    0x375D, 0x53A1, 0x55FA, 0x5984, 0x47C2, 0x47C1, 0x4F62, 0x462B, 0x3775, 0x4B6E, 0x58EF, 0x5979, 0x36E4, 0x509E, 0x3D53, 0x5473,
    0x3E32, 0x516A, 0x548D, 0x369F, 0x4404, 0x53D7, 0x4FE0, 0x4AC1, 0x5755, 0x5CA4, 0x3E3C, 0x384B, 0x5827, 0x4078, 0x3D5E, 0x40F7,
    0x5756, 0x44FD, 0x38E7, 0x4AD3, 0x4AC2, 0x47C3, 0x4CE1, 0x55C9, 0x5545, 0x42BB, 0x404E, 0x486E, 0x403D, 0x3FD0, 0x4A18, 0x36C3,
    0x4F13, 0x4389, 0x5757, 0x521E, 0x3E56, 0x4709, 0x4CEA, 0x5209, 0x38CB, 0x3E4D, 0x432C, 0x4367, 0x4368, 0x5181, 0x3776, 0x5BDE,
    0x39D0, 0x38E8, 0x5B1E, 0x597A, 0x56AB, 0x41B8, 0x4DCC, 0x4358, 0x44D5, 0x4C36, 0x4FF5, 0x59BB, 0x3777, 0x473D, 0x3E01, 0x50BA,
    0x4140, 0x5474, 0x36E5, 0x42BC, 0x3FA9, 0x41DC, 0x413F, 0x545E, 0x4656, 0x42BD, 0x48A7, 0x473E, 0x4149, 0x5802, 0x4283, 0x36C4,
    0x5475, 0x414A, 0x5A6C, 0x3A92, 0x41D1, 0x52F3, 0x4A0A, 0x5512, 0x5A6D, 0x524F, 0x486F, 0x3E16, 0x41DD, 0x55FB, 0x3E02, 0x38E9,
    0x4C4D, 0x5476, 0x41B9, 0x410F, 0x43F6, 0x48A8, 0x3FD1, 0x36E6, 0x3E33, 0x55F0, 0x380A, 0x3A5D, 0x568F, 0x41D2, 0x3B49, 0x4940,
    0x4F63, 0x544E, 0x3A5E, 0x3D48, 0x4D12, 0x39D1, 0x46F5, 0x45A8, 0x44FE, 0x544F, 0x5551, 0x5770, 0x4091, 0x58F0, 0x5845, 0x3B0A,
    0x4B8F, 0x567D, 0x404F, 0x384C, 0x4B90, 0x44E4, 0x3BD2, 0x5250, 0x3FB3, 0x4A2D, 0x47EE, 0x44FF, 0x4D00, 0x36D2, 0x43EA, 0x46F6,
    0x5BB5, 0x5BB6, 0x40F8, 0x509F, 0x4341, 0x3FC5, 0x550A, 0x38CC, 0x42BE, 0x40F9, 0x384D, 0x3BD3, 0x36C5, 0x42BF, 0x567E, 0x567F,
    0x4B5B, 0x3F03, 0x3F0F, 0x42C0, 0x4941, 0x45A9, 0x45AA, 0x3BD4, 0x3BD5, 0x3BD6, 0x5450, 0x4DCD, 0x52F4, 0x5451, 0x52F5, 0x378F,
    0x5B1F, 0x56BD, 0x4965, 0x45AB, 0x4657, 0x590A, 0x52CF, 0x3BD7, 0x3FB4, 0x3B38, 0x5BAA, 0x5251, 0x4421, 0x4DCE, 0x4AD4, 0x5CC2,
    0x470A, 0x3F9E, 0x3E03, 0x4AC3, 0x4DCF, 0x3B39, 0x5BAB, 0x3E17, 0x4870, 0x45AC, 0x4405, 0x3C93, 0x56AC, 0x3986, 0x5680, 0x4500,
    0x4501, 0x52F6, 0x5774, 0x5477, 0x4A24, 0x548E, 0x4FE2, 0x5CC3, 0x47A9, 0x36C6, 0x5252, 0x5681, 0x5022, 0x58BE, 0x545F, 0x5758,
    0x4065, 0x5971, 0x52F7, 0x531B, 0x5775, 0x4DE2, 0x5460, 0x3E04, 0x36A0, 0x38CD, 0x38EA, 0x3901, 0x41DE, 0x5759, 0x5182, 0x4C37,
    0x4871, 0x4665, 0x4C4E, 0x4CE2, 0x5BB7, 0x4AC4, 0x5A78, 0x3A5F, 0x3A85, 0x391D, 0x5253, 0x55D7, 0x3E26, 0x5513, 0x4D90, 0x548F,
    0x5546, 0x52F8, 0x3A7A, 0x3A82, 0x4CF1, 0x4CF2, 0x3A86, 0x4D91, 0x3B0B, 0x551C, 0x3B0C, 0x3E3D, 0x521F, 0x40F2, 0x41EE, 0x5532,
    0x4406, 0x384E, 0x50D8, 0x53C1, 0x3E34, 0x4872, 0x36D3, 0x3D49, 0x384F, 0x53B2, 0x56BE, 0x36C7, 0x5B39, 0x47C4, 0x466C, 0x5183,
    0x5815, 0x40F3, 0x44B3, 0x52D0, 0x3F92, 0x47AA, 0x5985, 0x3E4E, 0x3B2A, 0x520A, 0x48A9, 0x4375, 0x39B1, 0x56BF, 0x5828, 0x3D68,
    0x5559, 0x3B16, 0x473F, 0x467E, 0x4B92, 0x4CD5, 0x3778, 0x520B, 0x5159, 0x42A5, 0x3BD8, 0x462C, 0x550B, 0x382D, 0x399C, 0x520C,
    0x4658, 0x50BE, 0x516B, 0x5220, 0x5BDF, 0x437F, 0x520D, 0x58CA, 0x56C0, 0x4954, 0x47C5, 0x3E18, 0x45AD, 0x530B, 0x551D, 0x3D4A,
    0x36C8, 0x5BE0, 0x50BF, 0x47C6, 0x55F1, 0x3F88, 0x44B4, 0x3ED5, 0x53A2, 0x5184, 0x3FC0, 0x55F2, 0x4079, 0x4284, 0x4502, 0x44D6,
    0x40F4, 0x42A6, 0x52F9, 0x5227, 0x47D7, 0x53B3, 0x50D9, 0x3EF2, 0x3EF3, 0x551F, 0x3782, 0x4873, 0x5254, 0x5B20, 0x3D73, 0x44D7,
    0x52FA, 0x375E, 0x3EF4, 0x38CE, 0x3B0D, 0x3BD9, 0x53A3, 0x4AAA, 0x5B40, 0x4DD0, 0x5CA7, 0x5BC5, 0x426F, 0x4270, 0x3C7E, 0x3CCC,
    0x48AA, 0x45AE, 0x39C1, 0x5452, 0x3B45, 0x44D8, 0x47C7, 0x4342, 0x4666, 0x50A0, 0x53A4, 0x552A, 0x403E, 0x47AB, 0x4966, 0x516C,
    0x47C8, 0x36E7, 0x531C, 0x5A6E, 0x52FB, 0x3850, 0x42C1, 0x3828, 0x39D2, 0x3EC0, 0x5A6F, 0x3B46, 0x4F41, 0x5008, 0x467F, 0x5829,
    0x45AF, 0x375F, 0x5221, 0x381E, 0x3A60, 0x5255, 0x4874, 0x3851, 0x531D, 0x3FB5, 0x53A5, 0x4875, 0x4F16, 0x3760, 0x4122, 0x55E7,
    0x5552, 0x4059, 0x3BDA, 0x57FD, 0x50B1, 0x4066, 0x414B, 0x575A, 0x3BEB, 0x4503, 0x4680, 0x59B4, 0x470B, 0x549A, 0x3D4B, 0x560C,
    0x4296, 0x4B93, 0x58CB, 0x4D01, 0x414C, 0x4E82, 0x3F78, 0x575B, 0x5478, 0x4A35, 0x4CE3, 0x42A7, 0x5479, 0x5B21, 0x4DA1, 0x5152,
    0x5A70, 0x4437, 0x56C1, 0x4B95, 0x531E, 0x403F, 0x569C, 0x5185, 0x4370, 0x44E5, 0x41FF, 0x4D92, 0x53D8, 0x5461, 0x470C, 0x4D93,
    0x4876, 0x492C, 0x5BF4, 0x38CF, 0x381F, 0x52FC, 0x4B6F, 0x38D0, 0x551E, 0x47D8, 0x520E, 0x4C38, 0x472A, 0x5520, 0x3E19, 0x3ED6,
    0x44B5, 0x59CB, 0x3829, 0x4A99, 0x399D, 0x4123, 0x59A5, 0x5389, 0x39B6, 0x575C, 0x4376, 0x4681, 0x4132, 0x5846, 0x407A, 0x3E57,
    0x3BDB, 0x4AC6, 0x3761, 0x4285, 0x38EB, 0x3F93, 0x4877, 0x3A7B, 0x470D, 0x4F64, 0x5CC4, 0x407B, 0x3783, 0x4DD1, 0x4CEB, 0x4942,
    0x4FF6, 0x4FF7, 0x3F94, 0x4922, 0x4659, 0x5CAF, 0x5186, 0x573D, 0x4504, 0x58CC, 0x4D02, 0x59A6, 0x39D3, 0x4FF8, 0x4D94, 0x3FAA,
    0x38EC, 0x50A1, 0x3BDC, 0x3A61, 0x4FE4, 0x3C8E, 0x3852, 0x41D3, 0x4DEB, 0x3BDD, 0x4FE5, 0x4AA4, 0x5803, 0x3853, 0x3D5F, 0x3F95,
    0x3FD2, 0x47A0, 0x4582, 0x573E, 0x4271, 0x3F79, 0x569D, 0x47A1, 0x4DB5, 0x5462, 0x5602, 0x3FC1, 0x4F3E, 0x4FE6, 0x4899, 0x45B0,
    0x52FD, 0x4F2A, 0x4061, 0x3BDE, 0x5682, 0x59CC, 0x36C9, 0x38ED, 0x5453, 0x4505, 0x3820, 0x4343, 0x3B4A, 0x39C2, 0x4F2B, 0x5C69,
    0x58DC, 0x4E83, 0x538F, 0x4359, 0x5816, 0x435A, 0x374F, 0x58F1, 0x5B22, 0x4F35, 0x46E2, 0x39B2, 0x3E35, 0x5C9F, 0x3CD3, 0x5454,
    0x5A83, 0x573F, 0x5A84, 0x4137, 0x55CA, 0x4D03, 0x36B2, 0x3854, 0x48AB, 0x4878, 0x5800, 0x58F2, 0x5547, 0x4566, 0x4A36, 0x4967,
    0x44B6, 0x44B7, 0x3762, 0x4D04, 0x47A2, 0x3CBD, 0x531F, 0x4D95, 0x379D, 0x50DA, 0x4422, 0x470E, 0x582D, 0x4344, 0x3817, 0x42A8,
    0x38EE, 0x44B8, 0x4100, 0x491E, 0x39D4, 0x5490, 0x58C4, 0x470F, 0x56D4, 0x4F57, 0x3D60, 0x5BF5, 0x3CB8, 0x3E44, 0x4567, 0x4ADD,
    0x52D1, 0x3EDB, 0x50DB, 0x4968, 0x4CF3, 0x50DC, 0x408F, 0x50A2, 0x5740, 0x5455, 0x575D, 0x3D81, 0x547A, 0x3A62, 0x4F17, 0x3A63,
    0x4B5D, 0x5CB0, 0x3A64, 0x4720, 0x45B1, 0x46E3, 0x55D8, 0x48AC, 0x4200, 0x53A6, 0x3763, 0x59CD, 0x4345, 0x42C2, 0x5781, 0x42A9,
    0x5A71, 0x4710, 0x44B9, 0x4B5E, 0x5256, 0x5548, 0x4F65, 0x59B5, 0x36CA, 0x3EF5, 0x36CB, 0x4667, 0x4BB2, 0x5683, 0x4A2E, 0x4DD2,
    0x50B2, 0x3A87, 0x4124, 0x44BA, 0x3E45, 0x5456, 0x463A, 0x3779, 0x5B23, 0x3B3A, 0x44D9, 0x5847, 0x4C4F, 0x49DE, 0x5BAC, 0x4346,
    0x5457, 0x4DEC, 0x3B2B, 0x56AD, 0x41D4, 0x49ED, 0x508E, 0x4E6A, 0x4BB3, 0x5817, 0x5684, 0x41EF, 0x36A1, 0x58F3, 0x3A65, 0x4FE7,
    0x4AAB, 0x38EF, 0x516D, 0x4C3B, 0x38F0, 0x5986, 0x53C7, 0x4201, 0x4380, 0x36A2, 0x41D5, 0x411A, 0x41BA, 0x50A3, 0x4125, 0x4423,
    0x4879, 0x5BF6, 0x5009, 0x3CDB, 0x4DB6, 0x4B5F, 0x48AD, 0x5A48, 0x5685, 0x5AF5, 0x5024, 0x4FE8, 0x5BE1, 0x3E3E, 0x5992, 0x5187,
    0x407C, 0x50DD, 0x45B2, 0x3855, 0x4969, 0x4D05, 0x5A85, 0x44BB, 0x49EE, 0x4101, 0x4126, 0x5603, 0x399E, 0x3FB6, 0x3A75, 0x3B17,
    0x3987, 0x5549, 0x5553, 0x4415, 0x3B2C, 0x5BAD, 0x38F1, 0x4067, 0x4568, 0x4A19, 0x516E, 0x489A, 0x56D5, 0x3E05, 0x3EE8, 0x4141,
    0x58D4, 0x4E84, 0x56AE, 0x4110, 0x5C87, 0x4F18, 0x3EC1, 0x4C1B, 0x516F, 0x36D4, 0x58F4, 0x3E36, 0x4E85, 0x5B24, 0x50DE, 0x4AAC,
    0x3B0E, 0x53D0, 0x487A, 0x4943, 0x41E4, 0x462D, 0x4347, 0x58F5, 0x53D9, 0x4AAD, 0x554A, 0x5B25, 0x47DF, 0x41BB, 0x56C2, 0x46F7,
    0x4DB7, 0x377A, 0x4944, 0x45B3, 0x487B, 0x4438, 0x3F7A, 0x48AE, 0x3FD3, 0x41B0, 0x4111, 0x4424, 0x50A4, 0x463B, 0x4E52, 0x4040,
    0x5554, 0x50DF, 0x569E, 0x47C9, 0x4F4E, 0x547B, 0x58DD, 0x4E86, 0x3D61, 0x4371, 0x5686, 0x39D5, 0x4DED, 0x5B01, 0x48AF, 0x3A95,
    0x580C, 0x4202, 0x47CA, 0x42AA, 0x4286, 0x4F66, 0x3764, 0x50E0, 0x4721, 0x55D9, 0x5C83, 0x4634, 0x496A, 0x46E4, 0x5C80, 0x52D2,
    0x38F2, 0x50A5, 0x3ED7, 0x496B, 0x50E1, 0x4DD3, 0x3F04, 0x4C50, 0x3E4F, 0x4AAE, 0x4372, 0x487C, 0x5170, 0x4087, 0x52FE, 0x3990,
    0x4C51, 0x3FAB, 0x47CB, 0x4CE4, 0x4AE5, 0x43EB, 0x4711, 0x3ECC, 0x3EB8, 0x5B26, 0x599A, 0x379E, 0x55BE, 0x5A55, 0x3FAC, 0x4DD4,
    0x5B27, 0x5C97, 0x5B41, 0x4272, 0x4348, 0x500B, 0x391E, 0x52FF, 0x575E, 0x45B4, 0x3D4C, 0x5BF7, 0x4CF4, 0x53A7, 0x39D6, 0x59BC,
    0x5491, 0x49EF, 0x5690, 0x4439, 0x496C, 0x4CD6, 0x5458, 0x4569, 0x4299, 0x36D6, 0x4955, 0x5BE2, 0x4E87, 0x5993, 0x491F, 0x5B28,
    0x522D, 0x4CF5, 0x3EE3, 0x4F42, 0x41BC, 0x5AF6, 0x3D74, 0x3EB9, 0x5773, 0x42C3, 0x4712, 0x4D97, 0x56D0, 0x5A3C, 0x4F67, 0x472B,
    0x492D, 0x3EDC, 0x53C2, 0x3F05, 0x38F3, 0x50C0, 0x4112, 0x5A79, 0x53CA, 0x5A49, 0x4B97, 0x5A72, 0x48B7, 0x36A3, 0x49F0, 0x4E88,
    0x56D1, 0x5AF7, 0x3A66, 0x4F68, 0x590B, 0x463C, 0x47F0, 0x3C81, 0x56D2, 0x3B3B, 0x3B3C, 0x4E6B, 0x41C0, 0x36A4, 0x3D82, 0x58F6,
    0x3D4D, 0x487D, 0x547C, 0x390C, 0x597B, 0x38F4, 0x5153, 0x3F83, 0x407D, 0x4C53, 0x4F19, 0x3A7C, 0x4416, 0x50E2, 0x45B5, 0x407E,
    0x456A, 0x465A, 0x435B, 0x435C, 0x3EBA, 0x52D3, 0x4425, 0x36D5, 0x58F7, 0x4417, 0x4E89, 0x435D, 0x4DA2, 0x582E, 0x4923, 0x4041,
    0x4722, 0x3765, 0x4AC8, 0x3B3D, 0x3ED8, 0x411B, 0x4924, 0x46E5, 0x4D98, 0x3D62, 0x4426, 0x58BF, 0x3821, 0x3B0F, 0x4143, 0x4945,
    0x3818, 0x3E06, 0x5766, 0x3B2D, 0x36B3, 0x3ED9, 0x399F, 0x36B4, 0x5A3D, 0x465B, 0x5691, 0x4AE2, 0x5257, 0x44BC, 0x38D1, 0x496D,
    0x5B42, 0x5823, 0x5C81, 0x5CA8, 0x5793, 0x3BDF, 0x4CF6, 0x49F1, 0x47E7, 0x382A, 0x3CCA, 0x4349, 0x4723, 0x5A56, 0x47CC, 0x36A5,
    0x547D, 0x53A8, 0x45B6, 0x5300, 0x58D5, 0x5171, 0x45B7, 0x4C3C, 0x48B0, 0x4C54, 0x4946, 0x4947, 0x3A9B, 0x520F, 0x5CC5, 0x5BAE,
    0x5A3E, 0x465C, 0x4713, 0x55F3, 0x53A9, 0x3988, 0x5459, 0x500C, 0x46E6, 0x57FE, 0x4F1A, 0x4AD5, 0x47A3, 0x38D2, 0x4203, 0x4CD7,
    0x38F5, 0x47E8, 0x5BF8, 0x4724, 0x487E, 0x3989, 0x456B, 0x4F69, 0x4F48, 0x5301, 0x55F4, 0x48B1, 0x3D63, 0x5604, 0x515A, 0x56AF,
    0x3EF6, 0x3FBA, 0x4F1B, 0x55FC, 0x4948, 0x560D, 0x5A3F, 0x5258, 0x36CC, 0x4F1C, 0x50A6, 0x5C90, 0x49DF, 0x5973, 0x52D4, 0x4AE3,
    0x3C06, 0x41D6, 0x4A10, 0x4E8A, 0x3E50, 0x4287, 0x429A, 0x599B, 0x47D9, 0x434A, 0x382E, 0x4FF9, 0x3766, 0x45B8, 0x4D99, 0x41D7,
    0x5188, 0x4050, 0x3A67, 0x3B2E, 0x5BAF, 0x53DA, 0x5C99, 0x3BE0, 0x4956, 0x3D64, 0x4418, 0x3856, 0x456C, 0x4B70, 0x4FCA, 0x3822,
    0x5B29, 0x4C55, 0x3E1A, 0x43F1, 0x487F, 0x5533, 0x4ACA, 0x5534, 0x5521, 0x3902, 0x38D3, 0x5BCC, 0x3E40, 0x3BE1, 0x5974, 0x4D06,
    0x4949, 0x3E23, 0x465D, 0x5B2A, 0x4C56, 0x590C, 0x494A, 0x5687, 0x4138, 0x41D8, 0x58C0, 0x5259, 0x44BD, 0x5154, 0x391F, 0x457D,
    0x5BB0, 0x584F, 0x5804, 0x39A0, 0x55BA, 0x5172, 0x47AD, 0x4FEC, 0x3AA1, 0x58D0, 0x4133, 0x3D83, 0x456D, 0x55FD, 0x4FEB, 0x4204,
    0x5994, 0x44DA, 0x3FC6, 0x5025, 0x5BF9, 0x50A7, 0x36A6, 0x5189, 0x547E, 0x457E, 0x3FC7, 0x45B9, 0x465E, 0x435E, 0x5A74, 0x4134,
    0x55DA, 0x44BE, 0x5492, 0x3E07, 0x3FC8, 0x44BF, 0x3A68, 0x4662, 0x545B, 0x5736, 0x4F36, 0x53DB, 0x5522, 0x472C, 0x50E3, 0x47DA,
    0x518A, 0x45BA, 0x5A60, 0x53AA, 0x3B10, 0x44C0, 0x3BE2, 0x5688, 0x4E73, 0x5302, 0x5741, 0x56B0, 0x530C, 0x44C1, 0x545C, 0x5818,
    0x432D, 0x5493, 0x36A7, 0x5848, 0x3790, 0x518B, 0x4714, 0x398A, 0x3FAD, 0x3E08, 0x4DB8, 0x3D69, 0x55DB, 0x3791, 0x5380, 0x4F1D,
    0x5381, 0x4F1E, 0x52D5, 0x379F, 0x3E09, 0x550D, 0x5B02, 0x56C3, 0x518C, 0x55CB, 0x56C4, 0x3A96, 0x5303, 0x5173, 0x53AB, 0x4AAF,
    0x4088, 0x496E, 0x3A88, 0x3A69, 0x550E, 0x4A11, 0x3A9C, 0x3A7D, 0x5A5A, 0x4B98, 0x547F, 0x56C5, 0x36A8, 0x4957, 0x39D7, 0x3FAE,
    0x5155, 0x55FE, 0x4113, 0x4419, 0x3857, 0x3EF7, 0x575F, 0x5C91, 0x4127, 0x55E8, 0x3F7B, 0x4407, 0x435F, 0x405A, 0x549B, 0x53AC,
    0x4880, 0x4427, 0x4428, 0x5210, 0x4B60, 0x59AC, 0x4E6C, 0x5211, 0x55E9, 0x39D8, 0x4B61, 0x39C3, 0x3F10, 0x496F, 0x38F7, 0x3ECF,
    0x5850, 0x43F2, 0x45BB, 0x43F3, 0x5480, 0x4DA3, 0x3CB9, 0x4DD5, 0x4971, 0x4C3D, 0x3B2F, 0x42C4, 0x36A9, 0x518D, 0x42AB, 0x5494,
    0x48B8, 0x380F, 0x4288, 0x518E, 0x56B1, 0x582F, 0x47E9, 0x39A6, 0x3E0A, 0x5C78, 0x4B72, 0x5AF8, 0x58F8, 0x47CD, 0x5835, 0x56C6,
    0x3A6A, 0x3E0B, 0x3858, 0x3E41, 0x5174, 0x582A, 0x46E7, 0x3F96, 0x47DB, 0x5304, 0x53C3, 0x443A, 0x3F7C, 0x560E, 0x53AD, 0x5481,
    0x3B11, 0x5018, 0x5989, 0x4F20, 0x3E46, 0x4881, 0x4DD6, 0x4F1F, 0x4E4E, 0x58CD, 0x398B, 0x5995, 0x5BE3, 0x3E0C, 0x3D54, 0x4E8B,
    0x4D9A, 0x47E0, 0x3D6A, 0x560F, 0x4E6D, 0x47CE, 0x3823, 0x518F, 0x5305, 0x550F, 0x3E47, 0x545D, 0x53C4, 0x55DC, 0x4715, 0x4F21,
    0x4034, 0x3793, 0x597C, 0x4D9C, 0x4135, 0x5A40, 0x4882, 0x5BC6, 0x4FED, 0x4102, 0x43F4, 0x3EBB, 0x4F54, 0x4CEC, 0x4128, 0x5AF9,
    0x3C00, 0x434B, 0x5695, 0x45BC, 0x36E8, 0x5819, 0x3A6B, 0x47CF, 0x5175, 0x4DE3, 0x39D9, 0x3EE4, 0x3A7E, 0x44C2, 0x3991, 0x4DD7,
    0x3E0D, 0x4A00, 0x56B2, 0x5A4E, 0x456E, 0x3E51, 0x525A, 0x3D4E, 0x4F22, 0x525B, 0x56B3, 0x50B3, 0x4360, 0x53AE, 0x53AF, 0x5689,
    0x41BD, 0x3EC3, 0x4883, 0x5C6A, 0x5B30, 0x462E, 0x48B2, 0x5742, 0x568A, 0x52D6, 0x47A4, 0x56B4, 0x4FCB, 0x50E4, 0x568B, 0x5B03,
    0x432E, 0x3F9F, 0x3784, 0x4ACB, 0x5555, 0x4F23, 0x46F8, 0x407F, 0x53CB, 0x4AA6, 0x3EF8, 0x4080, 0x3BF0, 0x47F1, 0x525C, 0x44C3,
    0x5771, 0x5306, 0x55DD, 0x4DD8, 0x5556, 0x3E48, 0x380B, 0x5851, 0x463F, 0x4F38, 0x3B18, 0x3F97, 0x4CDE, 0x5212, 0x3750, 0x3794,
    0x5A75, 0x382F, 0x4B9C, 0x4E74, 0x432F, 0x3A6C, 0x48B9, 0x525D, 0x4F49, 0x569F, 0x3E37, 0x4716, 0x5213, 0x4884, 0x41BE, 0x59B6,
    0x4C58, 0x3A6D, 0x47D0, 0x4885, 0x525E, 0x5A86, 0x443B, 0x46E8, 0x58F9, 0x3795, 0x3767, 0x3FB7, 0x56B5, 0x56B6, 0x515B, 0x48B3,
    0x3D65, 0x525F, 0x3BE3, 0x5214, 0x3BE4, 0x3B3F, 0x41F0, 0x46F9, 0x38F8, 0x5514, 0x4C3F, 0x3F7D, 0x398C, 0x3E0E, 0x4A01, 0x3D4F,
    0x4F24, 0x37A0, 0x5772, 0x5382, 0x3830, 0x4DB9, 0x47EF, 0x56B7, 0x5AFA, 0x377C, 0x5B2B, 0x5482, 0x5019, 0x530D, 0x5190, 0x4DBA,
    0x3859, 0x4042, 0x54FC, 0x5BFE, 0x5383, 0x4717, 0x5215, 0x55EA, 0x57F4, 0x53B0, 0x36E9, 0x36EA, 0x39B3, 0x5523, 0x5515, 0x50E5,
    0x4273, 0x472D, 0x58DE, 0x377D, 0x4F39, 0x59A7, 0x59A8, 0x36CD, 0x4297, 0x3751, 0x36B5, 0x59BD, 0x4377, 0x3B12, 0x3F06, 0x4BA8,
    0x4C15, 0x4A12, 0x4A1A, 0x5BCD, 0x59BE, 0x3A97, 0x5839, 0x39A1, 0x55DE, 0x43EC, 0x44C4, 0x55DF, 0x58B2, 0x4D07, 0x434C, 0x5307,
    0x49F2, 0x5782, 0x597D, 0x44C5, 0x4043, 0x4139, 0x3768, 0x59A9, 0x58DF, 0x59BF, 0x472E, 0x492E, 0x55CC, 0x4E6F, 0x5483, 0x52D7,
    0x4361, 0x4F4F, 0x5484, 0x4068, 0x3E0F, 0x59B7, 0x4054, 0x4ACC, 0x4DD9, 0x405F, 0x3D84, 0x4886, 0x5BE4, 0x38D4, 0x3819, 0x4E4F,
    0x4A2F, 0x3B21, 0x52D8, 0x5146, 0x4089, 0x4887, 0x4888, 0x5A5C, 0x4F4A, 0x3FA0, 0x55CD, 0x50B4, 0x4A0B, 0x4E56, 0x49F3, 0x54FD,
    0x38F9, 0x5760, 0x53C5, 0x50A8, 0x4CED, 0x5176, 0x5308, 0x4889, 0x49E3, 0x56B8, 0x50C1, 0x4081, 0x3C10, 0x4DDA, 0x4DDB, 0x4725,
    0x4274, 0x44DB, 0x4E50, 0x3F98, 0x3FC9, 0x42AC, 0x5216, 0x488A, 0x5260, 0x5485, 0x5228, 0x4C5A, 0x4090, 0x4C41, 0x465F, 0x5996,
    0x4205, 0x462F, 0x3FAF, 0x43ED, 0x52D9, 0x3F11, 0x4A30, 0x3F99, 0x5605, 0x5261, 0x52C2, 0x456F, 0x4289, 0x414D, 0x5A61, 0x500E,
    0x5BB1, 0x500F, 0x411C, 0x5B04, 0x4A0C, 0x3920, 0x3A76, 0x36D7, 0x3A77, 0x58CE, 0x55E0, 0x4E8C, 0x59AA, 0x3E10, 0x4F50, 0x47D1,
    0x4E51, 0x5A4F, 0x5B2C, 0x5A7A, 0x52C3, 0x385A, 0x5A30, 0x48B4, 0x488B, 0x4DE4, 0x47EA, 0x4C5B, 0x4D08, 0x42C5, 0x3E24, 0x5849,
    0x3F9A, 0x3E42, 0x5A87, 0x385B, 0x5830, 0x457F, 0x398D, 0x52DA, 0x4A37, 0x4A02, 0x4A0D, 0x4E70, 0x5217, 0x4051, 0x5B2D, 0x38FA,
    0x5218, 0x5A76, 0x5975, 0x4640, 0x581A, 0x590E, 0x590D, 0x4570, 0x4373, 0x4958, 0x47E1, 0x3BE5, 0x5765, 0x4F51, 0x42C6, 0x4FF0,
    0x45BD, 0x58FA, 0x4959, 0x39DA, 0x5A50, 0x4ACE, 0x4FF1, 0x5524, 0x49F4, 0x4B63, 0x5219, 0x4408, 0x39A2, 0x4114, 0x3B30, 0x3A9D,
    0x5525, 0x4718, 0x3BE6, 0x4D9D, 0x4CEE, 0x5A51, 0x488C, 0x5A52, 0x5987, 0x4429, 0x5AFB, 0x40FA, 0x4AD6, 0x5976, 0x5783, 0x5761,
    0x48B5, 0x501A, 0x42AD, 0x53B1, 0x3CA9, 0x3A6E, 0x36AA, 0x44C6, 0x5784, 0x45BE, 0x5A41, 0x3EC4, 0x53C6, 0x4583, 0x4409, 0x3BE7,
    0x3BE8, 0x58CF, 0x37A1, 0x3E52, 0x56B9, 0x47D2, 0x413A, 0x590F, 0x3A6F, 0x5C6B, 0x39DB, 0x5A5D, 0x385C, 0x4B73, 0x5743, 0x3F07,
    0x3BE9, 0x5BC7, 0x3F08, 0x3910, 0x5A42, 0x488D, 0x5610, 0x38FB, 0x4C16, 0x4330, 0x488E, 0x4035, 0x5836, 0x4E53, 0x3B02, 0x39BF,
    0x5B36, 0x4331, 0x4369, 0x4136, 0x4E8D, 0x40FB, 0x4AD7, 0x3FB0, 0x5229, 0x58FB, 0x4A0E, 0x39DC, 0x4719, 0x4082, 0x5606, 0x390D,
    0x385D, 0x56BA, 0x4A03, 0x442A, 0x5997, 0x5BC8, 0x4CD8, 0x4115, 0x3769, 0x43F7, 0x408A, 0x5309, 0x44C7, 0x3A70, 0x443C, 0x41BF,
    0x4B9E, 0x49F5, 0x4E71, 0x4A25, 0x4A1E, 0x5B43, 0x3824, 0x49F6, 0x3903, 0x4206, 0x44E6, 0x50B5, 0x41DF, 0x4A9A, 0x599C, 0x38D5,
    0x3A71, 0x5744, 0x5C9A, 0x4F58, 0x3FB1, 0x4A9B, 0x3ECD, 0x3FB2, 0x59B8, 0x4C17, 0x3FB8, 0x3BEA, 0x3FB9, 0x3F09, 0x45BF, 0x408B,
    0x413B, 0x3A78, 0x414E, 0x40FC, 0x5C92, 0x5BE5, 0x46E9, 0x3F0A, 0x5CA0, 0x380C, 0x4208, 0x3D85, 0x56CC, 0x522A, 0x3D75, 0x428A,
    0x4CD9, 0x43F8, 0x52C4, 0x38FC, 0x46EA, 0x4571, 0x52DB, 0x5156, 0x5157, 0x5762, 0x5177, 0x3F9B, 0x4726, 0x5516, 0x4AD8, 0x4A04,
    0x4036, 0x434D, 0x36EB, 0x3A72, 0x2342, 0x2343, 0x0000, 0x0001, 0x2344, 0x0002, 0x0003, 0x2345, 0x2346, 0x2347, 0x2348, 0x0004,
    0x0005, 0x0006, 0x0007, 0x0008, 0x2349, 0x234A, 0x234B, 0x234C, 0x234D, 0x234E, 0x234F, 0x2350, 0x0009, 0x2351, 0x2352, 0x2353,
    0x2354, 0x2355, 0x000A, 0x000B, 0x2356, 0x000C, 0x000D, 0x000E, 0x2357, 0x000F, 0x0010, 0x0011, 0x0012, 0x0013, 0x0014, 0x0015,
    0x2358, 0x2359, 0x0016, 0x235A, 0x235B, 0x235C, 0x0017, 0x0018, 0x0019, 0x0020, 0x0021, 0x0022, 0x235D, 0x235E, 0x0023, 0x0024,
    0x235F, 0x0025, 0x0026, 0x0027, 0x2360, 0x0028, 0x0029, 0x002A, 0x002B, 0x002C, 0x002D, 0x002E, 0x002F, 0x0030, 0x0031, 0x2361,
    0x0032, 0x2362, 0x0033, 0x0034, 0x0035, 0x0036, 0x0037, 0x0038, 0x2363, 0x0039, 0x0040, 0x0041, 0x2364, 0x0042, 0x0043, 0x0044,
    0x2365, 0x0045, 0x0046, 0x0047, 0x0048, 0x0049, 0x004A, 0x004B, 0x004C, 0x004D, 0x004E, 0x004F, 0x0050, 0x0051, 0x0052, 0x0053,
    0x0054, 0x0055, 0x0056, 0x0057, 0x2366, 0x2367, 0x0058, 0x0059, 0x2368, 0x005A, 0x005B, 0x2369, 0x236A, 0x005C, 0x236B, 0x005D,
    0x005E, 0x005F, 0x0060, 0x0061, 0x236C, 0x236D, 0x0062, 0x236E, 0x236F, 0x2370, 0x2371, 0x0063, 0x0064, 0x2372, 0x2373, 0x2374,
    0x2375, 0x0065, 0x0066, 0x0067, 0x2376, 0x0068, 0x0069, 0x006A, 0x2377, 0x006B, 0x006C, 0x006D, 0x006E, 0x006F, 0x0070, 0x0071,
    0x2378, 0x2379, 0x0072, 0x237A, 0x237B, 0x237C, 0x0073, 0x0074, 0x0075, 0x0076, 0x0077, 0x0078, 0x237D, 0x237E, 0x237F, 0x0079,
    0x2380, 0x007A, 0x007B, 0x2381, 0x2382, 0x007C, 0x007D, 0x007E, 0x007F, 0x0080, 0x0081, 0x0082, 0x2383, 0x2384, 0x0083, 0x2385,
    0x2386, 0x2387, 0x0084, 0x0085, 0x0086, 0x2388, 0x0087, 0x0088, 0x2389, 0x0089, 0x008A, 0x008B, 0x238A, 0x008C, 0x008D, 0x008E,
    0x238B, 0x008F, 0x0090, 0x0091, 0x0092, 0x0093, 0x0094, 0x0095, 0x0096, 0x238C, 0x0097, 0x238D, 0x0098, 0x0099, 0x009A, 0x009B,
    0x009C, 0x009D, 0x009E, 0x009F, 0x238E, 0x238F, 0x00A0, 0x00A1, 0x2390, 0x00A2, 0x00A3, 0x2391, 0x2392, 0x00A4, 0x2393, 0x00A5,
    0x2394, 0x00A6, 0x00A7, 0x2395, 0x2396, 0x2397, 0x00A8, 0x2398, 0x00A9, 0x2399, 0x239A, 0x00AA, 0x00AB, 0x00AC, 0x00AD, 0x00AE,
    0x239B, 0x239C, 0x00AF, 0x00B0, 0x239D, 0x00B1, 0x00B2, 0x00B3, 0x239E, 0x00B4, 0x239F, 0x00B5, 0x00B6, 0x00B7, 0x00B8, 0x00B9,
    0x2400, 0x2401, 0x00BA, 0x2402, 0x00BB, 0x2403, 0x00BC, 0x00BD, 0x00BE, 0x00BF, 0x00C0, 0x00C1, 0x2404, 0x00C2, 0x00C3, 0x00C4,
    0x2405, 0x00C5, 0x00C6, 0x00C7, 0x2406, 0x00C8, 0x00C9, 0x00CA, 0x00CB, 0x00CC, 0x00CD, 0x00CE, 0x00CF, 0x2407, 0x00D0, 0x00D1,
    0x2408, 0x2409, 0x00D2, 0x00D3, 0x00D4, 0x00D5, 0x00D6, 0x00D7, 0x240A, 0x240B, 0x00DE, 0x00DF, 0x240C, 0x00E0, 0x00E1, 0x00E2,
    0x240D, 0x00E3, 0x00E4, 0x00E5, 0x00E6, 0x00E7, 0x00E8, 0x00E9, 0x240E, 0x240F, 0x00EA, 0x2410, 0x00EB, 0x2411, 0x00EC, 0x00ED,
    0x00EE, 0x00EF, 0x00F0, 0x00F1, 0x2412, 0x00F2, 0x00F3, 0x00F4, 0x2413, 0x00F5, 0x00F6, 0x00F7, 0x2414, 0x00FE, 0x00FF, 0x0100,
    0x0101, 0x0102, 0x0103, 0x0104, 0x0105, 0x2415, 0x0106, 0x2416, 0x0107, 0x0108, 0x0109, 0x010A, 0x010B, 0x010C, 0x010D, 0x010E,
    0x2417, 0x2418, 0x010F, 0x0110, 0x2419, 0x0111, 0x0112, 0x241A, 0x241B, 0x241C, 0x241D, 0x0113, 0x0114, 0x0115, 0x0116, 0x241E,
    0x241F, 0x2420, 0x0117, 0x2421, 0x0118, 0x2422, 0x2423, 0x0119, 0x011A, 0x011B, 0x011C, 0x011D, 0x2424, 0x2425, 0x011E, 0x011F,
    0x2426, 0x0120, 0x0121, 0x0122, 0x2427, 0x0123, 0x0124, 0x0125, 0x0126, 0x0127, 0x0128, 0x0129, 0x012A, 0x012B, 0x012C, 0x012D,
    0x2428, 0x2429, 0x012E, 0x012F, 0x0130, 0x0131, 0x0132, 0x0133, 0x242A, 0x0134, 0x0135, 0x0136, 0x0137, 0x0138, 0x0139, 0x013A,
    0x013B, 0x013C, 0x013D, 0x013E, 0x013F, 0x0140, 0x0141, 0x0142, 0x0143, 0x0144, 0x0145, 0x242B, 0x0146, 0x0147, 0x0148, 0x0149,
    0x014A, 0x014B, 0x014C, 0x014D, 0x242C, 0x242D, 0x014E, 0x014F, 0x242E, 0x0150, 0x0151, 0x0152, 0x242F, 0x0153, 0x0154, 0x0155,
    0x0156, 0x0157, 0x0158, 0x0159, 0x2430, 0x2431, 0x015A, 0x2432, 0x015B, 0x015C, 0x015D, 0x015E, 0x015F, 0x0160, 0x0161, 0x0162,
    0x2433, 0x0163, 0x0164, 0x0165, 0x2434, 0x0166, 0x0167, 0x0168, 0x2435, 0x0169, 0x016A, 0x016B, 0x016C, 0x016D, 0x016E, 0x016F,
    0x0170, 0x0171, 0x0172, 0x0173, 0x0174, 0x0175, 0x0176, 0x0177, 0x0178, 0x0179, 0x017A, 0x017B, 0x2436, 0x2437, 0x017C, 0x017D,
    0x2438, 0x017E, 0x017F, 0x2439, 0x243A, 0x243B, 0x0180, 0x0181, 0x0182, 0x0183, 0x0184, 0x0185, 0x243C, 0x243D, 0x0186, 0x243E,
    0x0187, 0x243F, 0x0188, 0x0189, 0x018A, 0x018B, 0x018C, 0x018D, 0x2440, 0x018E, 0x018F, 0x0190, 0x0191, 0x0192, 0x0193, 0x0194,
    0x0195, 0x019C, 0x019D, 0x019E, 0x019F, 0x01A0, 0x01A1, 0x01A2, 0x01A3, 0x01A4, 0x01A5, 0x01A6, 0x01A7, 0x01A8, 0x01A9, 0x01AA,
    0x01AB, 0x01AC, 0x01AD, 0x01AE, 0x2441, 0x2442, 0x01AF, 0x01B0, 0x2443, 0x01B1, 0x01B2, 0x2444, 0x2445, 0x01B3, 0x2446, 0x01B4,
    0x01B5, 0x01BC, 0x01BD, 0x01BE, 0x2447, 0x2448, 0x01BF, 0x2449, 0x01C0, 0x244A, 0x244B, 0x01C1, 0x01C2, 0x01C3, 0x244C, 0x01C4,
    0x244D, 0x244E, 0x244F, 0x01C5, 0x2450, 0x01C6, 0x01C7, 0x01C8, 0x2451, 0x01C9, 0x2452, 0x01CA, 0x01CB, 0x01CC, 0x01CD, 0x01CE,
    0x2453, 0x2454, 0x01CF, 0x2455, 0x2456, 0x2457, 0x01D0, 0x01D1, 0x01D2, 0x2458, 0x01D3, 0x01D4, 0x2459, 0x245A, 0x01D5, 0x01D6,
    0x245B, 0x01D7, 0x01D8, 0x01D9, 0x245C, 0x01DA, 0x01DB, 0x01DC, 0x01DD, 0x01DE, 0x01DF, 0x01E0, 0x245D, 0x24BE, 0x01E1, 0x24BF,
    0x24C0, 0x24C1, 0x01E2, 0x01E3, 0x01E4, 0x01E5, 0x01E6, 0x01E7, 0x24C2, 0x24C3, 0x01E8, 0x01E9, 0x01EA, 0x01EB, 0x01EC, 0x01ED,
    0x24C4, 0x01EE, 0x01EF, 0x01F0, 0x01F1, 0x01F2, 0x01F3, 0x01F4, 0x01F5, 0x01F6, 0x01F7, 0x01F8, 0x01F9, 0x01FA, 0x01FB, 0x01FC,
    0x01FD, 0x01FE, 0x01FF, 0x0200, 0x0201, 0x0202, 0x0203, 0x0204, 0x0205, 0x0206, 0x0207, 0x0208, 0x0209, 0x020A, 0x020B, 0x020C,
    0x020D, 0x020E, 0x020F, 0x0210, 0x0211, 0x0212, 0x0213, 0x0214, 0x0215, 0x0216, 0x0217, 0x0218, 0x0219, 0x021A, 0x021B, 0x021C,
    0x24C5, 0x24C6, 0x24C7, 0x021D, 0x24C8, 0x021E, 0x021F, 0x0220, 0x24C9, 0x0221, 0x0222, 0x0223, 0x0224, 0x0225, 0x0226, 0x0227,
    0x24CA, 0x24CB, 0x0228, 0x24CC, 0x24CD, 0x24CE, 0x0229, 0x022A, 0x022B, 0x022C, 0x022D, 0x022E, 0x24CF, 0x24D0, 0x022F, 0x0230,
    0x24D1, 0x0231, 0x0232, 0x0233, 0x0234, 0x0235, 0x0236, 0x0237, 0x0238, 0x0239, 0x023A, 0x023B, 0x24D2, 0x023C, 0x023D, 0x24D3,
    0x023E, 0x24D4, 0x023F, 0x0240, 0x0241, 0x0242, 0x0243, 0x0244, 0x24D5, 0x0245, 0x0246, 0x0247, 0x24D6, 0x0248, 0x0249, 0x024A,
    0x24D7, 0x024B, 0x024C, 0x024D, 0x024E, 0x024F, 0x0250, 0x0251, 0x0252, 0x0253, 0x025A, 0x24D8, 0x24D9, 0x025B, 0x025C, 0x025D,
    0x025E, 0x24DA, 0x025F, 0x0260, 0x24DB, 0x0261, 0x0262, 0x0263, 0x0264, 0x0265, 0x0266, 0x0267, 0x0268, 0x0269, 0x026A, 0x026B,
    0x026C, 0x026D, 0x026E, 0x026F, 0x0270, 0x0271, 0x0272, 0x0273, 0x027A, 0x027B, 0x027C, 0x027D, 0x027E, 0x027F, 0x0280, 0x0281,
    0x24DC, 0x24DD, 0x0282, 0x0283, 0x24DE, 0x0284, 0x24DF, 0x0285, 0x24E0, 0x0286, 0x0287, 0x0288, 0x0289, 0x028A, 0x028B, 0x028C,
    0x24E1, 0x24E2, 0x028D, 0x24E3, 0x028E, 0x24E4, 0x24E5, 0x24E6, 0x028F, 0x0290, 0x0291, 0x0292, 0x24E7, 0x24E8, 0x0293, 0x0294,
    0x0295, 0x0296, 0x0297, 0x0298, 0x24E9, 0x0299, 0x029A, 0x029B, 0x029C, 0x029D, 0x029E, 0x029F, 0x02A0, 0x02A1, 0x02A2, 0x02A3,
    0x24EA, 0x24EB, 0x02A4, 0x02A5, 0x02A6, 0x02A7, 0x02A8, 0x02A9, 0x24EC, 0x24ED, 0x02AA, 0x02AB, 0x02AC, 0x02AD, 0x02AE, 0x02AF,
    0x02B0, 0x02B1, 0x02B2, 0x02B3, 0x02B4, 0x02B5, 0x02B6, 0x02B7, 0x02B8, 0x02B9, 0x02BA, 0x02BB, 0x02BC, 0x24EE, 0x02BD, 0x02BE,
    0x02BF, 0x02C0, 0x02C1, 0x02C2, 0x24EF, 0x02C3, 0x02C4, 0x02C5, 0x24F0, 0x02C6, 0x02C7, 0x02C8, 0x24F1, 0x02C9, 0x02CA, 0x02CB,
    0x02CC, 0x02CD, 0x02CE, 0x02CF, 0x24F2, 0x24F3, 0x02D0, 0x02D1, 0x02D2, 0x24F4, 0x02D3, 0x02D4, 0x02D5, 0x02D6, 0x02D7, 0x02D8,
    0x24F5, 0x02D9, 0x02DA, 0x02DB, 0x02DC, 0x02DD, 0x02DE, 0x02DF, 0x02E0, 0x02E1, 0x02E2, 0x02E3, 0x02E4, 0x02E5, 0x02E6, 0x02E7,
    0x02E8, 0x02E9, 0x02EA, 0x02EB, 0x02EC, 0x02ED, 0x02EE, 0x02EF, 0x02F0, 0x02F1, 0x02F2, 0x02F3, 0x24F6, 0x24F7, 0x02F4, 0x02F5,
    0x24F8, 0x02F6, 0x02F7, 0x02F8, 0x24F9, 0x02F9, 0x02FA, 0x02FB, 0x02FC, 0x02FD, 0x02FE, 0x24FA, 0x24FB, 0x24FC, 0x02FF, 0x24FD,
    0x0300, 0x24FE, 0x24FF, 0x0301, 0x0302, 0x0303, 0x0304, 0x0305, 0x2500, 0x0306, 0x0307, 0x0308, 0x0309, 0x030A, 0x030B, 0x030C,
    0x2501, 0x030D, 0x030E, 0x030F, 0x0310, 0x0311, 0x0318, 0x0319, 0x031A, 0x031B, 0x031C, 0x031D, 0x2502, 0x2503, 0x031E, 0x031F,
    0x0320, 0x0321, 0x0322, 0x0323, 0x2504, 0x2505, 0x0324, 0x0325, 0x2506, 0x0326, 0x0327, 0x0328, 0x2507, 0x0329, 0x032A, 0x032B,
    0x032C, 0x032D, 0x032E, 0x032F, 0x2508, 0x2509, 0x0330, 0x0331, 0x250A, 0x0338, 0x0339, 0x033A, 0x033B, 0x033C, 0x033D, 0x033E,
    0x250B, 0x033F, 0x0340, 0x0341, 0x250C, 0x0342, 0x0343, 0x0344, 0x250D, 0x0345, 0x0346, 0x0347, 0x0348, 0x0349, 0x034A, 0x034B,
    0x250E, 0x250F, 0x034C, 0x034D, 0x034E, 0x034F, 0x0350, 0x0351, 0x0352, 0x0353, 0x0354, 0x0355, 0x2510, 0x0356, 0x0357, 0x0358,
    0x0359, 0x035A, 0x035B, 0x035C, 0x035D, 0x035E, 0x035F, 0x0360, 0x0361, 0x0362, 0x0363, 0x0364, 0x0365, 0x0366, 0x0367, 0x0368,
    0x0369, 0x036A, 0x036B, 0x036C, 0x036D, 0x036E, 0x036F, 0x0370, 0x2511, 0x2512, 0x0371, 0x0372, 0x2513, 0x0373, 0x2514, 0x0374,
    0x2515, 0x0375, 0x2516, 0x0376, 0x0377, 0x0378, 0x0379, 0x2517, 0x2518, 0x2519, 0x037A, 0x251A, 0x037B, 0x251B, 0x037C, 0x037D,
    0x037E, 0x257C, 0x037F, 0x0380, 0x0381, 0x0382, 0x0383, 0x0384, 0x0385, 0x0386, 0x0387, 0x0388, 0x0389, 0x038A, 0x038B, 0x038C,
    0x038D, 0x038E, 0x038F, 0x0390, 0x0391, 0x0392, 0x0393, 0x0394, 0x0395, 0x0396, 0x0397, 0x0398, 0x0399, 0x039A, 0x039B, 0x039C,
    0x257D, 0x257E, 0x039D, 0x039E, 0x257F, 0x039F, 0x03A0, 0x03A1, 0x2580, 0x03A2, 0x03A3, 0x03A4, 0x03A5, 0x03A6, 0x03A7, 0x03A8,
    0x2581, 0x2582, 0x03A9, 0x2583, 0x03AA, 0x2584, 0x03AB, 0x03AC, 0x03AD, 0x03AE, 0x03AF, 0x03B0, 0x2585, 0x2586, 0x2587, 0x03B1,
    0x2588, 0x03B2, 0x03B3, 0x2589, 0x258A, 0x258B, 0x258C, 0x03B4, 0x03B5, 0x03B6, 0x03B7, 0x03B8, 0x258D, 0x258E, 0x03B9, 0x258F,
    0x2590, 0x2591, 0x2592, 0x2593, 0x03BA, 0x2594, 0x03BB, 0x2595, 0x2596, 0x2597, 0x03BC, 0x03BD, 0x2598, 0x03BE, 0x03BF, 0x03C0,
    0x2599, 0x03C1, 0x03C2, 0x03C3, 0x03C4, 0x03C5, 0x03C6, 0x03C7, 0x259A, 0x259B, 0x03C8, 0x259C, 0x259D, 0x259E, 0x03C9, 0x03CA,
    0x03CB, 0x03CC, 0x03CD, 0x03CE, 0x259F, 0x25A0, 0x03CF, 0x03D6, 0x25A1, 0x03D7, 0x03D8, 0x03D9, 0x25A2, 0x03DA, 0x03DB, 0x03DC,
    0x03DD, 0x03DE, 0x03DF, 0x03E0, 0x25A3, 0x03E1, 0x03E2, 0x03E3, 0x03E4, 0x25A4, 0x03E5, 0x03E6, 0x03E7, 0x03E8, 0x03E9, 0x03EA,
    0x03EB, 0x03EC, 0x03ED, 0x03EE, 0x03EF, 0x03F6, 0x03F7, 0x03F8, 0x03F9, 0x03FA, 0x03FB, 0x03FC, 0x03FD, 0x03FE, 0x03FF, 0x0400,
    0x0401, 0x0402, 0x0403, 0x0404, 0x0405, 0x0406, 0x0407, 0x0408, 0x0409, 0x040A, 0x040B, 0x040C, 0x25A5, 0x25A6, 0x040D, 0x25A7,
    0x25A8, 0x040E, 0x040F, 0x0410, 0x25A9, 0x0411, 0x25AA, 0x25AB, 0x0412, 0x0413, 0x0414, 0x0415, 0x25AC, 0x25AD, 0x0416, 0x25AE,
    0x25AF, 0x25B0, 0x0417, 0x0418, 0x0419, 0x041A, 0x041B, 0x25B1, 0x25B2, 0x25B3, 0x041C, 0x041D, 0x25B4, 0x041E, 0x041F, 0x0420,
    0x25B5, 0x0421, 0x0422, 0x0423, 0x0424, 0x0425, 0x0426, 0x0427, 0x25B6, 0x25B7, 0x0428, 0x25B8, 0x25B9, 0x25BA, 0x0429, 0x042A,
    0x042B, 0x042C, 0x042D, 0x042E, 0x25BB, 0x25BC, 0x042F, 0x0430, 0x25BD, 0x0431, 0x0432, 0x0433, 0x25BE, 0x0434, 0x0435, 0x0436,
    0x0437, 0x0438, 0x0439, 0x043A, 0x25BF, 0x25C0, 0x043B, 0x043C, 0x25C1, 0x25C2, 0x043D, 0x043E, 0x25C3, 0x043F, 0x0440, 0x0441,
    0x25C4, 0x0442, 0x0443, 0x0444, 0x25C5, 0x0445, 0x0446, 0x0447, 0x0448, 0x0449, 0x044A, 0x044B, 0x044C, 0x044D, 0x044E, 0x044F,
    0x0450, 0x0451, 0x0452, 0x0453, 0x0454, 0x0455, 0x0456, 0x0457, 0x0458, 0x0459, 0x045A, 0x045B, 0x25C6, 0x25C7, 0x045C, 0x045D,
    0x25C8, 0x045E, 0x045F, 0x0460, 0x25C9, 0x0461, 0x25CA, 0x0462, 0x0463, 0x0464, 0x0465, 0x0466, 0x25CB, 0x25CC, 0x0467, 0x25CD,
    0x0468, 0x25CE, 0x0469, 0x046A, 0x046B, 0x046C, 0x25CF, 0x25D0, 0x25D1, 0x046D, 0x046E, 0x046F, 0x25D2, 0x0470, 0x0471, 0x0472,
    0x25D3, 0x0473, 0x0474, 0x0475, 0x0476, 0x0477, 0x0478, 0x0479, 0x047A, 0x047B, 0x047C, 0x047D, 0x25D4, 0x047E, 0x047F, 0x0480,
    0x0481, 0x0482, 0x0483, 0x0484, 0x0485, 0x0486, 0x0487, 0x0488, 0x0489, 0x048A, 0x048B, 0x048C, 0x048D, 0x0494, 0x0495, 0x0496,
    0x0497, 0x0498, 0x0499, 0x049A, 0x049B, 0x049C, 0x049D, 0x049E, 0x049F, 0x04A0, 0x04A1, 0x04A2, 0x04A3, 0x04A4, 0x04A5, 0x04A6,
    0x25D5, 0x04A7, 0x04A8, 0x04A9, 0x25D6, 0x04AA, 0x04AB, 0x04AC, 0x25D7, 0x04AD, 0x04B4, 0x04B5, 0x04B6, 0x04B7, 0x04B8, 0x04B9,
    0x25D8, 0x25D9, 0x04BA, 0x263A, 0x04BB, 0x04BC, 0x04BD, 0x04BE, 0x04BF, 0x04C0, 0x04C1, 0x04C2, 0x263B, 0x263C, 0x04C3, 0x04C4,
    0x263D, 0x04C5, 0x04C6, 0x04C7, 0x263E, 0x04C8, 0x04C9, 0x04CA, 0x04CB, 0x04CC, 0x04CD, 0x04CE, 0x04CF, 0x263F, 0x04D0, 0x2640,
    0x04D1, 0x2641, 0x04D2, 0x04D3, 0x04D4, 0x04D5, 0x04D6, 0x04D7, 0x2642, 0x2643, 0x04D8, 0x04D9, 0x2644, 0x04DA, 0x04DB, 0x2645,
    0x2646, 0x04DC, 0x04DD, 0x04DE, 0x04DF, 0x04E0, 0x04E1, 0x04E2, 0x2647, 0x2648, 0x04E3, 0x2649, 0x04E4, 0x264A, 0x04E5, 0x04E6,
    0x04E7, 0x04E8, 0x04E9, 0x04EA, 0x264B, 0x04EB, 0x04EC, 0x04ED, 0x04EE, 0x04EF, 0x04F0, 0x04F1, 0x04F2, 0x04F3, 0x04F4, 0x04F5,
    0x04F6, 0x04F7, 0x04F8, 0x04F9, 0x04FA, 0x04FB, 0x04FC, 0x04FD, 0x264C, 0x04FE, 0x04FF, 0x0500, 0x0501, 0x0502, 0x0503, 0x0504,
    0x264D, 0x0505, 0x0506, 0x0507, 0x0508, 0x0509, 0x050A, 0x050B, 0x050C, 0x050D, 0x050E, 0x050F, 0x0510, 0x0511, 0x0512, 0x0513,
    0x0514, 0x0515, 0x0516, 0x0517, 0x0518, 0x0519, 0x051A, 0x051B, 0x051C, 0x051D, 0x051E, 0x051F, 0x264E, 0x0520, 0x0521, 0x0522,
    0x264F, 0x0523, 0x0524, 0x0525, 0x2650, 0x0526, 0x0527, 0x0528, 0x0529, 0x052A, 0x052B, 0x052C, 0x2651, 0x2652, 0x052D, 0x052E,
    0x052F, 0x0530, 0x0531, 0x0532, 0x0533, 0x0534, 0x0535, 0x0536, 0x2653, 0x2654, 0x0537, 0x0538, 0x0539, 0x053A, 0x053B, 0x053C,
    0x2655, 0x053D, 0x053E, 0x053F, 0x0540, 0x0541, 0x0542, 0x0543, 0x2656, 0x2657, 0x0544, 0x0545, 0x0546, 0x2658, 0x0547, 0x0548,
    0x0549, 0x054A, 0x054B, 0x0552, 0x2659, 0x265A, 0x0553, 0x0554, 0x265B, 0x0555, 0x0556, 0x0557, 0x265C, 0x265D, 0x265E, 0x0558,
    0x0559, 0x055A, 0x055B, 0x055C, 0x265F, 0x2660, 0x055D, 0x2661, 0x055E, 0x2662, 0x2663, 0x055F, 0x0560, 0x0561, 0x2664, 0x0562,
    0x2665, 0x0563, 0x0564, 0x0565, 0x2666, 0x0566, 0x0567, 0x0568, 0x2667, 0x0569, 0x056A, 0x056B, 0x0572, 0x0573, 0x0574, 0x0575,
    0x0576, 0x0577, 0x0578, 0x0579, 0x057A, 0x057B, 0x057C, 0x057D, 0x057E, 0x057F, 0x0580, 0x0581, 0x2668, 0x2669, 0x0582, 0x0583,
    0x266A, 0x0584, 0x0585, 0x0586, 0x266B, 0x0587, 0x266C, 0x0588, 0x0589, 0x058A, 0x058B, 0x058C, 0x266D, 0x266E, 0x058D, 0x266F,
    0x058E, 0x2670, 0x058F, 0x0590, 0x0591, 0x0592, 0x2671, 0x0593, 0x2672, 0x2673, 0x2674, 0x0594, 0x2675, 0x0595, 0x0596, 0x2676,
    0x2677, 0x2678, 0x2679, 0x267A, 0x0597, 0x0598, 0x0599, 0x267B, 0x267C, 0x267D, 0x059A, 0x267E, 0x267F, 0x2680, 0x2681, 0x2682,
    0x059B, 0x059C, 0x059D, 0x2683, 0x2684, 0x2685, 0x059E, 0x059F, 0x2686, 0x05A0, 0x05A1, 0x05A2, 0x2687, 0x05A3, 0x05A4, 0x05A5,
    0x05A6, 0x05A7, 0x05A8, 0x05A9, 0x2688, 0x2689, 0x05AA, 0x268A, 0x268B, 0x268C, 0x05AB, 0x05AC, 0x05AD, 0x05AE, 0x05AF, 0x05B0,
    0x268D, 0x05B1, 0x05B2, 0x05B3, 0x05B4, 0x05B5, 0x05B6, 0x05B7, 0x05B8, 0x05B9, 0x05BA, 0x05BB, 0x05BC, 0x05BD, 0x05BE, 0x05BF,
    0x05C0, 0x05C1, 0x05C2, 0x05C3, 0x05C4, 0x05C5, 0x05C6, 0x05C7, 0x05C8, 0x05C9, 0x05CA, 0x05CB, 0x05CC, 0x05CD, 0x05CE, 0x05CF,
    0x05D0, 0x05D1, 0x05D2, 0x05D3, 0x05D4, 0x05D5, 0x05D6, 0x05D7, 0x05D8, 0x05D9, 0x05DA, 0x05DB, 0x05DC, 0x05DD, 0x05DE, 0x05DF,
    0x05E0, 0x05E1, 0x05E2, 0x05E3, 0x05E4, 0x05E5, 0x05E6, 0x05E7, 0x268E, 0x268F, 0x2690, 0x05E8, 0x2691, 0x05E9, 0x05EA, 0x2692,
    0x2693, 0x05EB, 0x2694, 0x2695, 0x05EC, 0x05ED, 0x05EE, 0x05EF, 0x2696, 0x2697, 0x05F0, 0x26F8, 0x05F1, 0x26F9, 0x05F2, 0x26FA,
    0x05F3, 0x05F4, 0x26FB, 0x05F5, 0x26FC, 0x26FD, 0x05F6, 0x05F7, 0x26FE, 0x05F8, 0x05F9, 0x05FA, 0x26FF, 0x05FB, 0x05FC, 0x05FD,
    0x05FE, 0x05FF, 0x0600, 0x0601, 0x2700, 0x2701, 0x0602, 0x2702, 0x2703, 0x2704, 0x0603, 0x0604, 0x0605, 0x0606, 0x0607, 0x0608,
    0x2705, 0x0609, 0x0610, 0x0611, 0x2706, 0x0612, 0x0613, 0x0614, 0x2707, 0x0615, 0x0616, 0x0617, 0x0618, 0x0619, 0x061A, 0x061B,
    0x061C, 0x061D, 0x061E, 0x061F, 0x2708, 0x2709, 0x0620, 0x0621, 0x0622, 0x0623, 0x0624, 0x0625, 0x270A, 0x0626, 0x0627, 0x0628,
    0x270B, 0x0629, 0x0630, 0x0631, 0x0632, 0x0633, 0x0634, 0x0635, 0x0636, 0x0637, 0x0638, 0x0639, 0x063A, 0x063B, 0x063C, 0x063D,
    0x063E, 0x063F, 0x0640, 0x0641, 0x0642, 0x0643, 0x0644, 0x0645, 0x270C, 0x270D, 0x0646, 0x0647, 0x270E, 0x0648, 0x0649, 0x270F,
    0x2710, 0x064A, 0x2711, 0x064B, 0x2712, 0x064C, 0x064D, 0x064E, 0x2713, 0x2714, 0x064F, 0x2715, 0x0650, 0x2716, 0x0651, 0x2717,
    0x0652, 0x2718, 0x0653, 0x0654, 0x2719, 0x0655, 0x0656, 0x0657, 0x271A, 0x0658, 0x0659, 0x065A, 0x271B, 0x065B, 0x065C, 0x065D,
    0x065E, 0x065F, 0x0660, 0x0661, 0x0662, 0x0663, 0x0664, 0x0665, 0x0666, 0x0667, 0x0668, 0x0669, 0x066A, 0x066B, 0x066C, 0x066D,
    0x271C, 0x066E, 0x066F, 0x0670, 0x0671, 0x0672, 0x0673, 0x0674, 0x0675, 0x0676, 0x0677, 0x0678, 0x0679, 0x067A, 0x067B, 0x067C,
    0x067D, 0x067E, 0x067F, 0x0680, 0x271D, 0x0681, 0x0682, 0x0683, 0x0684, 0x0685, 0x0686, 0x0687, 0x271E, 0x0688, 0x0689, 0x068A,
    0x271F, 0x068B, 0x068C, 0x068D, 0x2720, 0x068E, 0x068F, 0x0690, 0x0691, 0x0692, 0x0693, 0x0694, 0x2721, 0x2722, 0x0695, 0x2723,
    0x0696, 0x0697, 0x0698, 0x0699, 0x069A, 0x069B, 0x069C, 0x069D, 0x2724, 0x069E, 0x069F, 0x06A0, 0x06A1, 0x06A2, 0x06A3, 0x06A4,
    0x06A5, 0x06A6, 0x06A7, 0x06A8, 0x06A9, 0x06AA, 0x06AB, 0x06AC, 0x06AD, 0x06AE, 0x06AF, 0x06B0, 0x06B1, 0x06B2, 0x06B3, 0x06B4,
    0x06B5, 0x06B6, 0x06B7, 0x06B8, 0x2725, 0x2726, 0x06B9, 0x06BA, 0x2727, 0x06BB, 0x06BC, 0x06BD, 0x2728, 0x06BE, 0x06BF, 0x06C0,
    0x06C1, 0x06C2, 0x06C3, 0x06C4, 0x2729, 0x272A, 0x06C5, 0x272B, 0x06C6, 0x272C, 0x06C7, 0x06CE, 0x06CF, 0x06D0, 0x06D1, 0x06D2,
    0x272D, 0x06D3, 0x06D4, 0x06D5, 0x06D6, 0x06D7, 0x06D8, 0x06D9, 0x06DA, 0x06DB, 0x06DC, 0x06DD, 0x06DE, 0x06DF, 0x06E0, 0x06E1,
    0x06E2, 0x06E3, 0x06E4, 0x06E5, 0x272E, 0x06E6, 0x06E7, 0x06EE, 0x06EF, 0x06F0, 0x06F1, 0x06F2, 0x272F, 0x06F3, 0x06F4, 0x06F5,
    0x06F6, 0x06F7, 0x06F8, 0x06F9, 0x06FA, 0x06FB, 0x06FC, 0x06FD, 0x06FE, 0x06FF, 0x0700, 0x0701, 0x0702, 0x0703, 0x0704, 0x0705,
    0x0706, 0x2730, 0x0707, 0x0708, 0x0709, 0x070A, 0x070B, 0x070C, 0x2731, 0x070D, 0x070E, 0x070F, 0x2732, 0x0710, 0x0711, 0x0712,
    0x2733, 0x0713, 0x0714, 0x0715, 0x0716, 0x0717, 0x0718, 0x0719, 0x071A, 0x2734, 0x071B, 0x2735, 0x071C, 0x2736, 0x071D, 0x071E,
    0x071F, 0x0720, 0x0721, 0x0722, 0x2737, 0x0723, 0x0724, 0x0725, 0x2738, 0x0726, 0x0727, 0x0728, 0x2739, 0x0729, 0x072A, 0x072B,
    0x072C, 0x072D, 0x072E, 0x072F, 0x273A, 0x0730, 0x0731, 0x0732, 0x0733, 0x273B, 0x0734, 0x0735, 0x0736, 0x0737, 0x0738, 0x0739,
    0x273C, 0x273D, 0x073A, 0x073B, 0x273E, 0x073C, 0x073D, 0x273F, 0x2740, 0x073E, 0x2741, 0x073F, 0x0740, 0x0741, 0x0742, 0x0743,
    0x2742, 0x2743, 0x0744, 0x2744, 0x0745, 0x2745, 0x0746, 0x0747, 0x0748, 0x0749, 0x074A, 0x074B, 0x2746, 0x074C, 0x074D, 0x074E,
    0x074F, 0x0750, 0x0751, 0x0752, 0x0753, 0x0754, 0x0755, 0x0756, 0x0757, 0x0758, 0x0759, 0x075A, 0x075B, 0x075C, 0x075D, 0x075E,
    0x075F, 0x0760, 0x0761, 0x0762, 0x0763, 0x0764, 0x0765, 0x0766, 0x2747, 0x2748, 0x0767, 0x0768, 0x2749, 0x0769, 0x076A, 0x274A,
    0x274B, 0x076B, 0x076C, 0x076D, 0x076E, 0x076F, 0x0770, 0x0771, 0x274C, 0x274D, 0x0772, 0x274E, 0x274F, 0x2750, 0x2751, 0x0773,
    0x0774, 0x0775, 0x0776, 0x0777, 0x2752, 0x2753, 0x0778, 0x0779, 0x2754, 0x077A, 0x077B, 0x077C, 0x2755, 0x077D, 0x077E, 0x077F,
    0x0780, 0x0781, 0x0782, 0x0783, 0x27B6, 0x27B7, 0x0784, 0x27B8, 0x27B9, 0x27BA, 0x0785, 0x078C, 0x078D, 0x078E, 0x078F, 0x27BB,
    0x27BC, 0x27BD, 0x0790, 0x0791, 0x27BE, 0x0792, 0x0793, 0x0794, 0x27BF, 0x0795, 0x0796, 0x0797, 0x0798, 0x0799, 0x079A, 0x079B,
    0x27C0, 0x27C1, 0x079C, 0x27C2, 0x27C3, 0x27C4, 0x079D, 0x079E, 0x079F, 0x07A0, 0x07A1, 0x07A2, 0x07A3, 0x07A4, 0x07A5, 0x07AC,
    0x07AD, 0x07AE, 0x07AF, 0x07B0, 0x07B1, 0x07B2, 0x07B3, 0x07B4, 0x07B5, 0x07B6, 0x07B7, 0x07B8, 0x07B9, 0x07BA, 0x07BB, 0x07BC,
    0x07BD, 0x07BE, 0x07BF, 0x07C0, 0x07C1, 0x07C2, 0x07C3, 0x07C4, 0x07C5, 0x07C6, 0x07C7, 0x07C8, 0x07C9, 0x07CA, 0x07CB, 0x07CC,
    0x07CD, 0x07CE, 0x07CF, 0x07D0, 0x07D1, 0x07D2, 0x07D3, 0x07D4, 0x07D5, 0x07D6, 0x07D7, 0x07D8, 0x07D9, 0x07DA, 0x07DB, 0x07DC,
    0x07DD, 0x07DE, 0x07DF, 0x07E0, 0x27C5, 0x27C6, 0x07E1, 0x07E2, 0x27C7, 0x07E3, 0x07E4, 0x07E5, 0x27C8, 0x07E6, 0x27C9, 0x27CA,
    0x07E7, 0x07E8, 0x07E9, 0x07EA, 0x27CB, 0x27CC, 0x07EB, 0x27CD, 0x27CE, 0x27CF, 0x07EC, 0x07ED, 0x07EE, 0x07EF, 0x07F0, 0x27D0,
    0x27D1, 0x27D2, 0x07F1, 0x07F2, 0x27D3, 0x07F3, 0x07F4, 0x07F5, 0x27D4, 0x07F6, 0x07F7, 0x07F8, 0x07F9, 0x07FA, 0x07FB, 0x07FC,
    0x27D5, 0x27D6, 0x07FD, 0x27D7, 0x27D8, 0x27D9, 0x07FE, 0x07FF, 0x0800, 0x0801, 0x0802, 0x0803, 0x27DA, 0x0804, 0x0805, 0x0806,
    0x0807, 0x0808, 0x0809, 0x080A, 0x080B, 0x080C, 0x080D, 0x080E, 0x080F, 0x0810, 0x0811, 0x0812, 0x0813, 0x0814, 0x0815, 0x0816,
    0x27DB, 0x0817, 0x0818, 0x0819, 0x081A, 0x081B, 0x081C, 0x081D, 0x081E, 0x081F, 0x0820, 0x0821, 0x0822, 0x0823, 0x0824, 0x0825,
    0x0826, 0x0827, 0x0828, 0x0829, 0x082A, 0x082B, 0x082C, 0x082D, 0x082E, 0x082F, 0x0830, 0x0831, 0x0832, 0x0833, 0x0834, 0x0835,
    0x0836, 0x0837, 0x0838, 0x0839, 0x27DC, 0x27DD, 0x083A, 0x083B, 0x27DE, 0x083C, 0x083D, 0x083E, 0x27DF, 0x083F, 0x0840, 0x0841,
    0x0842, 0x0843, 0x084A, 0x084B, 0x084C, 0x084D, 0x084E, 0x084F, 0x0850, 0x27E0, 0x0851, 0x0852, 0x0853, 0x0854, 0x0855, 0x0856,
    0x27E1, 0x0857, 0x0858, 0x0859, 0x085A, 0x085B, 0x085C, 0x085D, 0x27E2, 0x085E, 0x085F, 0x0860, 0x0861, 0x0862, 0x0863, 0x086A,
    0x086B, 0x086C, 0x086D, 0x086E, 0x086F, 0x0870, 0x0871, 0x0872, 0x0873, 0x0874, 0x0875, 0x0876, 0x27E3, 0x0877, 0x0878, 0x0879,
    0x087A, 0x087B, 0x087C, 0x087D, 0x087E, 0x087F, 0x0880, 0x0881, 0x0882, 0x0883, 0x0884, 0x0885, 0x0886, 0x0887, 0x0888, 0x0889,
    0x088A, 0x088B, 0x088C, 0x088D, 0x088E, 0x088F, 0x0890, 0x0891, 0x27E4, 0x0892, 0x0893, 0x0894, 0x27E5, 0x0895, 0x0896, 0x0897,
    0x0898, 0x0899, 0x089A, 0x089B, 0x089C, 0x089D, 0x089E, 0x089F, 0x08A0, 0x08A1, 0x08A2, 0x08A3, 0x08A4, 0x08A5, 0x08A6, 0x08A7,
    0x08A8, 0x08A9, 0x08AA, 0x08AB, 0x08AC, 0x08AD, 0x08AE, 0x08AF, 0x08B0, 0x08B1, 0x08B2, 0x08B3, 0x08B4, 0x08B5, 0x08B6, 0x08B7,
    0x08B8, 0x08B9, 0x08BA, 0x08BB, 0x08BC, 0x08BD, 0x08BE, 0x08BF, 0x08C0, 0x08C1, 0x08C2, 0x08C3, 0x08C4, 0x08C5, 0x08C6, 0x08C7,
    0x27E6, 0x27E7, 0x08C8, 0x08C9, 0x27E8, 0x08CA, 0x08CB, 0x08CC, 0x27E9, 0x08CD, 0x08CE, 0x08CF, 0x08D0, 0x08D1, 0x08D2, 0x27EA,
    0x27EB, 0x08D3, 0x08D4, 0x08D5, 0x08D6, 0x27EC, 0x08D7, 0x08D8, 0x08D9, 0x08DA, 0x08DB, 0x08DC, 0x08DD, 0x08DE, 0x08DF, 0x08E0,
    0x08E1, 0x08E2, 0x08E3, 0x08E4, 0x08E5, 0x08E6, 0x08E7, 0x08E8, 0x08E9, 0x08EA, 0x08EB, 0x08EC, 0x08ED, 0x08EE, 0x08EF, 0x08F0,
    0x08F1, 0x08F2, 0x08F3, 0x08F4, 0x08F5, 0x08F6, 0x08F7, 0x08F8, 0x27ED, 0x08F9, 0x08FA, 0x08FB, 0x08FC, 0x08FD, 0x08FE, 0x08FF,
    0x0900, 0x0901, 0x0908, 0x0909, 0x090A, 0x090B, 0x090C, 0x090D, 0x090E, 0x090F, 0x0910, 0x0911, 0x0912, 0x0913, 0x0914, 0x0915,
    0x0916, 0x0917, 0x0918, 0x0919, 0x27EE, 0x091A, 0x091B, 0x091C, 0x27EF, 0x091D, 0x091E, 0x091F, 0x27F0, 0x0920, 0x0921, 0x0928,
    0x0929, 0x092A, 0x092B, 0x092C, 0x27F1, 0x27F2, 0x092D, 0x092E, 0x092F, 0x27F3, 0x0930, 0x0931, 0x0932, 0x0933, 0x0934, 0x0935,
    0x0936, 0x0937, 0x0938, 0x0939, 0x093A, 0x093B, 0x093C, 0x093D, 0x093E, 0x093F, 0x0940, 0x0941, 0x0942, 0x0943, 0x0944, 0x0945,
    0x0946, 0x0947, 0x0948, 0x0949, 0x094A, 0x094B, 0x094C, 0x094D, 0x094E, 0x094F, 0x0950, 0x0951, 0x27F4, 0x27F5, 0x0952, 0x0953,
    0x27F6, 0x0954, 0x0955, 0x27F7, 0x27F8, 0x0956, 0x0957, 0x0958, 0x0959, 0x095A, 0x095B, 0x095C, 0x27F9, 0x27FA, 0x095D, 0x27FB,
    0x095E, 0x095F, 0x0960, 0x0961, 0x0962, 0x0963, 0x0964, 0x0965, 0x27FC, 0x0966, 0x0967, 0x0968, 0x27FD, 0x0969, 0x096A, 0x096B,
    0x27FE, 0x096C, 0x096D, 0x096E, 0x096F, 0x0970, 0x0971, 0x0972, 0x27FF, 0x2800, 0x0973, 0x0974, 0x0975, 0x0976, 0x0977, 0x0978,
    0x0979, 0x097A, 0x097B, 0x097C, 0x2801, 0x097D, 0x097E, 0x097F, 0x2802, 0x0980, 0x0981, 0x0982, 0x2803, 0x0983, 0x0984, 0x0985,
    0x0986, 0x0987, 0x0988, 0x0989, 0x2804, 0x2805, 0x098A, 0x2806, 0x098B, 0x2807, 0x098C, 0x098D, 0x098E, 0x098F, 0x0990, 0x0991,
    0x2808, 0x2809, 0x0992, 0x0993, 0x280A, 0x0994, 0x0995, 0x0996, 0x280B, 0x0997, 0x0998, 0x0999, 0x099A, 0x099B, 0x099C, 0x099D,
    0x280C, 0x280D, 0x099E, 0x280E, 0x280F, 0x2810, 0x2811, 0x099F, 0x09A0, 0x09A1, 0x2812, 0x2813, 0x2874, 0x2875, 0x09A2, 0x09A3,
    0x2876, 0x09A4, 0x09A5, 0x09A6, 0x2877, 0x09A7, 0x09A8, 0x09A9, 0x09AA, 0x09AB, 0x09AC, 0x09AD, 0x2878, 0x2879, 0x09AE, 0x287A,
    0x287B, 0x287C, 0x09AF, 0x09B0, 0x09B1, 0x09B2, 0x09B3, 0x09B4, 0x287D, 0x287E, 0x09B5, 0x09B6, 0x287F, 0x09B7, 0x09B8, 0x09B9,
    0x09BA, 0x09BB, 0x09BC, 0x09BD, 0x09BE, 0x09BF, 0x09C6, 0x09C7, 0x09C8, 0x09C9, 0x09CA, 0x2880, 0x09CB, 0x2881, 0x09CC, 0x09CD,
    0x09CE, 0x09CF, 0x09D0, 0x09D1, 0x09D2, 0x09D3, 0x09D4, 0x09D5, 0x09D6, 0x09D7, 0x09D8, 0x09D9, 0x09DA, 0x09DB, 0x09DC, 0x09DD,
    0x09DE, 0x09DF, 0x09E6, 0x09E7, 0x09E8, 0x09E9, 0x09EA, 0x09EB, 0x09EC, 0x09ED, 0x09EE, 0x09EF, 0x09F0, 0x09F1, 0x09F2, 0x09F3,
    0x2882, 0x2883, 0x09F4, 0x09F5, 0x2884, 0x09F6, 0x09F7, 0x09F8, 0x2885, 0x09F9, 0x09FA, 0x09FB, 0x09FC, 0x09FD, 0x09FE, 0x09FF,
    0x2886, 0x2887, 0x0A00, 0x2888, 0x2889, 0x288A, 0x0A01, 0x0A02, 0x0A03, 0x0A04, 0x0A05, 0x288B, 0x288C, 0x288D, 0x0A06, 0x0A07,
    0x288E, 0x0A08, 0x0A09, 0x0A0A, 0x288F, 0x0A0B, 0x0A0C, 0x0A0D, 0x0A0E, 0x0A0F, 0x0A10, 0x0A11, 0x2890, 0x2891, 0x0A12, 0x2892,
    0x0A13, 0x2893, 0x0A14, 0x0A15, 0x0A16, 0x0A17, 0x0A18, 0x0A19, 0x2894, 0x2895, 0x0A1A, 0x0A1B, 0x2896, 0x0A1C, 0x0A1D, 0x0A1E,
    0x2897, 0x0A1F, 0x0A20, 0x0A21, 0x0A22, 0x0A23, 0x0A24, 0x0A25, 0x2898, 0x2899, 0x0A26, 0x289A, 0x289B, 0x289C, 0x0A27, 0x0A28,
    0x0A29, 0x0A2A, 0x0A2B, 0x0A2C, 0x289D, 0x0A2D, 0x0A2E, 0x0A2F, 0x289E, 0x0A30, 0x0A31, 0x0A32, 0x0A33, 0x0A34, 0x0A35, 0x0A36,
    0x0A37, 0x0A38, 0x0A39, 0x0A3A, 0x0A3B, 0x289F, 0x0A3C, 0x28A0, 0x0A3D, 0x0A3E, 0x0A3F, 0x0A40, 0x0A41, 0x0A42, 0x0A43, 0x0A44,
    0x28A1, 0x28A2, 0x0A45, 0x0A46, 0x28A3, 0x0A47, 0x0A48, 0x0A49, 0x28A4, 0x0A4A, 0x0A4B, 0x0A4C, 0x0A4D, 0x0A4E, 0x0A4F, 0x0A50,
    0x28A5, 0x28A6, 0x0A51, 0x28A7, 0x0A52, 0x28A8, 0x0A53, 0x0A54, 0x0A55, 0x0A56, 0x0A57, 0x0A58, 0x28A9, 0x0A59, 0x0A5A, 0x0A5B,
    0x28AA, 0x0A5C, 0x0A5D, 0x0A5E, 0x0A5F, 0x0A60, 0x0A61, 0x0A62, 0x0A63, 0x0A64, 0x0A65, 0x0A66, 0x0A67, 0x0A68, 0x0A69, 0x0A6A,
    0x0A6B, 0x28AB, 0x0A6C, 0x0A6D, 0x0A6E, 0x0A6F, 0x0A70, 0x0A71, 0x0A72, 0x0A73, 0x0A74, 0x0A75, 0x0A76, 0x0A77, 0x0A78, 0x0A79,
    0x0A7A, 0x0A7B, 0x0A7C, 0x0A7D, 0x0A84, 0x0A85, 0x0A86, 0x0A87, 0x0A88, 0x0A89, 0x0A8A, 0x0A8B, 0x28AC, 0x0A8C, 0x0A8D, 0x0A8E,
    0x0A8F, 0x0A90, 0x0A91, 0x0A92, 0x28AD, 0x0A93, 0x0A94, 0x0A95, 0x28AE, 0x0A96, 0x0A97, 0x0A98, 0x28AF, 0x0A99, 0x0A9A, 0x0A9B,
    0x0A9C, 0x0A9D, 0x0AA4, 0x0AA5, 0x28B0, 0x28B1, 0x0AA6, 0x28B2, 0x0AA7, 0x28B3, 0x0AA8, 0x0AA9, 0x0AAA, 0x0AAB, 0x0AAC, 0x0AAD,
    0x28B4, 0x0AAE, 0x0AAF, 0x0AB0, 0x28B5, 0x0AB1, 0x0AB2, 0x0AB3, 0x28B6, 0x0AB4, 0x0AB5, 0x0AB6, 0x0AB7, 0x0AB8, 0x0AB9, 0x0ABA,
    0x0ABB, 0x28B7, 0x0ABC, 0x28B8, 0x0ABD, 0x28B9, 0x0ABE, 0x0ABF, 0x0AC0, 0x0AC1, 0x0AC2, 0x0AC3, 0x28BA, 0x28BB, 0x0AC4, 0x0AC5,
    0x28BC, 0x0AC6, 0x0AC7, 0x0AC8, 0x28BD, 0x0AC9, 0x0ACA, 0x0ACB, 0x0ACC, 0x0ACD, 0x0ACE, 0x0ACF, 0x28BE, 0x28BF, 0x0AD0, 0x28C0,
    0x0AD1, 0x28C1, 0x0AD2, 0x0AD3, 0x0AD4, 0x0AD5, 0x0AD6, 0x0AD7, 0x28C2, 0x0AD8, 0x0AD9, 0x0ADA, 0x0ADB, 0x0ADC, 0x0ADD, 0x0ADE,
    0x0ADF, 0x0AE0, 0x0AE1, 0x0AE2, 0x0AE3, 0x0AE4, 0x0AE5, 0x0AE6, 0x0AE7, 0x0AE8, 0x0AE9, 0x0AEA, 0x28C3, 0x0AEB, 0x0AEC, 0x0AED,
    0x0AEE, 0x0AEF, 0x0AF0, 0x0AF1, 0x28C4, 0x0AF2, 0x0AF3, 0x0AF4, 0x0AF5, 0x0AF6, 0x0AF7, 0x0AF8, 0x0AF9, 0x0AFA, 0x0AFB, 0x0AFC,
    0x0AFD, 0x0AFE, 0x0AFF, 0x0B00, 0x0B01, 0x0B02, 0x0B03, 0x0B04, 0x0B05, 0x0B06, 0x0B07, 0x0B08, 0x0B09, 0x0B0A, 0x0B0B, 0x0B0C,
    0x28C5, 0x28C6, 0x0B0D, 0x0B0E, 0x28C7, 0x0B0F, 0x0B10, 0x0B11, 0x28C8, 0x0B12, 0x0B13, 0x0B14, 0x0B15, 0x0B16, 0x0B17, 0x0B18,
    0x28C9, 0x0B19, 0x0B1A, 0x28CA, 0x0B1B, 0x28CB, 0x0B1C, 0x0B1D, 0x0B1E, 0x0B1F, 0x0B20, 0x0B21, 0x28CC, 0x28CD, 0x0B22, 0x0B23,
    0x28CE, 0x0B24, 0x0B25, 0x0B26, 0x28CF, 0x0B27, 0x0B28, 0x0B29, 0x0B2A, 0x0B2B, 0x0B2C, 0x0B2D, 0x28D0, 0x28D1, 0x0B2E, 0x2932,
    0x0B2F, 0x2933, 0x0B30, 0x0B31, 0x0B32, 0x0B33, 0x0B34, 0x0B35, 0x2934, 0x2935, 0x0B36, 0x0B37, 0x2936, 0x0B38, 0x0B39, 0x0B3A,
    0x2937, 0x0B3B, 0x0B42, 0x0B43, 0x0B44, 0x0B45, 0x0B46, 0x0B47, 0x2938, 0x2939, 0x0B48, 0x293A, 0x0B49, 0x293B, 0x293C, 0x0B4A,
    0x0B4B, 0x293D, 0x293E, 0x0B4C, 0x0B4D, 0x0B4E, 0x0B4F, 0x0B50, 0x0B51, 0x0B52, 0x0B53, 0x0B54, 0x0B55, 0x0B56, 0x0B57, 0x0B58,
    0x0B59, 0x0B5A, 0x0B5B, 0x0B62, 0x0B63, 0x0B64, 0x0B65, 0x0B66, 0x0B67, 0x0B68, 0x0B69, 0x0B6A, 0x0B6B, 0x0B6C, 0x0B6D, 0x0B6E,
    0x293F, 0x2940, 0x0B6F, 0x0B70, 0x2941, 0x0B71, 0x0B72, 0x0B73, 0x2942, 0x0B74, 0x0B75, 0x0B76, 0x0B77, 0x0B78, 0x0B79, 0x0B7A,
    0x2943, 0x2944, 0x0B7B, 0x2945, 0x0B7C, 0x2946, 0x0B7D, 0x0B7E, 0x0B7F, 0x0B80, 0x0B81, 0x0B82, 0x2947, 0x2948, 0x0B83, 0x0B84,
    0x2949, 0x0B85, 0x294A, 0x294B, 0x294C, 0x294D, 0x294E, 0x0B86, 0x0B87, 0x0B88, 0x0B89, 0x0B8A, 0x294F, 0x2950, 0x0B8B, 0x2951,
    0x0B8C, 0x2952, 0x2953, 0x0B8D, 0x0B8E, 0x2954, 0x0B8F, 0x2955, 0x2956, 0x2957, 0x0B90, 0x0B91, 0x2958, 0x0B92, 0x0B93, 0x0B94,
    0x2959, 0x0B95, 0x0B96, 0x0B97, 0x0B98, 0x0B99, 0x0B9A, 0x0B9B, 0x295A, 0x295B, 0x0B9C, 0x295C, 0x295D, 0x295E, 0x295F, 0x0B9D,
    0x0B9E, 0x0B9F, 0x0BA0, 0x0BA1, 0x2960, 0x2961, 0x0BA2, 0x0BA3, 0x0BA4, 0x0BA5, 0x0BA6, 0x0BA7, 0x2962, 0x0BA8, 0x0BA9, 0x0BAA,
    0x0BAB, 0x0BAC, 0x0BAD, 0x0BAE, 0x0BAF, 0x0BB0, 0x0BB1, 0x0BB2, 0x0BB3, 0x2963, 0x0BB4, 0x0BB5, 0x0BB6, 0x0BB7, 0x0BB8, 0x0BB9,
    0x0BBA, 0x0BBB, 0x0BBC, 0x0BBD, 0x0BBE, 0x0BBF, 0x0BC0, 0x0BC1, 0x0BC2, 0x0BC3, 0x0BC4, 0x0BC5, 0x0BC6, 0x0BC7, 0x0BC8, 0x0BC9,
    0x0BCA, 0x0BCB, 0x0BCC, 0x0BCD, 0x0BCE, 0x0BCF, 0x0BD0, 0x0BD1, 0x0BD2, 0x0BD3, 0x0BD4, 0x0BD5, 0x2964, 0x2965, 0x0BD6, 0x0BD7,
    0x2966, 0x0BD8, 0x0BD9, 0x0BDA, 0x2967, 0x0BDB, 0x2968, 0x0BDC, 0x0BDD, 0x0BDE, 0x0BDF, 0x0BE0, 0x2969, 0x296A, 0x0BE1, 0x296B,
    0x0BE2, 0x296C, 0x296D, 0x0BE3, 0x0BE4, 0x0BE5, 0x0BE6, 0x296E, 0x296F, 0x2970, 0x0BE7, 0x0BE8, 0x2971, 0x0BE9, 0x0BEA, 0x0BEB,
    0x2972, 0x0BEC, 0x0BED, 0x0BEE, 0x0BEF, 0x0BF0, 0x0BF1, 0x0BF2, 0x2973, 0x2974, 0x0BF3, 0x2975, 0x2976, 0x2977, 0x0BF4, 0x0BF5,
    0x0BF6, 0x0BF7, 0x0BF8, 0x0BF9, 0x2978, 0x2979, 0x0C00, 0x0C01, 0x297A, 0x0C02, 0x0C03, 0x0C04, 0x297B, 0x0C05, 0x0C06, 0x0C07,
    0x0C08, 0x0C09, 0x0C0A, 0x0C0B, 0x0C0C, 0x0C0D, 0x0C0E, 0x297C, 0x297D, 0x297E, 0x0C0F, 0x297F, 0x0C10, 0x0C11, 0x0C12, 0x0C13,
    0x2980, 0x0C14, 0x0C15, 0x0C16, 0x0C17, 0x0C18, 0x0C19, 0x0C20, 0x0C21, 0x0C22, 0x0C23, 0x0C24, 0x0C25, 0x0C26, 0x0C27, 0x0C28,
    0x0C29, 0x0C2A, 0x0C2B, 0x0C2C, 0x0C2D, 0x0C2E, 0x0C2F, 0x0C30, 0x0C31, 0x0C32, 0x0C33, 0x0C34, 0x2981, 0x2982, 0x0C35, 0x2983,
    0x2984, 0x0C36, 0x0C37, 0x0C38, 0x2985, 0x0C39, 0x2986, 0x0C3A, 0x0C3B, 0x0C3C, 0x0C3D, 0x0C3E, 0x2987, 0x2988, 0x0C3F, 0x2989,
    0x0C40, 0x298A, 0x0C41, 0x0C42, 0x0C43, 0x0C44, 0x0C45, 0x0C46, 0x298B, 0x0C47, 0x0C48, 0x0C49, 0x298C, 0x0C4A, 0x0C4B, 0x0C4C,
    0x0C4D, 0x0C4E, 0x0C4F, 0x0C50, 0x0C51, 0x0C52, 0x0C53, 0x0C54, 0x0C55, 0x0C56, 0x0C57, 0x0C58, 0x298D, 0x298E, 0x0C59, 0x0C5A,
    0x0C5B, 0x0C5C, 0x0C5D, 0x0C5E, 0x0C5F, 0x0C60, 0x0C61, 0x0C62, 0x0C63, 0x0C64, 0x0C65, 0x0C66, 0x0C67, 0x0C68, 0x0C69, 0x0C6A,
    0x0C6B, 0x0C6C, 0x0C6D, 0x0C6E, 0x0C6F, 0x0C70, 0x0C71, 0x0C72, 0x0C73, 0x0C74, 0x0C75, 0x0C76, 0x0C77, 0x0C78, 0x0C79, 0x0C7A,
    0x298F, 0x0C7B, 0x0C7C, 0x0C7D, 0x29F0, 0x0C7E, 0x0C7F, 0x0C80, 0x29F1, 0x0C81, 0x0C82, 0x0C83, 0x0C84, 0x0C85, 0x0C86, 0x0C87,
    0x0C88, 0x29F2, 0x0C89, 0x29F3, 0x0C8A, 0x29F4, 0x0C8B, 0x0C8C, 0x0C8D, 0x0C8E, 0x0C8F, 0x0C90, 0x29F5, 0x0C91, 0x0C92, 0x0C93,
    0x29F6, 0x0C94, 0x0C95, 0x0C96, 0x29F7, 0x0C97, 0x0C98, 0x0C99, 0x0C9A, 0x0C9B, 0x0C9C, 0x0C9D, 0x0C9E, 0x29F8, 0x0C9F, 0x29F9,
    0x0CA0, 0x0CA1, 0x0CA2, 0x0CA3, 0x0CA4, 0x0CA5, 0x0CA6, 0x0CA7, 0x29FA, 0x29FB, 0x29FC, 0x0CA8, 0x29FD, 0x0CA9, 0x0CAA, 0x29FE,
    0x29FF, 0x2A00, 0x2A01, 0x0CAB, 0x0CAC, 0x0CAD, 0x0CAE, 0x0CAF, 0x2A02, 0x2A03, 0x0CB0, 0x2A04, 0x0CB1, 0x2A05, 0x0CB2, 0x0CB3,
    0x0CB4, 0x2A06, 0x0CB5, 0x2A07, 0x2A08, 0x0CB6, 0x0CB7, 0x0CBE, 0x2A09, 0x0CBF, 0x0CC0, 0x0CC1, 0x2A0A, 0x0CC2, 0x0CC3, 0x0CC4,
    0x0CC5, 0x0CC6, 0x0CC7, 0x0CC8, 0x0CC9, 0x2A0B, 0x0CCA, 0x2A0C, 0x0CCB, 0x0CCC, 0x0CCD, 0x0CCE, 0x0CCF, 0x0CD0, 0x0CD1, 0x0CD2,
    0x2A0D, 0x0CD3, 0x0CD4, 0x0CD5, 0x0CD6, 0x0CD7, 0x0CDE, 0x0CDF, 0x0CE0, 0x0CE1, 0x0CE2, 0x0CE3, 0x0CE4, 0x0CE5, 0x0CE6, 0x0CE7,
    0x0CE8, 0x0CE9, 0x0CEA, 0x0CEB, 0x0CEC, 0x0CED, 0x0CEE, 0x0CEF, 0x0CF0, 0x0CF1, 0x0CF2, 0x0CF3, 0x2A0E, 0x0CF4, 0x0CF5, 0x0CF6,
    0x2A0F, 0x0CF7, 0x0CF8, 0x0CF9, 0x2A10, 0x0CFA, 0x0CFB, 0x0CFC, 0x0CFD, 0x0CFE, 0x0CFF, 0x0D00, 0x0D01, 0x0D02, 0x0D03, 0x0D04,
    0x0D05, 0x0D06, 0x0D07, 0x0D08, 0x0D09, 0x0D0A, 0x0D0B, 0x0D0C, 0x2A11, 0x0D0D, 0x0D0E, 0x0D0F, 0x2A12, 0x0D10, 0x0D11, 0x0D12,
    0x2A13, 0x0D13, 0x0D14, 0x0D15, 0x0D16, 0x0D17, 0x0D18, 0x0D19, 0x2A14, 0x0D1A, 0x0D1B, 0x2A15, 0x0D1C, 0x0D1D, 0x0D1E, 0x0D1F,
    0x0D20, 0x0D21, 0x0D22, 0x0D23, 0x2A16, 0x0D24, 0x0D25, 0x0D26, 0x2A17, 0x0D27, 0x0D28, 0x0D29, 0x2A18, 0x0D2A, 0x0D2B, 0x0D2C,
    0x0D2D, 0x0D2E, 0x0D2F, 0x0D30, 0x2A19, 0x0D31, 0x0D32, 0x2A1A, 0x0D33, 0x0D34, 0x0D35, 0x0D36, 0x0D37, 0x0D38, 0x0D39, 0x0D3A,
    0x0D3B, 0x0D3C, 0x0D3D, 0x0D3E, 0x0D3F, 0x0D40, 0x0D41, 0x0D42, 0x0D43, 0x0D44, 0x0D45, 0x0D46, 0x0D47, 0x0D48, 0x0D49, 0x0D4A,
    0x0D4B, 0x0D4C, 0x0D4D, 0x0D4E, 0x0D4F, 0x0D50, 0x0D51, 0x0D52, 0x0D53, 0x0D54, 0x0D55, 0x0D56, 0x2A1B, 0x2A1C, 0x0D57, 0x0D58,
    0x2A1D, 0x0D59, 0x0D5A, 0x2A1E, 0x2A1F, 0x0D5B, 0x2A20, 0x0D5C, 0x0D5D, 0x0D5E, 0x0D5F, 0x0D60, 0x2A21, 0x2A22, 0x0D61, 0x2A23,
    0x2A24, 0x2A25, 0x0D62, 0x2A26, 0x0D63, 0x2A27, 0x0D64, 0x0D65, 0x2A28, 0x2A29, 0x2A2A, 0x2A2B, 0x2A2C, 0x0D66, 0x0D67, 0x2A2D,
    0x2A2E, 0x2A2F, 0x2A30, 0x2A31, 0x0D68, 0x0D69, 0x0D6A, 0x0D6B, 0x2A32, 0x2A33, 0x0D6C, 0x2A34, 0x0D6D, 0x2A35, 0x0D6E, 0x0D6F,
    0x0D70, 0x2A36, 0x0D71, 0x0D72, 0x2A37, 0x2A38, 0x0D73, 0x0D74, 0x2A39, 0x0D75, 0x0D7C, 0x0D7D, 0x2A3A, 0x0D7E, 0x0D7F, 0x0D80,
    0x0D81, 0x0D82, 0x0D83, 0x0D84, 0x2A3B, 0x2A3C, 0x0D85, 0x2A3D, 0x2A3E, 0x2A3F, 0x0D86, 0x0D87, 0x0D88, 0x2A40, 0x0D89, 0x0D8A,
    0x2A41, 0x2A42, 0x0D8B, 0x0D8C, 0x2A43, 0x0D8D, 0x0D8E, 0x0D8F, 0x0D90, 0x0D91, 0x0D92, 0x0D93, 0x0D94, 0x0D95, 0x0D9C, 0x0D9D,
    0x0D9E, 0x2A44, 0x0D9F, 0x0DA0, 0x0DA1, 0x0DA2, 0x0DA3, 0x0DA4, 0x0DA5, 0x0DA6, 0x0DA7, 0x0DA8, 0x0DA9, 0x0DAA, 0x0DAB, 0x0DAC,
    0x0DAD, 0x0DAE, 0x0DAF, 0x0DB0, 0x0DB1, 0x0DB2, 0x0DB3, 0x0DB4, 0x0DB5, 0x0DB6, 0x0DB7, 0x0DB8, 0x0DB9, 0x0DBA, 0x0DBB, 0x0DBC,
    0x0DBD, 0x0DBE, 0x0DBF, 0x0DC0, 0x0DC1, 0x0DC2, 0x0DC3, 0x0DC4, 0x2A45, 0x2A46, 0x0DC5, 0x0DC6, 0x2A47, 0x0DC7, 0x0DC8, 0x2A48,
    0x2A49, 0x0DC9, 0x2A4A, 0x0DCA, 0x0DCB, 0x0DCC, 0x0DCD, 0x0DCE, 0x2A4B, 0x2A4C, 0x0DCF, 0x2A4D, 0x0DD0, 0x2AAE, 0x2AAF, 0x0DD1,
    0x0DD2, 0x0DD3, 0x0DD4, 0x0DD5, 0x2AB0, 0x2AB1, 0x0DD6, 0x0DD7, 0x2AB2, 0x0DD8, 0x0DD9, 0x2AB3, 0x2AB4, 0x0DDA, 0x0DDB, 0x0DDC,
    0x0DDD, 0x0DDE, 0x0DDF, 0x0DE0, 0x2AB5, 0x2AB6, 0x0DE1, 0x2AB7, 0x2AB8, 0x2AB9, 0x0DE2, 0x0DE3, 0x0DE4, 0x0DE5, 0x0DE6, 0x0DE7,
    0x2ABA, 0x2ABB, 0x0DE8, 0x0DE9, 0x2ABC, 0x0DEA, 0x0DEB, 0x0DEC, 0x2ABD, 0x0DED, 0x0DEE, 0x0DEF, 0x0DF0, 0x0DF1, 0x0DF2, 0x0DF3,
    0x0DF4, 0x2ABE, 0x0DF5, 0x2ABF, 0x2AC0, 0x2AC1, 0x0DF6, 0x0DF7, 0x0DF8, 0x2AC2, 0x0DF9, 0x0DFA, 0x2AC3, 0x0DFB, 0x0DFC, 0x0DFD,
    0x2AC4, 0x0DFE, 0x0DFF, 0x0E00, 0x0E01, 0x0E02, 0x0E03, 0x0E04, 0x0E05, 0x0E06, 0x0E07, 0x0E08, 0x0E09, 0x0E0A, 0x0E0B, 0x0E0C,
    0x0E0D, 0x0E0E, 0x0E0F, 0x0E10, 0x0E11, 0x0E12, 0x0E13, 0x0E14, 0x2AC5, 0x2AC6, 0x2AC7, 0x0E15, 0x2AC8, 0x0E16, 0x0E17, 0x0E18,
    0x2AC9, 0x0E19, 0x0E1A, 0x0E1B, 0x0E1C, 0x0E1D, 0x0E1E, 0x0E1F, 0x2ACA, 0x2ACB, 0x0E20, 0x2ACC, 0x0E21, 0x2ACD, 0x0E22, 0x0E23,
    0x0E24, 0x0E25, 0x0E26, 0x0E27, 0x2ACE, 0x0E28, 0x0E29, 0x0E2A, 0x2ACF, 0x0E2B, 0x0E2C, 0x0E2D, 0x0E2E, 0x0E2F, 0x0E30, 0x0E31,
    0x0E32, 0x0E33, 0x0E3A, 0x0E3B, 0x0E3C, 0x0E3D, 0x0E3E, 0x0E3F, 0x2AD0, 0x0E40, 0x0E41, 0x0E42, 0x0E43, 0x0E44, 0x0E45, 0x0E46,
    0x2AD1, 0x0E47, 0x0E48, 0x0E49, 0x0E4A, 0x0E4B, 0x0E4C, 0x0E4D, 0x0E4E, 0x0E4F, 0x0E50, 0x0E51, 0x0E52, 0x0E53, 0x0E5A, 0x0E5B,
    0x0E5C, 0x0E5D, 0x0E5E, 0x0E5F, 0x2AD2, 0x0E60, 0x0E61, 0x0E62, 0x0E63, 0x0E64, 0x0E65, 0x0E66, 0x2AD3, 0x2AD4, 0x0E67, 0x0E68,
    0x2AD5, 0x0E69, 0x0E6A, 0x0E6B, 0x2AD6, 0x0E6C, 0x0E6D, 0x0E6E, 0x0E6F, 0x0E70, 0x0E71, 0x0E72, 0x2AD7, 0x2AD8, 0x0E73, 0x0E74,
    0x0E75, 0x0E76, 0x0E77, 0x0E78, 0x0E79, 0x0E7A, 0x0E7B, 0x0E7C, 0x2AD9, 0x0E7D, 0x0E7E, 0x0E7F, 0x2ADA, 0x0E80, 0x0E81, 0x0E82,
    0x0E83, 0x0E84, 0x0E85, 0x0E86, 0x0E87, 0x0E88, 0x0E89, 0x0E8A, 0x0E8B, 0x0E8C, 0x0E8D, 0x0E8E, 0x0E8F, 0x0E90, 0x0E91, 0x0E92,
    0x0E93, 0x0E94, 0x0E95, 0x0E96, 0x2ADB, 0x2ADC, 0x0E97, 0x0E98, 0x2ADD, 0x0E99, 0x0E9A, 0x2ADE, 0x2ADF, 0x2AE0, 0x2AE1, 0x0E9B,
    0x0E9C, 0x0E9D, 0x0E9E, 0x0E9F, 0x2AE2, 0x2AE3, 0x0EA0, 0x2AE4, 0x0EA1, 0x2AE5, 0x0EA2, 0x0EA3, 0x0EA4, 0x2AE6, 0x2AE7, 0x0EA5,
    0x2AE8, 0x0EA6, 0x0EA7, 0x0EA8, 0x0EA9, 0x0EAA, 0x0EAB, 0x0EAC, 0x2AE9, 0x0EAD, 0x0EAE, 0x0EAF, 0x0EB0, 0x0EB1, 0x0EB2, 0x0EB3,
    0x0EB4, 0x0EB5, 0x0EB6, 0x0EB7, 0x2AEA, 0x0EB8, 0x0EB9, 0x0EBA, 0x0EBB, 0x0EBC, 0x0EBD, 0x0EBE, 0x2AEB, 0x0EBF, 0x0EC0, 0x0EC1,
    0x0EC2, 0x0EC3, 0x0EC4, 0x0EC5, 0x0EC6, 0x0EC7, 0x0EC8, 0x0EC9, 0x0ECA, 0x0ECB, 0x0ECC, 0x0ECD, 0x0ECE, 0x0ECF, 0x0ED0, 0x0ED1,
    0x0ED2, 0x0ED3, 0x0ED4, 0x0ED5, 0x0ED6, 0x0ED7, 0x0ED8, 0x0ED9, 0x2AEC, 0x2AED, 0x0EDA, 0x0EDB, 0x2AEE, 0x0EDC, 0x0EDD, 0x0EDE,
    0x2AEF, 0x0EDF, 0x0EE0, 0x0EE1, 0x0EE2, 0x0EE3, 0x0EE4, 0x0EE5, 0x0EE6, 0x0EE7, 0x0EE8, 0x0EE9, 0x0EEA, 0x2AF0, 0x0EEB, 0x0EEC,
    0x0EED, 0x0EEE, 0x0EEF, 0x0EF0, 0x2AF1, 0x0EF1, 0x0EF8, 0x0EF9, 0x2AF2, 0x0EFA, 0x0EFB, 0x0EFC, 0x2AF3, 0x0EFD, 0x0EFE, 0x0EFF,
    0x0F00, 0x0F01, 0x0F02, 0x0F03, 0x2AF4, 0x0F04, 0x0F05, 0x2AF5, 0x0F06, 0x2AF6, 0x0F07, 0x0F08, 0x0F09, 0x0F0A, 0x0F0B, 0x0F0C,
    0x2AF7, 0x2AF8, 0x0F0D, 0x0F0E, 0x2AF9, 0x0F0F, 0x0F10, 0x0F11, 0x2AFA, 0x0F18, 0x0F19, 0x0F1A, 0x0F1B, 0x0F1C, 0x0F1D, 0x0F1E,
    0x2AFB, 0x2AFC, 0x0F1F, 0x2AFD, 0x0F20, 0x0F21, 0x0F22, 0x0F23, 0x0F24, 0x0F25, 0x0F26, 0x0F27, 0x0F28, 0x0F29, 0x0F2A, 0x0F2B,
    0x0F2C, 0x0F2D, 0x0F2E, 0x0F2F, 0x0F30, 0x0F31, 0x0F32, 0x0F33, 0x0F34, 0x0F35, 0x0F36, 0x0F37, 0x0F38, 0x0F39, 0x0F3A, 0x0F3B,
    0x0F3C, 0x0F3D, 0x0F3E, 0x0F3F, 0x0F40, 0x0F41, 0x0F42, 0x0F43, 0x2AFE, 0x2AFF, 0x0F44, 0x0F45, 0x2B00, 0x0F46, 0x0F47, 0x0F48,
    0x2B01, 0x0F49, 0x2B02, 0x0F4A, 0x0F4B, 0x0F4C, 0x0F4D, 0x0F4E, 0x2B03, 0x2B04, 0x0F4F, 0x2B05, 0x0F50, 0x2B06, 0x2B07, 0x2B08,
    0x0F51, 0x0F52, 0x0F53, 0x0F54, 0x2B09, 0x2B0A, 0x0F55, 0x0F56, 0x2B0B, 0x0F57, 0x0F58, 0x0F59, 0x2B6C, 0x0F5A, 0x2B6D, 0x0F5B,
    0x0F5C, 0x0F5D, 0x0F5E, 0x0F5F, 0x2B6E, 0x2B6F, 0x0F60, 0x2B70, 0x2B71, 0x2B72, 0x0F61, 0x0F62, 0x0F63, 0x0F64, 0x0F65, 0x2B73,
    0x2B74, 0x2B75, 0x0F66, 0x0F67, 0x2B76, 0x0F68, 0x0F69, 0x0F6A, 0x2B77, 0x0F6B, 0x0F6C, 0x0F6D, 0x0F6E, 0x0F6F, 0x0F70, 0x0F71,
    0x2B78, 0x2B79, 0x0F72, 0x2B7A, 0x2B7B, 0x2B7C, 0x0F73, 0x0F74, 0x0F75, 0x0F76, 0x0F77, 0x0F78, 0x2B7D, 0x2B7E, 0x0F79, 0x0F7A,
    0x0F7B, 0x0F7C, 0x0F7D, 0x0F7E, 0x0F7F, 0x0F80, 0x0F81, 0x0F82, 0x0F83, 0x0F84, 0x0F85, 0x0F86, 0x2B7F, 0x0F87, 0x0F88, 0x0F89,
    0x0F8A, 0x0F8B, 0x0F8C, 0x0F8D, 0x0F8E, 0x0F8F, 0x0F90, 0x0F91, 0x0F92, 0x0F93, 0x0F94, 0x0F95, 0x0F96, 0x0F97, 0x0F98, 0x0F99,
    0x0F9A, 0x0F9B, 0x0F9C, 0x0F9D, 0x0F9E, 0x0F9F, 0x0FA0, 0x0FA1, 0x0FA2, 0x0FA3, 0x0FA4, 0x0FA5, 0x0FA6, 0x0FA7, 0x0FA8, 0x0FA9,
    0x0FAA, 0x0FAB, 0x0FAC, 0x0FAD, 0x2B80, 0x2B81, 0x0FAE, 0x0FAF, 0x2B82, 0x0FB6, 0x0FB7, 0x2B83, 0x2B84, 0x0FB8, 0x0FB9, 0x0FBA,
    0x0FBB, 0x0FBC, 0x0FBD, 0x0FBE, 0x2B85, 0x0FBF, 0x0FC0, 0x2B86, 0x2B87, 0x2B88, 0x0FC1, 0x0FC2, 0x0FC3, 0x0FC4, 0x0FC5, 0x0FC6,
    0x2B89, 0x0FC7, 0x0FC8, 0x0FC9, 0x0FCA, 0x0FCB, 0x0FCC, 0x0FCD, 0x0FCE, 0x0FCF, 0x0FD6, 0x0FD7, 0x0FD8, 0x0FD9, 0x0FDA, 0x0FDB,
    0x0FDC, 0x0FDD, 0x0FDE, 0x0FDF, 0x0FE0, 0x2B8A, 0x0FE1, 0x0FE2, 0x0FE3, 0x0FE4, 0x0FE5, 0x0FE6, 0x2B8B, 0x2B8C, 0x0FE7, 0x0FE8,
    0x0FE9, 0x0FEA, 0x0FEB, 0x0FEC, 0x0FED, 0x0FEE, 0x0FEF, 0x0FF0, 0x0FF1, 0x0FF2, 0x0FF3, 0x0FF4, 0x2B8D, 0x2B8E, 0x0FF5, 0x2B8F,
    0x2B90, 0x2B91, 0x0FF6, 0x0FF7, 0x0FF8, 0x0FF9, 0x0FFA, 0x0FFB, 0x0FFC, 0x0FFD, 0x0FFE, 0x0FFF, 0x1000, 0x1001, 0x1002, 0x1003,
    0x1004, 0x1005, 0x1006, 0x1007, 0x1008, 0x1009, 0x100A, 0x100B, 0x100C, 0x100D, 0x100E, 0x100F, 0x1010, 0x1011, 0x1012, 0x1013,
    0x1014, 0x1015, 0x1016, 0x1017, 0x2B92, 0x2B93, 0x1018, 0x1019, 0x2B94, 0x101A, 0x101B, 0x101C, 0x2B95, 0x101D, 0x101E, 0x101F,
    0x1020, 0x1021, 0x1022, 0x1023, 0x2B96, 0x2B97, 0x1024, 0x1025, 0x1026, 0x2B98, 0x1027, 0x1028, 0x1029, 0x102A, 0x102B, 0x102C,
    0x102D, 0x102E, 0x102F, 0x1030, 0x1031, 0x1032, 0x1033, 0x1034, 0x1035, 0x1036, 0x1037, 0x1038, 0x1039, 0x103A, 0x103B, 0x103C,
    0x103D, 0x103E, 0x103F, 0x1040, 0x1041, 0x1042, 0x1043, 0x1044, 0x1045, 0x1046, 0x1047, 0x1048, 0x1049, 0x104A, 0x104B, 0x104C,
    0x104D, 0x104E, 0x104F, 0x1050, 0x1051, 0x1052, 0x1053, 0x1054, 0x1055, 0x1056, 0x1057, 0x1058, 0x1059, 0x105A, 0x105B, 0x105C,
    0x105D, 0x105E, 0x105F, 0x1060, 0x1061, 0x1062, 0x1063, 0x1064, 0x2B99, 0x1065, 0x1066, 0x1067, 0x1068, 0x1069, 0x106A, 0x106B,
    0x106C, 0x106D, 0x1074, 0x1075, 0x1076, 0x1077, 0x1078, 0x1079, 0x107A, 0x107B, 0x107C, 0x107D, 0x107E, 0x107F, 0x1080, 0x1081,
    0x1082, 0x1083, 0x1084, 0x1085, 0x2B9A, 0x1086, 0x1087, 0x1088, 0x1089, 0x108A, 0x108B, 0x108C, 0x108D, 0x1094, 0x1095, 0x1096,
    0x1097, 0x1098, 0x1099, 0x109A, 0x109B, 0x109C, 0x109D, 0x109E, 0x109F, 0x2B9B, 0x10A0, 0x10A1, 0x10A2, 0x10A3, 0x10A4, 0x10A5,
    0x2B9C, 0x2B9D, 0x10A6, 0x10A7, 0x2B9E, 0x10A8, 0x10A9, 0x10AA, 0x2B9F, 0x10AB, 0x10AC, 0x10AD, 0x10AE, 0x10AF, 0x10B0, 0x10B1,
    0x2BA0, 0x10B2, 0x10B3, 0x2BA1, 0x10B4, 0x2BA2, 0x10B5, 0x10B6, 0x10B7, 0x10B8, 0x10B9, 0x10BA, 0x10BB, 0x10BC, 0x10BD, 0x10BE,
    0x10BF, 0x10C0, 0x10C1, 0x10C2, 0x10C3, 0x10C4, 0x10C5, 0x10C6, 0x10C7, 0x10C8, 0x10C9, 0x10CA, 0x10CB, 0x10CC, 0x10CD, 0x10CE,
    0x10CF, 0x10D0, 0x10D1, 0x10D2, 0x10D3, 0x10D4, 0x10D5, 0x10D6, 0x10D7, 0x10D8, 0x10D9, 0x10DA, 0x10DB, 0x10DC, 0x10DD, 0x10DE,
    0x10DF, 0x10E0, 0x10E1, 0x10E2, 0x10E3, 0x10E4, 0x10E5, 0x10E6, 0x10E7, 0x10E8, 0x10E9, 0x10EA, 0x10EB, 0x10EC, 0x10ED, 0x10EE,
    0x10EF, 0x10F0, 0x10F1, 0x10F2, 0x10F3, 0x10F4, 0x10F5, 0x10F6, 0x10F7, 0x10F8, 0x10F9, 0x10FA, 0x10FB, 0x10FC, 0x10FD, 0x10FE,
    0x10FF, 0x1100, 0x1101, 0x1102, 0x1103, 0x1104, 0x1105, 0x1106, 0x1107, 0x1108, 0x1109, 0x110A, 0x110B, 0x110C, 0x110D, 0x110E,
    0x2BA3, 0x110F, 0x1110, 0x1111, 0x1112, 0x1113, 0x1114, 0x1115, 0x1116, 0x1117, 0x1118, 0x1119, 0x111A, 0x111B, 0x111C, 0x111D,
    0x111E, 0x111F, 0x1120, 0x1121, 0x1122, 0x2BA4, 0x1123, 0x1124, 0x1125, 0x1126, 0x1127, 0x1128, 0x2BA5, 0x1129, 0x112A, 0x112B,
    0x2BA6, 0x1132, 0x1133, 0x1134, 0x2BA7, 0x1135, 0x1136, 0x1137, 0x1138, 0x1139, 0x113A, 0x113B, 0x2BA8, 0x2BA9, 0x113C, 0x113D,
    0x113E, 0x113F, 0x1140, 0x1141, 0x1142, 0x1143, 0x1144, 0x1145, 0x1146, 0x1147, 0x1148, 0x1149, 0x114A, 0x114B, 0x1152, 0x1153,
    0x1154, 0x1155, 0x1156, 0x1157, 0x1158, 0x1159, 0x115A, 0x115B, 0x115C, 0x115D, 0x115E, 0x115F, 0x1160, 0x1161, 0x1162, 0x1163,
    0x1164, 0x1165, 0x1166, 0x1167, 0x2BAA, 0x2BAB, 0x1168, 0x1169, 0x2BAC, 0x116A, 0x116B, 0x116C, 0x2BAD, 0x116D, 0x116E, 0x116F,
    0x1170, 0x1171, 0x1172, 0x1173, 0x2BAE, 0x2BAF, 0x1174, 0x2BB0, 0x1175, 0x2BB1, 0x1176, 0x1177, 0x1178, 0x1179, 0x117A, 0x117B,
    0x2BB2, 0x2BB3, 0x117C, 0x2BB4, 0x2BB5, 0x117D, 0x117E, 0x2BB6, 0x2BB7, 0x2BB8, 0x2BB9, 0x117F, 0x1180, 0x1181, 0x1182, 0x1183,
    0x2BBA, 0x2BBB, 0x1184, 0x2BBC, 0x2BBD, 0x2BBE, 0x1185, 0x1186, 0x1187, 0x2BBF, 0x1188, 0x1189, 0x2BC0, 0x2BC1, 0x118A, 0x118B,
    0x2BC2, 0x118C, 0x118D, 0x118E, 0x2BC3, 0x118F, 0x1190, 0x1191, 0x1192, 0x1193, 0x1194, 0x1195, 0x2BC4, 0x2BC5, 0x1196, 0x2BC6,
    0x2BC7, 0x2BC8, 0x1197, 0x1198, 0x1199, 0x119A, 0x119B, 0x119C, 0x2BC9, 0x2C2A, 0x119D, 0x119E, 0x2C2B, 0x119F, 0x11A0, 0x11A1,
    0x2C2C, 0x11A2, 0x11A3, 0x11A4, 0x11A5, 0x11A6, 0x11A7, 0x11A8, 0x2C2D, 0x2C2E, 0x11A9, 0x2C2F, 0x11AA, 0x2C30, 0x11AB, 0x11AC,
    0x11AD, 0x11AE, 0x11AF, 0x11B0, 0x2C31, 0x11B1, 0x11B2, 0x11B3, 0x2C32, 0x11B4, 0x11B5, 0x11B6, 0x2C33, 0x11B7, 0x11B8, 0x11B9,
    0x11BA, 0x11BB, 0x11BC, 0x11BD, 0x2C34, 0x11BE, 0x11BF, 0x11C0, 0x11C1, 0x2C35, 0x11C2, 0x11C3, 0x11C4, 0x11C5, 0x11C6, 0x11C7,
    0x2C36, 0x2C37, 0x2C38, 0x2C39, 0x2C3A, 0x11C8, 0x11C9, 0x2C3B, 0x2C3C, 0x11CA, 0x2C3D, 0x2C3E, 0x11CB, 0x11CC, 0x11CD, 0x11CE,
    0x2C3F, 0x2C40, 0x11CF, 0x2C41, 0x2C42, 0x2C43, 0x11D0, 0x11D1, 0x11D2, 0x11D3, 0x2C44, 0x11D4, 0x2C45, 0x2C46, 0x11D5, 0x11D6,
    0x2C47, 0x11D7, 0x11D8, 0x11D9, 0x2C48, 0x11DA, 0x11DB, 0x11DC, 0x11DD, 0x11DE, 0x11DF, 0x11E0, 0x2C49, 0x2C4A, 0x11E1, 0x2C4B,
    0x2C4C, 0x2C4D, 0x11E2, 0x11E3, 0x11E4, 0x11E5, 0x11E6, 0x11E7, 0x2C4E, 0x2C4F, 0x11E8, 0x11E9, 0x2C50, 0x11F0, 0x11F1, 0x11F2,
    0x2C51, 0x11F3, 0x11F4, 0x11F5, 0x11F6, 0x11F7, 0x11F8, 0x11F9, 0x2C52, 0x2C53, 0x11FA, 0x2C54, 0x2C55, 0x2C56, 0x11FB, 0x11FC,
    0x11FD, 0x11FE, 0x11FF, 0x1200, 0x2C57, 0x1201, 0x1202, 0x1203, 0x2C58, 0x1204, 0x1205, 0x1206, 0x2C59, 0x1207, 0x1208, 0x1209,
    0x1210, 0x1211, 0x1212, 0x1213, 0x1214, 0x1215, 0x1216, 0x1217, 0x1218, 0x2C5A, 0x1219, 0x121A, 0x121B, 0x121C, 0x121D, 0x121E,
    0x2C5B, 0x2C5C, 0x2C5D, 0x121F, 0x2C5E, 0x1220, 0x1221, 0x1222, 0x2C5F, 0x1223, 0x2C60, 0x1224, 0x1225, 0x1226, 0x1227, 0x1228,
    0x2C61, 0x2C62, 0x1229, 0x2C63, 0x122A, 0x2C64, 0x122B, 0x122C, 0x122D, 0x2C65, 0x122E, 0x122F, 0x2C66, 0x2C67, 0x1230, 0x1231,
    0x2C68, 0x1232, 0x1233, 0x1234, 0x2C69, 0x1235, 0x1236, 0x1237, 0x1238, 0x1239, 0x123A, 0x123B, 0x123C, 0x123D, 0x123E, 0x123F,
    0x1240, 0x2C6A, 0x1241, 0x1242, 0x1243, 0x1244, 0x1245, 0x1246, 0x2C6B, 0x1247, 0x1248, 0x1249, 0x2C6C, 0x124A, 0x124B, 0x124C,
    0x2C6D, 0x124D, 0x124E, 0x124F, 0x1250, 0x1251, 0x1252, 0x1253, 0x2C6E, 0x1254, 0x1255, 0x2C6F, 0x2C70, 0x1256, 0x1257, 0x1258,
    0x1259, 0x125A, 0x125B, 0x125C, 0x2C71, 0x125D, 0x125E, 0x125F, 0x2C72, 0x1260, 0x1261, 0x1262, 0x2C73, 0x1263, 0x1264, 0x1265,
    0x1266, 0x1267, 0x1268, 0x1269, 0x2C74, 0x2C75, 0x126A, 0x2C76, 0x126B, 0x126C, 0x126D, 0x126E, 0x126F, 0x1270, 0x1271, 0x1272,
    0x2C77, 0x2C78, 0x1273, 0x1274, 0x2C79, 0x1275, 0x1276, 0x1277, 0x2C7A, 0x1278, 0x1279, 0x127A, 0x127B, 0x127C, 0x127D, 0x127E,
    0x2C7B, 0x2C7C, 0x127F, 0x2C7D, 0x1280, 0x2C7E, 0x1281, 0x1282, 0x1283, 0x1284, 0x1285, 0x1286, 0x2C7F, 0x2C80, 0x1287, 0x1288,
    0x2C81, 0x1289, 0x128A, 0x2C82, 0x2C83, 0x128B, 0x128C, 0x128D, 0x128E, 0x128F, 0x1290, 0x1291, 0x2C84, 0x2C85, 0x1292, 0x2C86,
    0x1293, 0x2C87, 0x1294, 0x2CE8, 0x1295, 0x2CE9, 0x2CEA, 0x1296, 0x2CEB, 0x1297, 0x1298, 0x1299, 0x129A, 0x129B, 0x129C, 0x129D,
    0x129E, 0x129F, 0x12A0, 0x12A1, 0x12A2, 0x12A3, 0x12A4, 0x12A5, 0x12A6, 0x12A7, 0x12AE, 0x12AF, 0x2CEC, 0x12B0, 0x12B1, 0x12B2,
    0x12B3, 0x12B4, 0x12B5, 0x12B6, 0x2CED, 0x2CEE, 0x12B7, 0x12B8, 0x2CEF, 0x12B9, 0x12BA, 0x12BB, 0x2CF0, 0x12BC, 0x12BD, 0x12BE,
    0x12BF, 0x12C0, 0x12C1, 0x12C2, 0x2CF1, 0x12C3, 0x12C4, 0x12C5, 0x12C6, 0x2CF2, 0x12C7, 0x12CE, 0x12CF, 0x12D0, 0x12D1, 0x12D2,
    0x2CF3, 0x2CF4, 0x12D3, 0x12D4, 0x2CF5, 0x12D5, 0x12D6, 0x12D7, 0x2CF6, 0x12D8, 0x12D9, 0x12DA, 0x12DB, 0x12DC, 0x12DD, 0x12DE,
    0x2CF7, 0x2CF8, 0x12DF, 0x2CF9, 0x12E0, 0x2CFA, 0x12E1, 0x12E2, 0x12E3, 0x12E4, 0x12E5, 0x12E6, 0x2CFB, 0x2CFC, 0x12E7, 0x12E8,
    0x12E9, 0x12EA, 0x12EB, 0x12EC, 0x2CFD, 0x12ED, 0x12EE, 0x12EF, 0x12F0, 0x12F1, 0x12F2, 0x12F3, 0x2CFE, 0x12F4, 0x12F5, 0x2CFF,
    0x12F6, 0x2D00, 0x12F7, 0x12F8, 0x12F9, 0x12FA, 0x12FB, 0x12FC, 0x2D01, 0x2D02, 0x12FD, 0x12FE, 0x2D03, 0x12FF, 0x1300, 0x1301,
    0x2D04, 0x2D05, 0x1302, 0x1303, 0x1304, 0x1305, 0x1306, 0x1307, 0x2D06, 0x2D07, 0x1308, 0x2D08, 0x1309, 0x2D09, 0x130A, 0x130B,
    0x130C, 0x130D, 0x130E, 0x130F, 0x1310, 0x1311, 0x1312, 0x1313, 0x1314, 0x1315, 0x1316, 0x1317, 0x1318, 0x1319, 0x131A, 0x131B,
    0x131C, 0x131D, 0x131E, 0x131F, 0x1320, 0x1321, 0x1322, 0x1323, 0x1324, 0x1325, 0x1326, 0x1327, 0x1328, 0x1329, 0x132A, 0x132B,
    0x2D0A, 0x2D0B, 0x132C, 0x132D, 0x2D0C, 0x132E, 0x132F, 0x2D0D, 0x2D0E, 0x1330, 0x1331, 0x1332, 0x1333, 0x1334, 0x1335, 0x2D0F,
    0x2D10, 0x2D11, 0x1336, 0x2D12, 0x1337, 0x2D13, 0x1338, 0x1339, 0x133A, 0x133B, 0x2D14, 0x133C, 0x2D15, 0x2D16, 0x133D, 0x2D17,
    0x2D18, 0x133E, 0x133F, 0x1340, 0x2D19, 0x1341, 0x1342, 0x1343, 0x1344, 0x1345, 0x1346, 0x1347, 0x2D1A, 0x2D1B, 0x1348, 0x1349,
    0x2D1C, 0x2D1D, 0x134A, 0x134B, 0x134C, 0x134D, 0x134E, 0x2D1E, 0x2D1F, 0x2D20, 0x134F, 0x1350, 0x2D21, 0x1351, 0x1352, 0x1353,
    0x2D22, 0x1354, 0x1355, 0x1356, 0x1357, 0x1358, 0x1359, 0x135A, 0x2D23, 0x2D24, 0x135B, 0x135C, 0x2D25, 0x2D26, 0x135D, 0x135E,
    0x135F, 0x1360, 0x1361, 0x1362, 0x1363, 0x1364, 0x1365, 0x136C, 0x136D, 0x136E, 0x136F, 0x1370, 0x1371, 0x1372, 0x1373, 0x1374,
    0x1375, 0x1376, 0x1377, 0x1378, 0x1379, 0x137A, 0x137B, 0x137C, 0x137D, 0x2D27, 0x137E, 0x137F, 0x1380, 0x1381, 0x1382, 0x1383,
    0x1384, 0x1385, 0x138C, 0x138D, 0x138E, 0x138F, 0x1390, 0x1391, 0x1392, 0x1393, 0x1394, 0x1395, 0x1396, 0x1397, 0x1398, 0x1399,
    0x139A, 0x139B, 0x139C, 0x139D, 0x139E, 0x139F, 0x13A0, 0x13A1, 0x13A2, 0x13A3, 0x13A4, 0x13A5, 0x2D28, 0x2D29, 0x13A6, 0x13A7,
    0x2D2A, 0x13A8, 0x13A9, 0x13AA, 0x2D2B, 0x13AB, 0x2D2C, 0x13AC, 0x13AD, 0x13AE, 0x13AF, 0x13B0, 0x2D2D, 0x2D2E, 0x13B1, 0x13B2,
    0x2D2F, 0x2D30, 0x13B3, 0x13B4, 0x13B5, 0x13B6, 0x13B7, 0x13B8, 0x2D31, 0x13B9, 0x13BA, 0x13BB, 0x2D32, 0x13BC, 0x13BD, 0x13BE,
    0x2D33, 0x13BF, 0x13C0, 0x13C1, 0x13C2, 0x13C3, 0x13C4, 0x13C5, 0x13C6, 0x13C7, 0x13C8, 0x13C9, 0x13CA, 0x13CB, 0x13CC, 0x13CD,
    0x13CE, 0x13CF, 0x13D0, 0x13D1, 0x13D2, 0x13D3, 0x13D4, 0x13D5, 0x13D6, 0x13D7, 0x13D8, 0x13D9, 0x13DA, 0x13DB, 0x13DC, 0x13DD,
    0x13DE, 0x13DF, 0x13E0, 0x13E1, 0x13E2, 0x13E3, 0x13E4, 0x13E5, 0x13E6, 0x13E7, 0x13E8, 0x13E9, 0x13EA, 0x13EB, 0x13EC, 0x13ED,
    0x13EE, 0x13EF, 0x13F0, 0x13F1, 0x2D34, 0x13F2, 0x13F3, 0x13F4, 0x13F5, 0x13F6, 0x13F7, 0x13F8, 0x13F9, 0x13FA, 0x13FB, 0x13FC,
    0x13FD, 0x13FE, 0x13FF, 0x1400, 0x1401, 0x1402, 0x1403, 0x1404, 0x1405, 0x1406, 0x1407, 0x1408, 0x2D35, 0x2D36, 0x1409, 0x140A,
    0x2D37, 0x140B, 0x140C, 0x2D38, 0x2D39, 0x140D, 0x2D3A, 0x140E, 0x140F, 0x1410, 0x1411, 0x1412, 0x2D3B, 0x2D3C, 0x1413, 0x1414,
    0x1415, 0x2D3D, 0x1416, 0x1417, 0x1418, 0x1419, 0x141A, 0x141B, 0x2D3E, 0x2D3F, 0x141C, 0x141D, 0x2D40, 0x141E, 0x141F, 0x1420,
    0x1421, 0x1422, 0x1423, 0x142A, 0x142B, 0x142C, 0x142D, 0x142E, 0x142F, 0x1430, 0x1431, 0x1432, 0x2D41, 0x1433, 0x1434, 0x1435,
    0x1436, 0x1437, 0x1438, 0x1439, 0x2D42, 0x143A, 0x143B, 0x143C, 0x143D, 0x143E, 0x143F, 0x1440, 0x1441, 0x1442, 0x1443, 0x144A,
    0x144B, 0x144C, 0x144D, 0x144E, 0x144F, 0x1450, 0x1451, 0x1452, 0x2D43, 0x1453, 0x1454, 0x1455, 0x1456, 0x1457, 0x1458, 0x1459,
    0x2D44, 0x145A, 0x145B, 0x145C, 0x2D45, 0x145D, 0x145E, 0x145F, 0x2DA6, 0x1460, 0x1461, 0x1462, 0x1463, 0x1464, 0x1465, 0x1466,
    0x2DA7, 0x2DA8, 0x1467, 0x1468, 0x1469, 0x146A, 0x146B, 0x146C, 0x146D, 0x146E, 0x146F, 0x1470, 0x2DA9, 0x1471, 0x1472, 0x1473,
    0x1474, 0x1475, 0x1476, 0x1477, 0x1478, 0x1479, 0x147A, 0x147B, 0x147C, 0x147D, 0x147E, 0x147F, 0x1480, 0x1481, 0x1482, 0x1483,
    0x1484, 0x1485, 0x1486, 0x1487, 0x1488, 0x1489, 0x148A, 0x148B, 0x2DAA, 0x2DAB, 0x148C, 0x148D, 0x2DAC, 0x148E, 0x148F, 0x1490,
    0x2DAD, 0x1491, 0x1492, 0x1493, 0x1494, 0x1495, 0x1496, 0x1497, 0x2DAE, 0x2DAF, 0x1498, 0x1499, 0x149A, 0x2DB0, 0x149B, 0x149C,
    0x149D, 0x149E, 0x149F, 0x14A0, 0x2DB1, 0x14A1, 0x14A2, 0x14A3, 0x14A4, 0x14A5, 0x14A6, 0x14A7, 0x14A8, 0x14A9, 0x14AA, 0x14AB,
    0x14AC, 0x14AD, 0x14AE, 0x14AF, 0x14B0, 0x14B1, 0x14B2, 0x14B3, 0x2DB2, 0x14B4, 0x14B5, 0x14B6, 0x14B7, 0x14B8, 0x14B9, 0x14BA,
    0x2DB3, 0x14BB, 0x14BC, 0x14BD, 0x14BE, 0x14BF, 0x14C0, 0x14C1, 0x14C2, 0x14C3, 0x14C4, 0x14C5, 0x14C6, 0x14C7, 0x14C8, 0x14C9,
    0x14CA, 0x14CB, 0x14CC, 0x14CD, 0x14CE, 0x14CF, 0x14D0, 0x14D1, 0x14D2, 0x14D3, 0x14D4, 0x14D5, 0x2DB4, 0x14D6, 0x14D7, 0x14D8,
    0x2DB5, 0x14D9, 0x14DA, 0x14DB, 0x14DC, 0x14DD, 0x14DE, 0x14DF, 0x14E0, 0x14E1, 0x14E8, 0x14E9, 0x14EA, 0x14EB, 0x14EC, 0x14ED,
    0x14EE, 0x14EF, 0x14F0, 0x14F1, 0x14F2, 0x14F3, 0x14F4, 0x14F5, 0x14F6, 0x14F7, 0x14F8, 0x14F9, 0x14FA, 0x14FB, 0x14FC, 0x14FD,
    0x14FE, 0x14FF, 0x1500, 0x1501, 0x1508, 0x1509, 0x150A, 0x150B, 0x150C, 0x150D, 0x150E, 0x150F, 0x1510, 0x2DB6, 0x1511, 0x1512,
    0x1513, 0x1514, 0x1515, 0x1516, 0x2DB7, 0x2DB8, 0x1517, 0x1518, 0x2DB9, 0x1519, 0x151A, 0x151B, 0x2DBA, 0x151C, 0x2DBB, 0x151D,
    0x151E, 0x151F, 0x1520, 0x2DBC, 0x2DBD, 0x2DBE, 0x1521, 0x1522, 0x1523, 0x1524, 0x1525, 0x1526, 0x1527, 0x1528, 0x1529, 0x152A,
    0x2DBF, 0x152B, 0x152C, 0x152D, 0x2DC0, 0x152E, 0x152F, 0x1530, 0x2DC1, 0x1531, 0x1532, 0x1533, 0x1534, 0x1535, 0x1536, 0x1537,
    0x2DC2, 0x1538, 0x1539, 0x153A, 0x153B, 0x153C, 0x153D, 0x153E, 0x153F, 0x1540, 0x1541, 0x1542, 0x2DC3, 0x2DC4, 0x1543, 0x1544,
    0x2DC5, 0x1545, 0x1546, 0x1547, 0x2DC6, 0x1548, 0x1549, 0x154A, 0x154B, 0x154C, 0x154D, 0x154E, 0x2DC7, 0x2DC8, 0x154F, 0x2DC9,
    0x1550, 0x2DCA, 0x1551, 0x1552, 0x1553, 0x1554, 0x1555, 0x1556, 0x2DCB, 0x2DCC, 0x1557, 0x1558, 0x2DCD, 0x2DCE, 0x2DCF, 0x1559,
    0x2DD0, 0x2DD1, 0x2DD2, 0x155A, 0x155B, 0x155C, 0x155D, 0x2DD3, 0x2DD4, 0x2DD5, 0x155E, 0x2DD6, 0x2DD7, 0x2DD8, 0x155F, 0x1560,
    0x1561, 0x2DD9, 0x2DDA, 0x1562, 0x2DDB, 0x2DDC, 0x1563, 0x1564, 0x2DDD, 0x1565, 0x1566, 0x1567, 0x2DDE, 0x1568, 0x1569, 0x156A,
    0x156B, 0x156C, 0x156D, 0x156E, 0x2DDF, 0x2DE0, 0x156F, 0x2DE1, 0x2DE2, 0x2DE3, 0x1570, 0x1571, 0x1572, 0x1573, 0x1574, 0x1575,
    0x2DE4, 0x2DE5, 0x1576, 0x1577, 0x2DE6, 0x1578, 0x1579, 0x157A, 0x2DE7, 0x157B, 0x157C, 0x2DE8, 0x157D, 0x157E, 0x157F, 0x1580,
    0x2DE9, 0x2DEA, 0x1581, 0x2DEB, 0x1582, 0x2DEC, 0x1583, 0x1584, 0x1585, 0x2DED, 0x1586, 0x2DEE, 0x2DEF, 0x1587, 0x1588, 0x1589,
    0x2DF0, 0x158A, 0x158B, 0x158C, 0x2DF1, 0x158D, 0x158E, 0x158F, 0x1590, 0x1591, 0x1592, 0x1593, 0x1594, 0x2DF2, 0x1595, 0x1596,
    0x1597, 0x1598, 0x1599, 0x159A, 0x159B, 0x159C, 0x159D, 0x159E, 0x2DF3, 0x2DF4, 0x159F, 0x15A6, 0x2DF5, 0x2DF6, 0x15A7, 0x2DF7,
    0x2DF8, 0x2DF9, 0x2DFA, 0x15A8, 0x15A9, 0x15AA, 0x15AB, 0x15AC, 0x2DFB, 0x2DFC, 0x2DFD, 0x2DFE, 0x2DFF, 0x2E00, 0x2E01, 0x15AD,
    0x2E02, 0x15AE, 0x2E03, 0x15AF, 0x2E64, 0x2E65, 0x15B0, 0x15B1, 0x2E66, 0x15B2, 0x15B3, 0x15B4, 0x2E67, 0x15B5, 0x15B6, 0x15B7,
    0x15B8, 0x15B9, 0x15BA, 0x15BB, 0x2E68, 0x2E69, 0x15BC, 0x2E6A, 0x15BD, 0x2E6B, 0x15BE, 0x15BF, 0x15C6, 0x15C7, 0x15C8, 0x15C9,
    0x2E6C, 0x2E6D, 0x2E6E, 0x15CA, 0x2E6F, 0x15CB, 0x15CC, 0x15CD, 0x2E70, 0x15CE, 0x2E71, 0x2E72, 0x15CF, 0x15D0, 0x15D1, 0x15D2,
    0x2E73, 0x2E74, 0x2E75, 0x2E76, 0x2E77, 0x2E78, 0x15D3, 0x15D4, 0x15D5, 0x2E79, 0x2E7A, 0x2E7B, 0x2E7C, 0x15D6, 0x15D7, 0x15D8,
    0x2E7D, 0x15D9, 0x15DA, 0x15DB, 0x2E7E, 0x15DC, 0x15DD, 0x15DE, 0x15DF, 0x15E0, 0x15E1, 0x15E2, 0x2E7F, 0x2E80, 0x15E3, 0x2E81,
    0x2E82, 0x15E4, 0x15E5, 0x15E6, 0x15E7, 0x15E8, 0x15E9, 0x15EA, 0x2E83, 0x2E84, 0x15EB, 0x15EC, 0x2E85, 0x15ED, 0x15EE, 0x15EF,
    0x2E86, 0x2E87, 0x2E88, 0x15F0, 0x2E89, 0x15F1, 0x15F2, 0x2E8A, 0x2E8B, 0x2E8C, 0x15F3, 0x2E8D, 0x15F4, 0x2E8E, 0x15F5, 0x2E8F,
    0x15F6, 0x15F7, 0x15F8, 0x15F9, 0x2E90, 0x2E91, 0x15FA, 0x15FB, 0x2E92, 0x15FC, 0x15FD, 0x15FE, 0x2E93, 0x15FF, 0x1600, 0x1601,
    0x1602, 0x1603, 0x1604, 0x1605, 0x2E94, 0x2E95, 0x1606, 0x2E96, 0x2E97, 0x2E98, 0x1607, 0x1608, 0x1609, 0x160A, 0x160B, 0x160C,
    0x2E99, 0x2E9A, 0x160D, 0x160E, 0x2E9B, 0x160F, 0x1610, 0x1611, 0x1612, 0x1613, 0x1614, 0x1615, 0x1616, 0x1617, 0x1618, 0x1619,
    0x2E9C, 0x161A, 0x161B, 0x2E9D, 0x161C, 0x2E9E, 0x161D, 0x161E, 0x161F, 0x1620, 0x1621, 0x1622, 0x2E9F, 0x2EA0, 0x1623, 0x1624,
    0x2EA1, 0x1625, 0x1626, 0x1627, 0x2EA2, 0x1628, 0x1629, 0x162A, 0x162B, 0x162C, 0x162D, 0x162E, 0x2EA3, 0x2EA4, 0x162F, 0x2EA5,
    0x1630, 0x2EA6, 0x1631, 0x1632, 0x1633, 0x1634, 0x1635, 0x1636, 0x2EA7, 0x2EA8, 0x1637, 0x1638, 0x2EA9, 0x1639, 0x163A, 0x163B,
    0x2EAA, 0x163C, 0x163D, 0x163E, 0x163F, 0x1640, 0x1641, 0x1642, 0x2EAB, 0x2EAC, 0x1643, 0x2EAD, 0x1644, 0x2EAE, 0x1645, 0x1646,
    0x1647, 0x1648, 0x1649, 0x164A, 0x2EAF, 0x2EB0, 0x164B, 0x164C, 0x2EB1, 0x164D, 0x164E, 0x164F, 0x2EB2, 0x2EB3, 0x2EB4, 0x1650,
    0x1651, 0x1652, 0x1653, 0x1654, 0x2EB5, 0x2EB6, 0x1655, 0x2EB7, 0x1656, 0x2EB8, 0x1657, 0x1658, 0x1659, 0x165A, 0x165B, 0x165C,
    0x2EB9, 0x2EBA, 0x165D, 0x1664, 0x2EBB, 0x1665, 0x1666, 0x1667, 0x2EBC, 0x1668, 0x1669, 0x166A, 0x166B, 0x166C, 0x166D, 0x166E,
    0x2EBD, 0x2EBE, 0x166F, 0x1670, 0x2EBF, 0x2EC0, 0x1671, 0x1672, 0x1673, 0x1674, 0x1675, 0x1676, 0x2EC1, 0x2F22, 0x1677, 0x1678,
    0x2F23, 0x1679, 0x167A, 0x167B, 0x2F24, 0x167C, 0x167D, 0x1684, 0x1685, 0x1686, 0x1687, 0x1688, 0x2F25, 0x2F26, 0x1689, 0x168A,
    0x168B, 0x2F27, 0x168C, 0x168D, 0x168E, 0x168F, 0x1690, 0x1691, 0x2F28, 0x2F29, 0x1692, 0x1693, 0x2F2A, 0x1694, 0x1695, 0x1696,
    0x2F2B, 0x1697, 0x1698, 0x1699, 0x169A, 0x169B, 0x169C, 0x169D, 0x2F2C, 0x2F2D, 0x169E, 0x2F2E, 0x169F, 0x2F2F, 0x16A0, 0x16A1,
    0x16A2, 0x16A3, 0x16A4, 0x16A5, 0x2F30, 0x2F31, 0x16A6, 0x16A7, 0x2F32, 0x16A8, 0x16A9, 0x16AA, 0x2F33, 0x16AB, 0x16AC, 0x16AD,
    0x16AE, 0x16AF, 0x16B0, 0x16B1, 0x2F34, 0x2F35, 0x16B2, 0x2F36, 0x16B3, 0x2F37, 0x16B4, 0x2F38, 0x16B5, 0x16B6, 0x16B7, 0x16B8,
    0x2F39, 0x2F3A, 0x16B9, 0x16BA, 0x2F3B, 0x16BB, 0x16BC, 0x16BD, 0x2F3C, 0x16BE, 0x16BF, 0x16C0, 0x16C1, 0x16C2, 0x2F3D, 0x16C3,
    0x2F3E, 0x2F3F, 0x16C4, 0x2F40, 0x16C5, 0x2F41, 0x2F42, 0x2F43, 0x2F44, 0x2F45, 0x2F46, 0x2F47, 0x2F48, 0x16C6, 0x16C7, 0x16C8,
    0x2F49, 0x16C9, 0x16CA, 0x16CB, 0x2F4A, 0x16CC, 0x16CD, 0x16CE, 0x16CF, 0x16D0, 0x16D1, 0x16D2, 0x2F4B, 0x16D3, 0x16D4, 0x2F4C,
    0x16D5, 0x16D6, 0x16D7, 0x16D8, 0x16D9, 0x16DA, 0x16DB, 0x16DC, 0x2F4D, 0x2F4E, 0x16DD, 0x16DE, 0x2F4F, 0x16DF, 0x16E0, 0x16E1,
    0x2F50, 0x2F51, 0x2F52, 0x16E2, 0x16E3, 0x16E4, 0x16E5, 0x2F53, 0x2F54, 0x2F55, 0x16E6, 0x2F56, 0x2F57, 0x2F58, 0x2F59, 0x16E7,
    0x16E8, 0x16E9, 0x2F5A, 0x16EA, 0x2F5B, 0x2F5C, 0x16EB, 0x16EC, 0x2F5D, 0x16ED, 0x2F5E, 0x2F5F, 0x2F60, 0x16EE, 0x2F61, 0x16EF,
    0x16F0, 0x16F1, 0x16F2, 0x16F3, 0x2F62, 0x2F63, 0x16F4, 0x2F64, 0x2F65, 0x2F66, 0x2F67, 0x16F5, 0x16F6, 0x16F7, 0x16F8, 0x16F9,
    0x2F68, 0x2F69, 0x16FA, 0x16FB, 0x2F6A, 0x16FC, 0x16FD, 0x16FE, 0x2F6B, 0x16FF, 0x1700, 0x1701, 0x1702, 0x1703, 0x1704, 0x1705,
    0x2F6C, 0x2F6D, 0x1706, 0x2F6E, 0x2F6F, 0x2F70, 0x1707, 0x1708, 0x1709, 0x170A, 0x170B, 0x170C, 0x2F71, 0x2F72, 0x170D, 0x170E,
    0x2F73, 0x170F, 0x2F74, 0x1710, 0x2F75, 0x1711, 0x1712, 0x1713, 0x1714, 0x1715, 0x1716, 0x1717, 0x2F76, 0x1718, 0x1719, 0x171A,
    0x171B, 0x2F77, 0x1722, 0x1723, 0x1724, 0x1725, 0x1726, 0x1727, 0x2F78, 0x1728, 0x1729, 0x172A, 0x2F79, 0x172B, 0x172C, 0x172D,
    0x2F7A, 0x172E, 0x172F, 0x1730, 0x1731, 0x1732, 0x1733, 0x1734, 0x1735, 0x1736, 0x1737, 0x1738, 0x1739, 0x173A, 0x173B, 0x1742,
    0x1743, 0x1744, 0x1745, 0x1746, 0x2F7B, 0x2F7C, 0x1747, 0x1748, 0x2F7D, 0x1749, 0x174A, 0x174B, 0x2F7E, 0x174C, 0x2F7F, 0x174D,
    0x174E, 0x174F, 0x1750, 0x1751, 0x2FE0, 0x2FE1, 0x1752, 0x2FE2, 0x1753, 0x2FE3, 0x2FE4, 0x1754, 0x1755, 0x1756, 0x1757, 0x1758,
    0x2FE5, 0x2FE6, 0x1759, 0x175A, 0x2FE7, 0x175B, 0x175C, 0x175D, 0x2FE8, 0x175E, 0x175F, 0x1760, 0x1761, 0x1762, 0x1763, 0x1764,
    0x2FE9, 0x2FEA, 0x1765, 0x2FEB, 0x1766, 0x2FEC, 0x1767, 0x1768, 0x1769, 0x176A, 0x176B, 0x176C, 0x2FED, 0x176D, 0x176E, 0x176F,
    0x2FEE, 0x1770, 0x1771, 0x1772, 0x2FEF, 0x1773, 0x1774, 0x1775, 0x1776, 0x1777, 0x1778, 0x1779, 0x2FF0, 0x2FF1, 0x177A, 0x177B,
    0x2FF2, 0x2FF3, 0x177C, 0x177D, 0x177E, 0x177F, 0x1780, 0x1781, 0x2FF4, 0x1782, 0x1783, 0x1784, 0x1785, 0x1786, 0x1787, 0x1788,
    0x1789, 0x178A, 0x178B, 0x178C, 0x178D, 0x178E, 0x178F, 0x1790, 0x1791, 0x1792, 0x1793, 0x1794, 0x1795, 0x1796, 0x1797, 0x1798,
    0x1799, 0x179A, 0x179B, 0x179C, 0x2FF5, 0x2FF6, 0x179D, 0x179E, 0x2FF7, 0x179F, 0x17A0, 0x17A1, 0x2FF8, 0x17A2, 0x2FF9, 0x17A3,
    0x17A4, 0x17A5, 0x17A6, 0x17A7, 0x2FFA, 0x2FFB, 0x17A8, 0x2FFC, 0x17A9, 0x2FFD, 0x2FFE, 0x2FFF, 0x17AA, 0x17AB, 0x17AC, 0x3000,
    0x3001, 0x3002, 0x17AD, 0x17AE, 0x17AF, 0x17B0, 0x17B1, 0x17B2, 0x3003, 0x17B3, 0x17B4, 0x17B5, 0x17B6, 0x17B7, 0x17B8, 0x17B9,
    0x17BA, 0x3004, 0x17BB, 0x3005, 0x17BC, 0x3006, 0x17BD, 0x17BE, 0x17BF, 0x17C0, 0x17C1, 0x17C2, 0x3007, 0x17C3, 0x17C4, 0x17C5,
    0x17C6, 0x17C7, 0x17C8, 0x17C9, 0x17CA, 0x17CB, 0x17CC, 0x17CD, 0x17CE, 0x17CF, 0x17D0, 0x17D1, 0x17D2, 0x17D3, 0x17D4, 0x17D5,
    0x3008, 0x3009, 0x17D6, 0x17D7, 0x17D8, 0x17D9, 0x17E0, 0x17E1, 0x300A, 0x17E2, 0x17E3, 0x17E4, 0x300B, 0x17E5, 0x17E6, 0x17E7,
    0x300C, 0x17E8, 0x17E9, 0x17EA, 0x17EB, 0x17EC, 0x17ED, 0x17EE, 0x300D, 0x300E, 0x17EF, 0x300F, 0x17F0, 0x3010, 0x17F1, 0x17F2,
    0x17F3, 0x17F4, 0x17F5, 0x17F6, 0x3011, 0x3012, 0x17F7, 0x17F8, 0x3013, 0x17F9, 0x1800, 0x1801, 0x1802, 0x1803, 0x1804, 0x1805,
    0x1806, 0x1807, 0x1808, 0x1809, 0x180A, 0x180B, 0x180C, 0x180D, 0x180E, 0x3014, 0x180F, 0x1810, 0x1811, 0x1812, 0x1813, 0x1814,
    0x3015, 0x3016, 0x1815, 0x1816, 0x3017, 0x1817, 0x1818, 0x1819, 0x3018, 0x3019, 0x301A, 0x181A, 0x181B, 0x181C, 0x181D, 0x181E,
    0x301B, 0x301C, 0x181F, 0x301D, 0x187E, 0x301E, 0x187F, 0x1880, 0x1881, 0x1882, 0x1883, 0x1884, 0x301F, 0x1885, 0x1886, 0x1887,
    0x1888, 0x1889, 0x188A, 0x188B, 0x188C, 0x188D, 0x188E, 0x188F, 0x1890, 0x1891, 0x1892, 0x1893, 0x1894, 0x1895, 0x1896, 0x1897,
    0x3020, 0x189E, 0x189F, 0x18A0, 0x18A1, 0x18A2, 0x18A3, 0x18A4, 0x3021, 0x18A5, 0x18A6, 0x18A7, 0x18A8, 0x18A9, 0x18AA, 0x18AB,
    0x18AC, 0x18AD, 0x18AE, 0x18AF, 0x18B0, 0x18B1, 0x18B2, 0x18B3, 0x18B4, 0x18B5, 0x18B6, 0x18B7, 0x18BE, 0x18BF, 0x18C0, 0x18C1,
    0x18C2, 0x18C3, 0x18C4, 0x18C5, 0x3022, 0x3023, 0x18C6, 0x18C7, 0x3024, 0x18C8, 0x18C9, 0x18CA, 0x3025, 0x18CB, 0x18CC, 0x18CD,
    0x18CE, 0x18CF, 0x18D0, 0x18D1, 0x3026, 0x3027, 0x18D2, 0x3028, 0x18D3, 0x18D4, 0x18D5, 0x18D6, 0x18D7, 0x18D8, 0x18D9, 0x18DA,
    0x3029, 0x18DB, 0x18DC, 0x18DD, 0x302A, 0x193C, 0x193D, 0x193E, 0x302B, 0x193F, 0x1940, 0x1941, 0x1942, 0x1943, 0x1944, 0x1945,
    0x302C, 0x1946, 0x1947, 0x1948, 0x1949, 0x194A, 0x194B, 0x194C, 0x194D, 0x194E, 0x194F, 0x1950, 0x302D, 0x302E, 0x1951, 0x1952,
    0x302F, 0x1953, 0x1954, 0x1955, 0x3030, 0x195C, 0x195D, 0x195E, 0x195F, 0x1960, 0x1961, 0x1962, 0x3031, 0x3032, 0x1963, 0x3033,
    0x1964, 0x3034, 0x1965, 0x1966, 0x1967, 0x1968, 0x1969, 0x196A, 0x196B, 0x196C, 0x196D, 0x196E, 0x196F, 0x1970, 0x1971, 0x1972,
    0x1973, 0x1974, 0x1975, 0x197C, 0x197D, 0x197E, 0x197F, 0x1980, 0x1981, 0x1982, 0x1983, 0x1984, 0x1985, 0x1986, 0x1987, 0x1988,
    0x1989, 0x198A, 0x198B, 0x198C, 0x3035, 0x3036, 0x198D, 0x198E, 0x3037, 0x198F, 0x1990, 0x3038, 0x3039, 0x1991, 0x303A, 0x1992,
    0x1993, 0x1994, 0x1995, 0x1996, 0x303B, 0x303C, 0x1997, 0x303D, 0x1998, 0x309E, 0x309F, 0x1999, 0x199A, 0x30A0, 0x30A1, 0x199B,
    0x30A2, 0x30A3, 0x19FA, 0x19FB, 0x30A4, 0x19FC, 0x30A5, 0x19FD, 0x30A6, 0x19FE, 0x19FF, 0x30A7, 0x1A00, 0x1A01, 0x1A02, 0x1A03,
    0x30A8, 0x30A9, 0x1A04, 0x30AA, 0x30AB, 0x30AC, 0x1A05, 0x1A06, 0x1A07, 0x1A08, 0x1A09, 0x1A0A, 0x30AD, 0x30AE, 0x1A0B, 0x1A0C,
    0x30AF, 0x1A0D, 0x1A0E, 0x1A0F, 0x30B0, 0x1A10, 0x1A11, 0x1A12, 0x1A13, 0x1A1A, 0x1A1B, 0x1A1C, 0x30B1, 0x30B2, 0x1A1D, 0x30B3,
    0x30B4, 0x30B5, 0x1A1E, 0x1A1F, 0x1A20, 0x1A21, 0x1A22, 0x1A23, 0x30B6, 0x1A24, 0x1A25, 0x1A26, 0x30B7, 0x1A27, 0x1A28, 0x1A29,
    0x1A2A, 0x1A2B, 0x1A2C, 0x1A2D, 0x1A2E, 0x1A2F, 0x1A30, 0x1A31, 0x1A32, 0x1A33, 0x1A3A, 0x1A3B, 0x1A3C, 0x30B8, 0x1A3D, 0x1A3E,
    0x1A3F, 0x1A40, 0x1A41, 0x1A42, 0x1A43, 0x1A44, 0x1A45, 0x1A46, 0x1A47, 0x1A48, 0x1A49, 0x1A4A, 0x1A4B, 0x1A4C, 0x1A4D, 0x1A4E,
    0x1A4F, 0x1A50, 0x1A51, 0x1A52, 0x1A53, 0x1A54, 0x1A55, 0x1A56, 0x1A57, 0x1A58, 0x1A59, 0x1AB8, 0x1AB9, 0x1ABA, 0x1ABB, 0x1ABC,
    0x30B9, 0x30BA, 0x1ABD, 0x1ABE, 0x30BB, 0x1ABF, 0x1AC0, 0x1AC1, 0x30BC, 0x1AC2, 0x1AC3, 0x1AC4, 0x1AC5, 0x1AC6, 0x1AC7, 0x1AC8,
    0x30BD, 0x30BE, 0x1AC9, 0x30BF, 0x30C0, 0x30C1, 0x1ACA, 0x1ACB, 0x1ACC, 0x1ACD, 0x1ACE, 0x1ACF, 0x30C2, 0x1AD0, 0x1AD1, 0x1AD8,
    0x1AD9, 0x1ADA, 0x1ADB, 0x1ADC, 0x1ADD, 0x1ADE, 0x1ADF, 0x1AE0, 0x1AE1, 0x1AE2, 0x1AE3, 0x1AE4, 0x1AE5, 0x1AE6, 0x1AE7, 0x1AE8,
    0x1AE9, 0x30C3, 0x1AEA, 0x1AEB, 0x1AEC, 0x1AED, 0x1AEE, 0x1AEF, 0x30C4, 0x1AF0, 0x1AF1, 0x1AF8, 0x1AF9, 0x1AFA, 0x1AFB, 0x1AFC,
    0x1AFD, 0x1AFE, 0x1AFF, 0x1B00, 0x1B01, 0x1B02, 0x1B03, 0x1B04, 0x1B05, 0x1B06, 0x1B07, 0x1B08, 0x30C5, 0x1B09, 0x1B0A, 0x1B0B,
    0x1B0C, 0x1B0D, 0x1B0E, 0x1B0F, 0x1B10, 0x1B11, 0x1B12, 0x1B13, 0x1B14, 0x1B15, 0x1B16, 0x1B17, 0x1B76, 0x1B77, 0x1B78, 0x1B79,
    0x1B7A, 0x1B7B, 0x1B7C, 0x1B7D, 0x1B7E, 0x1B7F, 0x1B80, 0x1B81, 0x1B82, 0x1B83, 0x1B84, 0x1B85, 0x1B86, 0x1B87, 0x1B88, 0x1B89,
    0x30C6, 0x30C7, 0x1B8A, 0x1B8B, 0x30C8, 0x1B8C, 0x1B8D, 0x1B8E, 0x30C9, 0x1B8F, 0x1B96, 0x1B97, 0x1B98, 0x1B99, 0x1B9A, 0x1B9B,
    0x30CA, 0x30CB, 0x1B9C, 0x30CC, 0x1B9D, 0x30CD, 0x1B9E, 0x30CE, 0x1B9F, 0x1BA0, 0x1BA1, 0x1BA2, 0x30CF, 0x30D0, 0x1BA3, 0x1BA4,
    0x1BA5, 0x1BA6, 0x1BA7, 0x1BA8, 0x30D1, 0x1BA9, 0x1BAA, 0x1BAB, 0x1BAC, 0x1BAD, 0x1BAE, 0x1BAF, 0x1BB6, 0x1BB7, 0x1BB8, 0x1BB9,
    0x30D2, 0x1BBA, 0x1BBB, 0x1BBC, 0x1BBD, 0x1BBE, 0x1BBF, 0x1BC0, 0x30D3, 0x1BC1, 0x1BC2, 0x1BC3, 0x1BC4, 0x1BC5, 0x1BC6, 0x1BC7,
    0x1BC8, 0x1BC9, 0x1BCA, 0x1BCB, 0x1BCC, 0x1BCD, 0x1BCE, 0x1BCF, 0x1BD0, 0x1BD1, 0x1BD2, 0x1BD3, 0x30D4, 0x1BD4, 0x1BD5, 0x1C34,
    0x1C35, 0x1C36, 0x1C37, 0x1C38, 0x30D5, 0x1C39, 0x1C3A, 0x1C3B, 0x30D6, 0x1C3C, 0x1C3D, 0x1C3E, 0x30D7, 0x1C3F, 0x1C40, 0x1C41,
    0x1C42, 0x1C43, 0x1C44, 0x1C45, 0x30D8, 0x30D9, 0x1C46, 0x1C47, 0x1C48, 0x1C49, 0x1C4A, 0x1C4B, 0x1C4C, 0x1C4D, 0x1C54, 0x1C55,
    0x1C56, 0x1C57, 0x1C58, 0x1C59, 0x1C5A, 0x1C5B, 0x1C5C, 0x1C5D, 0x1C5E, 0x1C5F, 0x1C60, 0x1C61, 0x1C62, 0x1C63, 0x1C64, 0x1C65,
    0x1C66, 0x1C67, 0x1C68, 0x1C69, 0x1C6A, 0x30DA, 0x1C6B, 0x1C6C, 0x1C6D, 0x1C74, 0x1C75, 0x1C76, 0x30DB, 0x30DC, 0x1C77, 0x1C78,
    0x30DD, 0x1C79, 0x1C7A, 0x1C7B, 0x30DE, 0x1C7C, 0x1C7D, 0x1C7E, 0x1C7F, 0x1C80, 0x1C81, 0x1C82, 0x30DF, 0x30E0, 0x1C83, 0x1C84,
    0x1C85, 0x30E1, 0x1C86, 0x1C87, 0x1C88, 0x1C89, 0x1C8A, 0x1C8B, 0x30E2, 0x1C8C, 0x1C8D, 0x1C8E, 0x1C8F, 0x1C90, 0x1C91, 0x1C92,
    0x1C93, 0x1CF2, 0x1CF3, 0x1CF4, 0x1CF5, 0x1CF6, 0x1CF7, 0x1CF8, 0x1CF9, 0x1CFA, 0x1CFB, 0x1CFC, 0x30E3, 0x30E4, 0x1CFD, 0x1CFE,
    0x1CFF, 0x1D00, 0x1D01, 0x1D02, 0x1D03, 0x1D04, 0x1D05, 0x1D06, 0x1D07, 0x1D08, 0x1D09, 0x1D0A, 0x1D0B, 0x1D12, 0x1D13, 0x1D14,
    0x1D15, 0x1D16, 0x1D17, 0x1D18, 0x1D19, 0x1D1A, 0x1D1B, 0x1D1C, 0x1D1D, 0x1D1E, 0x1D1F, 0x1D20, 0x1D21, 0x1D22, 0x1D23, 0x1D24,
    0x30E5, 0x1D25, 0x1D26, 0x1D27, 0x1D28, 0x1D29, 0x1D2A, 0x1D2B, 0x1D32, 0x1D33, 0x1D34, 0x1D35, 0x1D36, 0x1D37, 0x1D38, 0x1D39,
    0x1D3A, 0x1D3B, 0x1D3C, 0x1D3D, 0x1D3E, 0x1D3F, 0x1D40, 0x1D41, 0x1D42, 0x1D43, 0x1D44, 0x1D45, 0x30E6, 0x1D46, 0x1D47, 0x1D48,
    0x1D49, 0x1D4A, 0x1D4B, 0x1D4C, 0x1D4D, 0x1D4E, 0x1D4F, 0x1D50, 0x1D51, 0x1DB0, 0x1DB1, 0x1DB2, 0x1DB3, 0x1DB4, 0x1DB5, 0x1DB6,
    0x1DB7, 0x1DB8, 0x1DB9, 0x1DBA, 0x1DBB, 0x1DBC, 0x1DBD, 0x1DBE, 0x30E7, 0x1DBF, 0x1DC0, 0x1DC1, 0x1DC2, 0x1DC3, 0x1DC4, 0x1DC5,
    0x1DC6, 0x1DC7, 0x1DC8, 0x1DC9, 0x1DD0, 0x1DD1, 0x1DD2, 0x1DD3, 0x30E8, 0x1DD4, 0x1DD5, 0x30E9, 0x1DD6, 0x30EA, 0x1DD7, 0x1DD8,
    0x1DD9, 0x1DDA, 0x1DDB, 0x1DDC, 0x1DDD, 0x1DDE, 0x1DDF, 0x1DE0, 0x1DE1, 0x1DE2, 0x1DE3, 0x1DE4, 0x1DE5, 0x1DE6, 0x1DE7, 0x1DE8,
    0x1DE9, 0x1DF0, 0x1DF1, 0x1DF2, 0x1DF3, 0x1DF4, 0x1DF5, 0x1DF6, 0x1DF7, 0x1DF8, 0x1DF9, 0x1DFA, 0x1DFB, 0x1DFC, 0x1DFD, 0x1DFE,
    0x30EB, 0x30EC, 0x1DFF, 0x1E00, 0x30ED, 0x1E01, 0x1E02, 0x1E03, 0x30EE, 0x1E04, 0x1E05, 0x1E06, 0x1E07, 0x1E08, 0x1E09, 0x1E0A,
    0x30EF, 0x30F0, 0x1E0B, 0x1E0C, 0x1E0D, 0x30F1, 0x30F2, 0x1E0E, 0x1E0F, 0x1E6E, 0x1E6F, 0x30F3, 0x30F4, 0x30F5, 0x1E70, 0x1E71,
    0x30F6, 0x1E72, 0x30F7, 0x1E73, 0x30F8, 0x1E74, 0x1E75, 0x1E76, 0x1E77, 0x1E78, 0x1E79, 0x1E7A, 0x30F9, 0x30FA, 0x1E7B, 0x30FB,
    0x315C, 0x315D, 0x315E, 0x1E7C, 0x1E7D, 0x1E7E, 0x1E7F, 0x1E80, 0x315F, 0x3160, 0x1E81, 0x1E82, 0x3161, 0x1E83, 0x1E84, 0x1E85,
    0x3162, 0x1E86, 0x1E87, 0x1E8E, 0x1E8F, 0x1E90, 0x1E91, 0x1E92, 0x3163, 0x3164, 0x1E93, 0x3165, 0x3166, 0x3167, 0x1E94, 0x1E95,
    0x1E96, 0x1E97, 0x1E98, 0x1E99, 0x3168, 0x1E9A, 0x1E9B, 0x1E9C, 0x3169, 0x1E9D, 0x316A, 0x1E9E, 0x316B, 0x1E9F, 0x1EA0, 0x1EA1,
    0x1EA2, 0x1EA3, 0x1EA4, 0x1EA5, 0x316C, 0x1EA6, 0x1EA7, 0x1EAE, 0x1EAF, 0x316D, 0x1EB0, 0x1EB1, 0x1EB2, 0x1EB3, 0x1EB4, 0x1EB5,
    0x1EB6, 0x1EB7, 0x1EB8, 0x1EB9, 0x1EBA, 0x1EBB, 0x1EBC, 0x1EBD, 0x1EBE, 0x1EBF, 0x1EC0, 0x1EC1, 0x1EC2, 0x1EC3, 0x1EC4, 0x1EC5,
    0x1EC6, 0x1EC7, 0x1EC8, 0x1EC9, 0x1ECA, 0x1ECB, 0x1ECC, 0x1ECD, 0x1F2C, 0x1F2D, 0x1F2E, 0x1F2F, 0x316E, 0x316F, 0x1F30, 0x1F31,
    0x3170, 0x1F32, 0x1F33, 0x1F34, 0x3171, 0x1F35, 0x1F36, 0x1F37, 0x1F38, 0x1F39, 0x1F3A, 0x1F3B, 0x3172, 0x3173, 0x1F3C, 0x3174,
    0x3175, 0x3176, 0x1F3D, 0x1F3E, 0x1F3F, 0x1F40, 0x1F41, 0x1F42, 0x3177, 0x3178, 0x1F43, 0x1F44, 0x3179, 0x1F45, 0x1F4C, 0x1F4D,
    0x317A, 0x1F4E, 0x1F4F, 0x1F50, 0x1F51, 0x1F52, 0x1F53, 0x1F54, 0x317B, 0x317C, 0x1F55, 0x317D, 0x1F56, 0x317E, 0x1F57, 0x1F58,
    0x1F59, 0x1F5A, 0x1F5B, 0x1F5C, 0x317F, 0x1F5D, 0x1F5E, 0x1F5F, 0x3180, 0x1F60, 0x1F61, 0x1F62, 0x1F63, 0x1F64, 0x1F65, 0x1F6C,
    0x1F6D, 0x1F6E, 0x1F6F, 0x1F70, 0x1F71, 0x1F72, 0x1F73, 0x1F74, 0x3181, 0x1F75, 0x1F76, 0x1F77, 0x1F78, 0x1F79, 0x1F7A, 0x1F7B,
    0x3182, 0x1F7C, 0x1F7D, 0x1F7E, 0x3183, 0x1F7F, 0x1F80, 0x1F81, 0x1F82, 0x1F83, 0x1F84, 0x1F85, 0x1F86, 0x1F87, 0x1F88, 0x1F89,
    0x1F8A, 0x1F8B, 0x1FEA, 0x1FEB, 0x1FEC, 0x3184, 0x1FED, 0x1FEE, 0x1FEF, 0x1FF0, 0x1FF1, 0x1FF2, 0x3185, 0x3186, 0x1FF3, 0x1FF4,
    0x3187, 0x1FF5, 0x1FF6, 0x1FF7, 0x3188, 0x1FF8, 0x1FF9, 0x1FFA, 0x1FFB, 0x1FFC, 0x1FFD, 0x1FFE, 0x3189, 0x318A, 0x1FFF, 0x318B,
    0x2000, 0x318C, 0x2001, 0x2002, 0x2003, 0x200A, 0x200B, 0x200C, 0x318D, 0x200D, 0x200E, 0x200F, 0x318E, 0x2010, 0x2011, 0x2012,
    0x318F, 0x2013, 0x2014, 0x2015, 0x2016, 0x2017, 0x2018, 0x2019, 0x201A, 0x201B, 0x201C, 0x201D, 0x201E, 0x3190, 0x201F, 0x2020,
    0x2021, 0x2022, 0x2023, 0x202A, 0x202B, 0x202C, 0x202D, 0x202E, 0x202F, 0x2030, 0x2031, 0x2032, 0x2033, 0x2034, 0x2035, 0x2036,
    0x2037, 0x2038, 0x2039, 0x203A, 0x203B, 0x203C, 0x203D, 0x203E, 0x203F, 0x2040, 0x2041, 0x2042, 0x2043, 0x2044, 0x2045, 0x2046,
    0x3191, 0x2047, 0x2048, 0x2049, 0x3192, 0x20A8, 0x20A9, 0x20AA, 0x3193, 0x20AB, 0x20AC, 0x20AD, 0x20AE, 0x20AF, 0x20B0, 0x20B1,
    0x3194, 0x3195, 0x20B2, 0x3196, 0x20B3, 0x3197, 0x20B4, 0x20B5, 0x20B6, 0x20B7, 0x20B8, 0x20B9, 0x3198, 0x20BA, 0x20BB, 0x20BC,
    0x20BD, 0x20BE, 0x20BF, 0x20C0, 0x20C1, 0x20C8, 0x20C9, 0x20CA, 0x20CB, 0x20CC, 0x20CD, 0x20CE, 0x3199, 0x20CF, 0x20D0, 0x20D1,
    0x20D2, 0x20D3, 0x20D4, 0x20D5, 0x20D6, 0x20D7, 0x20D8, 0x20D9, 0x319A, 0x319B, 0x20DA, 0x20DB, 0x319C, 0x20DC, 0x20DD, 0x20DE,
    0x319D, 0x20DF, 0x20E0, 0x20E1, 0x20E8, 0x20E9, 0x20EA, 0x20EB, 0x319E, 0x319F, 0x20EC, 0x31A0, 0x20ED, 0x31A1, 0x20EE, 0x20EF,
    0x20F0, 0x20F1, 0x20F2, 0x20F3, 0x31A2, 0x20F4, 0x20F5, 0x20F6, 0x20F7, 0x20F8, 0x20F9, 0x20FA, 0x20FB, 0x20FC, 0x20FD, 0x20FE,
    0x20FF, 0x2100, 0x2101, 0x2102, 0x2103, 0x2104, 0x2105, 0x2106, 0x31A3, 0x2107, 0x2166, 0x2167, 0x2168, 0x2169, 0x216A, 0x216B,
    0x31A4, 0x216C, 0x216D, 0x216E, 0x31A5, 0x216F, 0x2170, 0x2171, 0x2172, 0x2173, 0x2174, 0x2175, 0x2176, 0x2177, 0x2178, 0x2179,
    0x217A, 0x217B, 0x217C, 0x217D, 0x217E, 0x217F, 0x2186, 0x2187, 0x2188, 0x2189, 0x218A, 0x218B, 0x31A6, 0x218C, 0x218D, 0x218E,
    0x31A7, 0x218F, 0x2190, 0x2191, 0x31A8, 0x2192, 0x2193, 0x2194, 0x2195, 0x2196, 0x2197, 0x2198, 0x31A9, 0x31AA, 0x2199, 0x31AB,
    0x219A, 0x31AC, 0x219B, 0x219C, 0x219D, 0x219E, 0x219F, 0x21A6, 0x31AD, 0x21A7, 0x21A8, 0x21A9, 0x31AE, 0x21AA, 0x21AB, 0x21AC,
    0x31AF, 0x21AD, 0x21AE, 0x21AF, 0x21B0, 0x21B1, 0x21B2, 0x21B3, 0x31B0, 0x21B4, 0x21B5, 0x21B6, 0x21B7, 0x31B1, 0x21B8, 0x21B9,
    0x21BA, 0x21BB, 0x21BC, 0x21BD, 0x31B2, 0x31B3, 0x21BE, 0x21BF, 0x31B4, 0x21C0, 0x21C1, 0x21C2, 0x31B5, 0x21C3, 0x21C4, 0x21C5,
    0x2224, 0x2225, 0x2226, 0x2227, 0x31B6, 0x31B7, 0x2228, 0x31B8, 0x2229, 0x31B9, 0x222A, 0x222B, 0x222C, 0x222D, 0x222E, 0x222F,
    0x2230, 0x2231, 0x2232, 0x2233, 0x2234, 0x2235, 0x2236, 0x2237, 0x2238, 0x2239, 0x223A, 0x223B, 0x223C, 0x223D, 0x2244, 0x2245,
    0x2246, 0x2247, 0x2248, 0x2249, 0x224A, 0x224B, 0x224C, 0x224D, 0x224E, 0x224F, 0x2250, 0x2251, 0x321A, 0x321B, 0x2252, 0x2253,
    0x321C, 0x2254, 0x2255, 0x321D, 0x321E, 0x321F, 0x2256, 0x2257, 0x2258, 0x2259, 0x225A, 0x225B, 0x3220, 0x3221, 0x225C, 0x3222,
    0x225D, 0x3223, 0x2264, 0x2265, 0x2266, 0x2267, 0x2268, 0x2269, 0x3224, 0x3225, 0x226A, 0x226B, 0x3226, 0x226C, 0x226D, 0x226E,
    0x3227, 0x226F, 0x2270, 0x2271, 0x2272, 0x2273, 0x2274, 0x2275, 0x3228, 0x3229, 0x2276, 0x322A, 0x2277, 0x322B, 0x2278, 0x2279,
    0x227A, 0x227B, 0x227C, 0x227D, 0x322C, 0x322D, 0x227E, 0x227F, 0x322E, 0x2280, 0x2281, 0x2282, 0x322F, 0x2283, 0x22E2, 0x22E3,
    0x22E4, 0x22E5, 0x22E6, 0x22E7, 0x3230, 0x3231, 0x22E8, 0x3232, 0x3233, 0x3234, 0x22E9, 0x22EA, 0x22EB, 0x22EC, 0x22ED, 0x22EE,
    0x3235, 0x3236, 0x22EF, 0x22F0, 0x22F1, 0x22F2, 0x22F3, 0x22F4, 0x22F5, 0x22F6, 0x22F7, 0x22F8, 0x22F9, 0x22FA, 0x22FB, 0x2302,
    0x2303, 0x2304, 0x2305, 0x2306, 0x2307, 0x3237, 0x2308, 0x2309, 0x230A, 0x230B, 0x230C, 0x230D, 0x230E, 0x230F, 0x2310, 0x2311,
    0x2312, 0x2313, 0x2314, 0x2315, 0x2316, 0x2317, 0x2318, 0x2319, 0x231A, 0x231B, 0x2322, 0x2323, 0x2324, 0x2325, 0x2326, 0x2327,
    0x2328, 0x2329, 0x232A, 0x232B, 0x232C, 0x232D, 0x232E, 0x232F, 0x3238, 0x3239, 0x2330, 0x2331, 0x323A, 0x2332, 0x2333, 0x323B,
    0x323C, 0x2334, 0x2335, 0x2336, 0x2337, 0x2338, 0x2339, 0x233A, 0x323D, 0x323E, 0x233B, 0x323F, 0x3240, 0x3241, 0x233C, 0x233D,
    0x233E, 0x233F, 0x2340, 0x2341, 0x3242, 0x3243, 0x23A0, 0x23A1, 0x3244, 0x23A2, 0x23A3, 0x23A4, 0x3245, 0x23A5, 0x23A6, 0x23A7,
    0x23A8, 0x23A9, 0x23AA, 0x23AB, 0x3246, 0x3247, 0x23AC, 0x3248, 0x23AD, 0x3249, 0x23AE, 0x23AF, 0x23B0, 0x23B1, 0x23B2, 0x23B3,
    0x324A, 0x23B4, 0x23B5, 0x23B6, 0x324B, 0x23B7, 0x23B8, 0x23B9, 0x324C, 0x23C0, 0x23C1, 0x23C2, 0x23C3, 0x23C4, 0x23C5, 0x23C6,
    0x324D, 0x324E, 0x23C7, 0x324F, 0x3250, 0x3251, 0x23C8, 0x23C9, 0x23CA, 0x23CB, 0x23CC, 0x23CD, 0x3252, 0x23CE, 0x23CF, 0x23D0,
    0x23D1, 0x23D2, 0x23D3, 0x23D4, 0x23D5, 0x23D6, 0x23D7, 0x23D8, 0x23D9, 0x23E0, 0x23E1, 0x23E2, 0x23E3, 0x23E4, 0x23E5, 0x23E6,
    0x23E7, 0x23E8, 0x23E9, 0x23EA, 0x23EB, 0x23EC, 0x23ED, 0x23EE, 0x3253, 0x3254, 0x23EF, 0x23F0, 0x3255, 0x23F1, 0x23F2, 0x23F3,
    0x3256, 0x23F4, 0x23F5, 0x23F6, 0x23F7, 0x23F8, 0x23F9, 0x23FA, 0x3257, 0x3258, 0x23FB, 0x3259, 0x23FC, 0x325A, 0x23FD, 0x23FE,
    0x23FF, 0x245E, 0x245F, 0x2460, 0x325B, 0x325C, 0x2461, 0x2462, 0x325D, 0x2463, 0x2464, 0x2465, 0x325E, 0x2466, 0x2467, 0x2468,
    0x2469, 0x246A, 0x246B, 0x246C, 0x325F, 0x246D, 0x246E, 0x246F, 0x2470, 0x3260, 0x2471, 0x2472, 0x2473, 0x2474, 0x2475, 0x2476,
    0x3261, 0x2477, 0x247E, 0x247F, 0x2480, 0x2481, 0x2482, 0x2483, 0x2484, 0x2485, 0x2486, 0x2487, 0x2488, 0x2489, 0x248A, 0x248B,
    0x248C, 0x248D, 0x248E, 0x248F, 0x2490, 0x3262, 0x2491, 0x2492, 0x2493, 0x2494, 0x2495, 0x2496, 0x3263, 0x2497, 0x249E, 0x249F,
    0x24A0, 0x24A1, 0x24A2, 0x24A3, 0x3264, 0x24A4, 0x24A5, 0x24A6, 0x24A7, 0x24A8, 0x24A9, 0x24AA, 0x24AB, 0x24AC, 0x24AD, 0x24AE,
    0x24AF, 0x24B0, 0x24B1, 0x24B2, 0x24B3, 0x24B4, 0x24B5, 0x24B6, 0x3265, 0x24B7, 0x24B8, 0x24B9, 0x24BA, 0x24BB, 0x24BC, 0x24BD,
    0x251C, 0x251D, 0x251E, 0x251F, 0x2520, 0x2521, 0x2522, 0x2523, 0x2524, 0x2525, 0x2526, 0x2527, 0x2528, 0x2529, 0x252A, 0x252B,
    0x252C, 0x252D, 0x252E, 0x252F, 0x3266, 0x3267, 0x2530, 0x2531, 0x3268, 0x2532, 0x2533, 0x2534, 0x3269, 0x2535, 0x253C, 0x253D,
    0x253E, 0x253F, 0x2540, 0x2541, 0x326A, 0x326B, 0x2542, 0x326C, 0x2543, 0x326D, 0x2544, 0x2545, 0x2546, 0x2547, 0x2548, 0x2549,
    0x326E, 0x254A, 0x254B, 0x254C, 0x326F, 0x254D, 0x254E, 0x254F, 0x3270, 0x2550, 0x2551, 0x2552, 0x2553, 0x2554, 0x2555, 0x255C,
    0x255D, 0x255E, 0x255F, 0x2560, 0x2561, 0x3271, 0x2562, 0x2563, 0x2564, 0x2565, 0x2566, 0x2567, 0x3272, 0x2568, 0x2569, 0x256A,
    0x256B, 0x256C, 0x256D, 0x256E, 0x256F, 0x2570, 0x2571, 0x2572, 0x2573, 0x2574, 0x2575, 0x2576, 0x2577, 0x2578, 0x2579, 0x257A,
    0x257B, 0x3273, 0x25DA, 0x25DB, 0x25DC, 0x25DD, 0x25DE, 0x25DF, 0x3274, 0x3275, 0x25E0, 0x25E1, 0x3276, 0x25E2, 0x25E3, 0x25E4,
    0x3277, 0x25E5, 0x25E6, 0x25E7, 0x25E8, 0x25E9, 0x25EA, 0x25EB, 0x32D8, 0x32D9, 0x25EC, 0x32DA, 0x25ED, 0x32DB, 0x25EE, 0x25EF,
    0x25F0, 0x25F1, 0x25F2, 0x25F3, 0x32DC, 0x25FA, 0x25FB, 0x25FC, 0x32DD, 0x25FD, 0x25FE, 0x25FF, 0x32DE, 0x2600, 0x2601, 0x2602,
    0x2603, 0x2604, 0x2605, 0x2606, 0x32DF, 0x2607, 0x2608, 0x2609, 0x260A, 0x260B, 0x260C, 0x260D, 0x260E, 0x260F, 0x2610, 0x2611,
    0x32E0, 0x32E1, 0x2612, 0x2613, 0x32E2, 0x261A, 0x261B, 0x261C, 0x32E3, 0x261D, 0x261E, 0x261F, 0x2620, 0x2621, 0x2622, 0x2623,
    0x32E4, 0x32E5, 0x2624, 0x2625, 0x2626, 0x32E6, 0x2627, 0x2628, 0x2629, 0x262A, 0x262B, 0x262C, 0x262D, 0x262E, 0x262F, 0x2630,
    0x2631, 0x2632, 0x2633, 0x2634, 0x2635, 0x2636, 0x2637, 0x2638, 0x2639, 0x2698, 0x2699, 0x269A, 0x269B, 0x269C, 0x269D, 0x269E,
    0x269F, 0x26A0, 0x26A1, 0x26A2, 0x26A3, 0x26A4, 0x26A5, 0x26A6, 0x32E7, 0x32E8, 0x26A7, 0x26A8, 0x32E9, 0x26A9, 0x26AA, 0x26AB,
    0x32EA, 0x26AC, 0x26AD, 0x26AE, 0x26AF, 0x26B0, 0x26B1, 0x26B8, 0x32EB, 0x32EC, 0x26B9, 0x32ED, 0x26BA, 0x32EE, 0x26BB, 0x26BC,
    0x26BD, 0x26BE, 0x26BF, 0x26C0, 0x32EF, 0x32F0, 0x26C1, 0x26C2, 0x32F1, 0x26C3, 0x26C4, 0x26C5, 0x32F2, 0x32F3, 0x26C6, 0x26C7,
    0x26C8, 0x26C9, 0x26CA, 0x26CB, 0x32F4, 0x32F5, 0x26CC, 0x32F6, 0x32F7, 0x32F8, 0x26CD, 0x26CE, 0x26CF, 0x26D0, 0x26D1, 0x26D8,
    0x32F9, 0x32FA, 0x26D9, 0x26DA, 0x32FB, 0x26DB, 0x26DC, 0x26DD, 0x32FC, 0x26DE, 0x26DF, 0x26E0, 0x26E1, 0x26E2, 0x26E3, 0x26E4,
    0x32FD, 0x32FE, 0x26E5, 0x32FF, 0x3300, 0x3301, 0x26E6, 0x26E7, 0x26E8, 0x26E9, 0x26EA, 0x26EB, 0x3302, 0x26EC, 0x26ED, 0x26EE,
    0x26EF, 0x26F0, 0x26F1, 0x26F2, 0x26F3, 0x26F4, 0x26F5, 0x26F6, 0x26F7, 0x2756, 0x2757, 0x2758, 0x2759, 0x275A, 0x275B, 0x275C,
    0x275D, 0x3303, 0x275E, 0x275F, 0x2760, 0x2761, 0x2762, 0x2763, 0x2764, 0x2765, 0x2766, 0x2767, 0x2768, 0x2769, 0x276A, 0x276B,
    0x276C, 0x276D, 0x276E, 0x276F, 0x2776, 0x2777, 0x2778, 0x2779, 0x277A, 0x277B, 0x277C, 0x277D, 0x277E, 0x277F, 0x2780, 0x2781,
    0x2782, 0x2783, 0x2784, 0x2785, 0x3304, 0x3305, 0x2786, 0x2787, 0x3306, 0x2788, 0x2789, 0x278A, 0x3307, 0x278B, 0x3308, 0x278C,
    0x278D, 0x278E, 0x278F, 0x2796, 0x3309, 0x330A, 0x2797, 0x330B, 0x330C, 0x330D, 0x2798, 0x2799, 0x279A, 0x279B, 0x279C, 0x279D,
    0x330E, 0x330F, 0x279E, 0x279F, 0x3310, 0x27A0, 0x27A1, 0x27A2, 0x3311, 0x27A3, 0x27A4, 0x27A5, 0x27A6, 0x27A7, 0x27A8, 0x27A9,
    0x3312, 0x3313, 0x27AA, 0x3314, 0x27AB, 0x3315, 0x27AC, 0x27AD, 0x27AE, 0x27AF, 0x27B0, 0x27B1, 0x3316, 0x27B2, 0x27B3, 0x27B4,
    0x3317, 0x27B5, 0x2814, 0x2815, 0x2816, 0x2817, 0x2818, 0x2819, 0x281A, 0x281B, 0x281C, 0x281D, 0x281E, 0x281F, 0x2820, 0x2821,
    0x3318, 0x2822, 0x2823, 0x2824, 0x2825, 0x2826, 0x2827, 0x2828, 0x3319, 0x2829, 0x282A, 0x282B, 0x331A, 0x282C, 0x282D, 0x2834,
    0x2835, 0x2836, 0x2837, 0x2838, 0x2839, 0x283A, 0x283B, 0x283C, 0x283D, 0x283E, 0x283F, 0x2840, 0x2841, 0x2842, 0x2843, 0x2844,
    0x2845, 0x2846, 0x2847, 0x2848, 0x331B, 0x331C, 0x2849, 0x284A, 0x331D, 0x284B, 0x284C, 0x284D, 0x331E, 0x2854, 0x2855, 0x2856,
    0x2857, 0x2858, 0x2859, 0x285A, 0x331F, 0x3320, 0x285B, 0x3321, 0x285C, 0x3322, 0x285D, 0x285E, 0x285F, 0x2860, 0x3323, 0x2861,
    0x3324, 0x2862, 0x2863, 0x2864, 0x3325, 0x2865, 0x2866, 0x2867, 0x2868, 0x2869, 0x286A, 0x286B, 0x286C, 0x286D, 0x286E, 0x286F,
    0x2870, 0x2871, 0x2872, 0x2873, 0x28D2, 0x28D3, 0x28D4, 0x28D5, 0x28D6, 0x28D7, 0x28D8, 0x28D9, 0x3326, 0x28DA, 0x28DB, 0x28DC,
    0x28DD, 0x28DE, 0x28DF, 0x28E0, 0x28E1, 0x28E2, 0x28E3, 0x28E4, 0x28E5, 0x28E6, 0x28E7, 0x28E8, 0x28E9, 0x28EA, 0x28EB, 0x28F2,
    0x28F3, 0x28F4, 0x28F5, 0x28F6, 0x28F7, 0x28F8, 0x28F9, 0x28FA, 0x3327, 0x28FB, 0x28FC, 0x28FD, 0x3328, 0x28FE, 0x28FF, 0x2900,
    0x2901, 0x2902, 0x2903, 0x2904, 0x2905, 0x2906, 0x2907, 0x2908, 0x2909, 0x290A, 0x290B, 0x3329, 0x2912, 0x332A, 0x2913, 0x2914,
    0x2915, 0x2916, 0x2917, 0x2918, 0x332B, 0x2919, 0x291A, 0x291B, 0x291C, 0x291D, 0x291E, 0x291F, 0x2920, 0x2921, 0x2922, 0x2923,
    0x2924, 0x2925, 0x2926, 0x2927, 0x2928, 0x2929, 0x292A, 0x292B, 0x292C, 0x292D, 0x292E, 0x292F, 0x2930, 0x2931, 0x2990, 0x2991,
    0x332C, 0x332D, 0x2992, 0x2993, 0x332E, 0x2994, 0x2995, 0x2996, 0x332F, 0x2997, 0x2998, 0x2999, 0x299A, 0x299B, 0x299C, 0x299D,
    0x3330, 0x3331, 0x299E, 0x3332, 0x299F, 0x3333, 0x29A0, 0x29A1, 0x29A2, 0x29A3, 0x29A4, 0x29A5, 0x3334, 0x29A6, 0x29A7, 0x29A8,
    0x29A9, 0x29B0, 0x29B1, 0x29B2, 0x29B3, 0x29B4, 0x29B5, 0x29B6, 0x29B7, 0x29B8, 0x29B9, 0x29BA, 0x29BB, 0x29BC, 0x29BD, 0x29BE,
    0x3335, 0x29BF, 0x29C0, 0x29C1, 0x29C2, 0x29C3, 0x29C4, 0x29C5, 0x3396, 0x29C6, 0x29C7, 0x29C8, 0x29C9, 0x29D0, 0x29D1, 0x29D2,
    0x29D3, 0x29D4, 0x29D5, 0x29D6, 0x29D7, 0x29D8, 0x29D9, 0x29DA, 0x29DB, 0x29DC, 0x29DD, 0x29DE, 0x29DF, 0x29E0, 0x29E1, 0x29E2,
    0x29E3, 0x29E4, 0x29E5, 0x29E6, 0x3397, 0x3398, 0x29E7, 0x29E8, 0x3399, 0x29E9, 0x29EA, 0x29EB, 0x339A, 0x29EC, 0x29ED, 0x29EE,
    0x29EF, 0x2A4E, 0x2A4F, 0x2A50, 0x339B, 0x339C, 0x2A51, 0x2A52, 0x2A53, 0x339D, 0x2A54, 0x2A55, 0x2A56, 0x2A57, 0x2A58, 0x2A59,
    0x339E, 0x2A5A, 0x2A5B, 0x2A5C, 0x339F, 0x2A5D, 0x2A5E, 0x2A5F, 0x33A0, 0x2A60, 0x2A61, 0x2A62, 0x2A63, 0x2A64, 0x2A65, 0x2A66,
    0x33A1, 0x2A67, 0x2A6E, 0x2A6F, 0x2A70, 0x33A2, 0x2A71, 0x2A72, 0x2A73, 0x2A74, 0x2A75, 0x2A76, 0x33A3, 0x33A4, 0x2A77, 0x2A78,
    0x33A5, 0x2A79, 0x2A7A, 0x33A6, 0x33A7, 0x2A7B, 0x33A8, 0x2A7C, 0x2A7D, 0x2A7E, 0x2A7F, 0x2A80, 0x33A9, 0x33AA, 0x2A81, 0x33AB,
    0x2A82, 0x2A83, 0x2A84, 0x2A85, 0x2A86, 0x2A87, 0x2A8E, 0x2A8F, 0x33AC, 0x2A90, 0x2A91, 0x2A92, 0x33AD, 0x2A93, 0x2A94, 0x2A95,
    0x33AE, 0x2A96, 0x2A97, 0x2A98, 0x2A99, 0x2A9A, 0x2A9B, 0x2A9C, 0x33AF, 0x33B0, 0x2A9D, 0x2A9E, 0x2A9F, 0x2AA0, 0x2AA1, 0x2AA2,
    0x2AA3, 0x2AA4, 0x2AA5, 0x2AA6, 0x33B1, 0x33B2, 0x2AA7, 0x2AA8, 0x33B3, 0x2AA9, 0x2AAA, 0x2AAB, 0x33B4, 0x2AAC, 0x2AAD, 0x2B0C,
    0x2B0D, 0x2B0E, 0x2B0F, 0x2B10, 0x33B5, 0x33B6, 0x2B11, 0x33B7, 0x2B12, 0x33B8, 0x2B13, 0x2B14, 0x2B15, 0x2B16, 0x2B17, 0x2B18,
    0x33B9, 0x33BA, 0x33BB, 0x2B19, 0x33BC, 0x2B1A, 0x2B1B, 0x2B1C, 0x33BD, 0x2B1D, 0x33BE, 0x2B1E, 0x2B1F, 0x2B20, 0x2B21, 0x2B22,
    0x33BF, 0x33C0, 0x2B23, 0x33C1, 0x33C2, 0x33C3, 0x2B24, 0x2B25, 0x2B2C, 0x33C4, 0x2B2D, 0x2B2E, 0x33C5, 0x33C6, 0x2B2F, 0x2B30,
    0x33C7, 0x2B31, 0x2B32, 0x2B33, 0x33C8, 0x2B34, 0x2B35, 0x2B36, 0x2B37, 0x2B38, 0x2B39, 0x2B3A, 0x33C9, 0x33CA, 0x2B3B, 0x33CB,
    0x33CC, 0x33CD, 0x2B3C, 0x2B3D, 0x2B3E, 0x2B3F, 0x2B40, 0x2B41, 0x33CE, 0x33CF, 0x2B42, 0x2B43, 0x2B44, 0x2B45, 0x2B4C, 0x2B4D,
    0x2B4E, 0x2B4F, 0x2B50, 0x2B51, 0x2B52, 0x2B53, 0x2B54, 0x2B55, 0x2B56, 0x2B57, 0x2B58, 0x2B59, 0x2B5A, 0x2B5B, 0x2B5C, 0x2B5D,
    0x2B5E, 0x2B5F, 0x2B60, 0x2B61, 0x2B62, 0x2B63, 0x2B64, 0x2B65, 0x2B66, 0x2B67, 0x2B68, 0x2B69, 0x2B6A, 0x2B6B, 0x2BCA, 0x2BCB,
    0x2BCC, 0x2BCD, 0x2BCE, 0x2BCF, 0x2BD0, 0x2BD1, 0x2BD2, 0x2BD3, 0x2BD4, 0x2BD5, 0x2BD6, 0x2BD7, 0x2BD8, 0x2BD9, 0x2BDA, 0x2BDB,
    0x33D0, 0x33D1, 0x2BDC, 0x2BDD, 0x33D2, 0x2BDE, 0x2BDF, 0x2BE0, 0x33D3, 0x2BE1, 0x2BE2, 0x2BE3, 0x2BEA, 0x2BEB, 0x2BEC, 0x2BED,
    0x33D4, 0x33D5, 0x2BEE, 0x33D6, 0x33D7, 0x33D8, 0x2BEF, 0x2BF0, 0x2BF1, 0x2BF2, 0x2BF3, 0x2BF4, 0x33D9, 0x33DA, 0x2BF5, 0x2BF6,
    0x33DB, 0x2BF7, 0x2BF8, 0x2BF9, 0x33DC, 0x2BFA, 0x2BFB, 0x2BFC, 0x2BFD, 0x2BFE, 0x2BFF, 0x2C00, 0x33DD, 0x33DE, 0x2C01, 0x33DF,
    0x2C02, 0x33E0, 0x2C03, 0x2C0A, 0x2C0B, 0x2C0C, 0x2C0D, 0x2C0E, 0x33E1, 0x2C0F, 0x2C10, 0x2C11, 0x33E2, 0x2C12, 0x2C13, 0x2C14,
    0x33E3, 0x2C15, 0x2C16, 0x2C17, 0x2C18, 0x2C19, 0x2C1A, 0x2C1B, 0x33E4, 0x33E5, 0x2C1C, 0x2C1D, 0x33E6, 0x33E7, 0x2C1E, 0x2C1F,
    0x2C20, 0x2C21, 0x2C22, 0x2C23, 0x33E8, 0x2C24, 0x2C25, 0x2C26, 0x2C27, 0x2C28, 0x2C29, 0x2C88, 0x33E9, 0x2C89, 0x2C8A, 0x2C8B,
    0x2C8C, 0x2C8D, 0x2C8E, 0x2C8F, 0x2C90, 0x33EA, 0x2C91, 0x33EB, 0x2C92, 0x2C93, 0x2C94, 0x2C95, 0x2C96, 0x2C97, 0x2C98, 0x2C99,
    0x33EC, 0x33ED, 0x2C9A, 0x2C9B, 0x33EE, 0x2C9C, 0x2C9D, 0x2C9E, 0x33EF, 0x2C9F, 0x2CA0, 0x2CA1, 0x2CA8, 0x2CA9, 0x2CAA, 0x2CAB,
    0x33F0, 0x33F1, 0x2CAC, 0x33F2, 0x2CAD, 0x33F3, 0x2CAE, 0x2CAF, 0x2CB0, 0x2CB1, 0x2CB2, 0x2CB3, 0x3454, 0x2CB4, 0x2CB5, 0x2CB6,
    0x2CB7, 0x2CB8, 0x2CB9, 0x2CBA, 0x2CBB, 0x2CBC, 0x2CBD, 0x2CBE, 0x2CBF, 0x2CC0, 0x2CC1, 0x2CC8, 0x2CC9, 0x2CCA, 0x2CCB, 0x2CCC,
    0x2CCD, 0x3455, 0x2CCE, 0x2CCF, 0x2CD0, 0x2CD1, 0x2CD2, 0x2CD3, 0x2CD4, 0x2CD5, 0x2CD6, 0x2CD7, 0x2CD8, 0x2CD9, 0x2CDA, 0x2CDB,
    0x2CDC, 0x2CDD, 0x2CDE, 0x2CDF, 0x2CE0, 0x2CE1, 0x2CE2, 0x2CE3, 0x2CE4, 0x2CE5, 0x2CE6, 0x2CE7, 0x2D46, 0x2D47, 0x2D48, 0x2D49,
    0x2D4A, 0x2D4B, 0x2D4C, 0x2D4D, 0x3456, 0x2D4E, 0x2D4F, 0x2D50, 0x3457, 0x2D51, 0x2D52, 0x2D53, 0x2D54, 0x2D55, 0x2D56, 0x2D57,
    0x2D58, 0x2D59, 0x2D5A, 0x2D5B, 0x2D5C, 0x2D5D, 0x2D5E, 0x2D5F, 0x2D66, 0x2D67, 0x2D68, 0x2D69, 0x2D6A, 0x2D6B, 0x2D6C, 0x2D6D,
    0x3458, 0x2D6E, 0x2D6F, 0x2D70, 0x3459, 0x2D71, 0x2D72, 0x2D73, 0x345A, 0x2D74, 0x2D75, 0x2D76, 0x2D77, 0x2D78, 0x2D79, 0x2D7A,
    0x2D7B, 0x345B, 0x2D7C, 0x345C, 0x2D7D, 0x2D7E, 0x2D7F, 0x2D86, 0x2D87, 0x2D88, 0x2D89, 0x2D8A, 0x345D, 0x345E, 0x2D8B, 0x2D8C,
    0x345F, 0x2D8D, 0x2D8E, 0x3460, 0x3461, 0x2D8F, 0x3462, 0x2D90, 0x2D91, 0x2D92, 0x2D93, 0x2D94, 0x3463, 0x3464, 0x2D95, 0x3465,
    0x2D96, 0x3466, 0x2D97, 0x2D98, 0x2D99, 0x2D9A, 0x2D9B, 0x2D9C, 0x3467, 0x2D9D, 0x2D9E, 0x2D9F, 0x2DA0, 0x2DA1, 0x2DA2, 0x2DA3,
    0x2DA4, 0x2DA5, 0x2E04, 0x2E05, 0x2E06, 0x2E07, 0x2E08, 0x2E09, 0x2E0A, 0x2E0B, 0x2E0C, 0x2E0D, 0x2E0E, 0x3468, 0x2E0F, 0x2E10,
    0x2E11, 0x2E12, 0x2E13, 0x2E14, 0x2E15, 0x2E16, 0x2E17, 0x2E18, 0x2E19, 0x2E1A, 0x2E1B, 0x2E1C, 0x2E1D, 0x2E24, 0x2E25, 0x2E26,
    0x2E27, 0x2E28, 0x2E29, 0x2E2A, 0x2E2B, 0x2E2C, 0x2E2D, 0x2E2E, 0x2E2F, 0x2E30, 0x2E31, 0x2E32, 0x2E33, 0x2E34, 0x2E35, 0x2E36,
    0x3469, 0x2E37, 0x2E38, 0x2E39, 0x346A, 0x2E3A, 0x2E3B, 0x2E3C, 0x346B, 0x2E3D, 0x2E44, 0x2E45, 0x2E46, 0x2E47, 0x2E48, 0x2E49,
    0x346C, 0x2E4A, 0x2E4B, 0x346D, 0x2E4C, 0x2E4D, 0x2E4E, 0x2E4F, 0x2E50, 0x2E51, 0x2E52, 0x2E53, 0x346E, 0x2E54, 0x2E55, 0x2E56,
    0x346F, 0x2E57, 0x2E58, 0x2E59, 0x3470, 0x2E5A, 0x2E5B, 0x2E5C, 0x2E5D, 0x2E5E, 0x2E5F, 0x2E60, 0x3471, 0x2E61, 0x2E62, 0x3472,
    0x2E63, 0x3473, 0x2EC2, 0x2EC3, 0x2EC4, 0x2EC5, 0x2EC6, 0x2EC7, 0x3474, 0x2EC8, 0x2EC9, 0x2ECA, 0x3475, 0x2ECB, 0x2ECC, 0x2ECD,
    0x3476, 0x2ECE, 0x2ECF, 0x2ED0, 0x2ED1, 0x2ED2, 0x2ED3, 0x2ED4, 0x3477, 0x3478, 0x2ED5, 0x3479, 0x2ED6, 0x2ED7, 0x2ED8, 0x2ED9,
    0x2EDA, 0x2EDB, 0x2EE2, 0x2EE3, 0x2EE4, 0x2EE5, 0x2EE6, 0x2EE7, 0x2EE8, 0x2EE9, 0x2EEA, 0x2EEB, 0x2EEC, 0x2EED, 0x2EEE, 0x2EEF,
    0x2EF0, 0x2EF1, 0x2EF2, 0x2EF3, 0x2EF4, 0x2EF5, 0x2EF6, 0x2EF7, 0x2EF8, 0x2EF9, 0x2EFA, 0x2EFB, 0x2F02, 0x2F03, 0x2F04, 0x2F05,
    0x347A, 0x347B, 0x2F06, 0x2F07, 0x347C, 0x2F08, 0x2F09, 0x2F0A, 0x347D, 0x2F0B, 0x2F0C, 0x2F0D, 0x2F0E, 0x2F0F, 0x2F10, 0x2F11,
    0x347E, 0x347F, 0x2F12, 0x3480, 0x2F13, 0x3481, 0x2F14, 0x2F15, 0x2F16, 0x2F17, 0x2F18, 0x2F19, 0x3482, 0x3483, 0x2F1A, 0x2F1B,
    0x3484, 0x2F1C, 0x2F1D, 0x2F1E, 0x3485, 0x2F1F, 0x2F20, 0x2F21, 0x2F80, 0x3486, 0x2F81, 0x2F82, 0x3487, 0x3488, 0x2F83, 0x3489,
    0x2F84, 0x348A, 0x2F85, 0x2F86, 0x2F87, 0x2F88, 0x2F89, 0x2F8A, 0x348B, 0x348C, 0x2F8B, 0x2F8C, 0x348D, 0x2F8D, 0x2F8E, 0x2F8F,
    0x348E, 0x2F90, 0x2F91, 0x2F92, 0x2F93, 0x2F94, 0x2F95, 0x2F96, 0x348F, 0x3490, 0x2F97, 0x3491, 0x3492, 0x3493, 0x2F98, 0x2F99,
    0x2FA0, 0x2FA1, 0x2FA2, 0x2FA3, 0x3494, 0x2FA4, 0x2FA5, 0x2FA6, 0x2FA7, 0x2FA8, 0x2FA9, 0x2FAA, 0x2FAB, 0x2FAC, 0x2FAD, 0x2FAE,
    0x2FAF, 0x2FB0, 0x2FB1, 0x2FB2, 0x2FB3, 0x2FB4, 0x2FB5, 0x2FB6, 0x2FB7, 0x3495, 0x2FB8, 0x2FB9, 0x2FC0, 0x2FC1, 0x2FC2, 0x2FC3,
    0x2FC4, 0x2FC5, 0x2FC6, 0x2FC7, 0x2FC8, 0x2FC9, 0x2FCA, 0x2FCB, 0x2FCC, 0x2FCD, 0x2FCE, 0x2FCF, 0x2FD0, 0x2FD1, 0x2FD2, 0x2FD3,
    0x2FD4, 0x2FD5, 0x2FD6, 0x2FD7, 0x2FD8, 0x2FD9, 0x2FDA, 0x2FDB, 0x2FDC, 0x2FDD, 0x2FDE, 0x2FDF, 0x3496, 0x3497, 0x303E, 0x303F,
    0x3498, 0x3040, 0x3041, 0x3042, 0x3499, 0x3043, 0x349A, 0x3044, 0x3045, 0x3046, 0x3047, 0x3048, 0x349B, 0x349C, 0x3049, 0x349D,
    0x304A, 0x349E, 0x304B, 0x304C, 0x304D, 0x304E, 0x304F, 0x3050, 0x349F, 0x34A0, 0x3051, 0x3052, 0x34A1, 0x3053, 0x3054, 0x3055,
    0x34A2, 0x3056, 0x3057, 0x305E, 0x305F, 0x3060, 0x3061, 0x3062, 0x34A3, 0x34A4, 0x3063, 0x34A5, 0x3064, 0x34A6, 0x3065, 0x3066,
    0x3067, 0x3068, 0x3069, 0x306A, 0x34A7, 0x34A8, 0x306B, 0x306C, 0x34A9, 0x306D, 0x306E, 0x306F, 0x34AA, 0x3070, 0x3071, 0x3072,
    0x3073, 0x3074, 0x3075, 0x3076, 0x34AB, 0x34AC, 0x3077, 0x34AD, 0x34AE, 0x34AF, 0x307E, 0x307F, 0x3080, 0x3081, 0x3082, 0x3083,
    0x34B0, 0x3084, 0x3085, 0x3086, 0x34B1, 0x3087, 0x3088, 0x3089, 0x3512, 0x308A, 0x308B, 0x308C, 0x308D, 0x308E, 0x308F, 0x3090,
    0x3091, 0x3513, 0x3092, 0x3093, 0x3094, 0x3095, 0x3096, 0x3097, 0x3098, 0x3099, 0x309A, 0x309B, 0x3514, 0x3515, 0x309C, 0x309D,
    0x3516, 0x30FC, 0x30FD, 0x30FE, 0x3517, 0x30FF, 0x3100, 0x3101, 0x3102, 0x3518, 0x3103, 0x3104, 0x3519, 0x351A, 0x3105, 0x351B,
    0x3106, 0x351C, 0x3107, 0x3108, 0x3109, 0x351D, 0x310A, 0x310B, 0x351E, 0x351F, 0x310C, 0x310D, 0x3520, 0x310E, 0x310F, 0x3110,
    0x3521, 0x3111, 0x3112, 0x3113, 0x3114, 0x3115, 0x311C, 0x311D, 0x311E, 0x311F, 0x3120, 0x3522, 0x3121, 0x3523, 0x3122, 0x3123,
    0x3124, 0x3125, 0x3126, 0x3127, 0x3524, 0x3525, 0x3128, 0x3129, 0x3526, 0x312A, 0x312B, 0x312C, 0x312D, 0x312E, 0x312F, 0x3130,
    0x3131, 0x3132, 0x3133, 0x3134, 0x3135, 0x313C, 0x313D, 0x3527, 0x313E, 0x3528, 0x313F, 0x3140, 0x3141, 0x3142, 0x3143, 0x3144,
    0x3529, 0x352A, 0x3145, 0x3146, 0x352B, 0x3147, 0x3148, 0x3149, 0x352C, 0x314A, 0x314B, 0x314C, 0x314D, 0x314E, 0x314F, 0x3150,
    0x3151, 0x352D, 0x3152, 0x352E, 0x3153, 0x352F, 0x3154, 0x3155, 0x3156, 0x3157, 0x3158, 0x3159, 0x3530, 0x315A, 0x315B, 0x31BA,
    0x3531, 0x31BB, 0x31BC, 0x31BD, 0x3532, 0x31BE, 0x31BF, 0x31C0, 0x31C1, 0x31C2, 0x31C3, 0x31C4, 0x31C5, 0x3533, 0x31C6, 0x3534,
    0x31C7, 0x31C8, 0x31C9, 0x31CA, 0x31CB, 0x31CC, 0x31CD, 0x31CE, 0x3535, 0x3536, 0x31CF, 0x31D0, 0x3537, 0x31D1, 0x31D2, 0x31D3,
    0x3538, 0x31DA, 0x31DB, 0x31DC, 0x31DD, 0x3539, 0x31DE, 0x31DF, 0x353A, 0x31E0, 0x31E1, 0x353B, 0x31E2, 0x353C, 0x31E3, 0x31E4,
    0x31E5, 0x31E6, 0x31E7, 0x31E8, 0x353D, 0x31E9, 0x31EA, 0x31EB, 0x353E, 0x31EC, 0x31ED, 0x31EE, 0x353F, 0x31EF, 0x31F0, 0x31F1,
    0x31F2, 0x31F3, 0x31FA, 0x31FB, 0x3540, 0x31FC, 0x31FD, 0x31FE, 0x31FF, 0x3541, 0x3200, 0x3201, 0x3202, 0x3203, 0x3204, 0x3205,
    0x3542, 0x3543, 0x3206, 0x3207, 0x3544, 0x3208, 0x3209, 0x320A, 0x3545, 0x320B, 0x320C, 0x320D, 0x320E, 0x320F, 0x3210, 0x3211,
    0x3212, 0x3213, 0x3214, 0x3215, 0x3216, 0x3546, 0x3217, 0x3218, 0x3219, 0x3278, 0x3279, 0x327A, 0x3547, 0x3548, 0x327B, 0x327C,
    0x3549, 0x327D, 0x327E, 0x327F, 0x354A, 0x3280, 0x3281, 0x3282, 0x3283, 0x3284, 0x3285, 0x3286, 0x354B, 0x354C, 0x3287, 0x354D,
    0x3288, 0x354E, 0x3289, 0x328A, 0x328B, 0x328C, 0x328D, 0x328E, 0x354F, 0x3550, 0x328F, 0x3290, 0x3551, 0x3291, 0x3298, 0x3299,
    0x3552, 0x329A, 0x329B, 0x329C, 0x329D, 0x329E, 0x329F, 0x32A0, 0x3553, 0x32A1, 0x32A2, 0x3554, 0x32A3, 0x3555, 0x32A4, 0x32A5,
    0x32A6, 0x32A7, 0x32A8, 0x32A9, 0x3556, 0x3557, 0x32AA, 0x32AB, 0x3558, 0x32AC, 0x3559, 0x355A, 0x355B, 0x355C, 0x32AD, 0x32AE,
    0x32AF, 0x32B0, 0x32B1, 0x32B8, 0x355D, 0x355E, 0x32B9, 0x355F, 0x32BA, 0x3560, 0x32BB, 0x32BC, 0x32BD, 0x3561, 0x32BE, 0x32BF,
    0x3562, 0x32C0, 0x32C1, 0x32C2, 0x3563, 0x32C3, 0x32C4, 0x32C5, 0x3564, 0x32C6, 0x32C7, 0x32C8, 0x32C9, 0x32CA, 0x32CB, 0x32CC,
    0x3565, 0x3566, 0x32CD, 0x32CE, 0x32CF, 0x3567, 0x32D0, 0x32D1, 0x32D2, 0x32D3, 0x32D4, 0x32D5, 0x3568, 0x3569, 0x32D6, 0x32D7,
    0x356A, 0x3336, 0x3337, 0x3338, 0x356B, 0x3339, 0x333A, 0x333B, 0x333C, 0x333D, 0x333E, 0x333F, 0x356C, 0x356D, 0x3340, 0x356E,
    0x3341, 0x356F, 0x3342, 0x3343, 0x3344, 0x3345, 0x3346, 0x3347, 0x377B, 0x3781, 0x3792, 0x38F6, 0x390F, 0x3992, 0x3A9E, 0x3B03,
    0x3B19, 0x3B31, 0x3B3E, 0x3BF3, 0x3BF4, 0x3BF7, 0x3BFA, 0x3BFB, 0x3BFC, 0x3BFD, 0x3BFE, 0x3BFF, 0x3C01, 0x3C02, 0x3C03, 0x3C04,
    0x3C05, 0x3C07, 0x3C08, 0x3C09, 0x3C0A, 0x3C0C, 0x3C0E, 0x3C0F, 0x3C11, 0x3C15, 0x3C19, 0x3C1B, 0x3C1C, 0x3C1D, 0x3C7F, 0x3C80,
    0x3C84, 0x3C85, 0x3C86, 0x3C87, 0x3C88, 0x3C8A, 0x3C8F, 0x3C9B, 0x3C9F, 0x3CA0, 0x3CA1, 0x3CA3, 0x3CA4, 0x3CA5, 0x3CA6, 0x3CA7,
    0x3CA8, 0x3CAA, 0x3CAB, 0x3CAC, 0x3CAD, 0x3CAE, 0x3CAF, 0x3CB0, 0x3CB1, 0x3CB2, 0x3CB3, 0x3CB4, 0x3CB6, 0x3CB7, 0x3CBB, 0x3CBC,
    0x3CBE, 0x3CBF, 0x3CC1, 0x3CC2, 0x3CC3, 0x3CC4, 0x3CC5, 0x3CC6, 0x3CC7, 0x3CC8, 0x3CCD, 0x3CCE, 0x3CCF, 0x3CD0, 0x3CD1, 0x3CD2,
    0x3CD4, 0x3CD5, 0x3E3F, 0x3E55, 0x3EBC, 0x3EC2, 0x3EC5, 0x3F8D, 0x3FA2, 0x405E, 0x4077, 0x4350, 0x436F, 0x43EE, 0x44AC, 0x44DC,
    0x44FB, 0x45C1, 0x45C3, 0x4636, 0x4664, 0x466B, 0x4732, 0x47AC, 0x47EC, 0x4970, 0x49DA, 0x49E2, 0x4AA5, 0x4AA8, 0x4AA9, 0x4AB0,
    0x4AB2, 0x4AB3, 0x4ABB, 0x4AC5, 0x4AC7, 0x4AC9, 0x4ACD, 0x4AF1, 0x4AF2, 0x4AF3, 0x4AF5, 0x4B56, 0x4B59, 0x4B5C, 0x4B62, 0x4B64,
    0x4B65, 0x4B66, 0x4B68, 0x4B6C, 0x4B6D, 0x4B71, 0x4B79, 0x4B7B, 0x4B7C, 0x4B7F, 0x4B87, 0x4B8B, 0x4B8E, 0x4B91, 0x4B94, 0x4B96,
    0x4B99, 0x4B9A, 0x4B9B, 0x4B9D, 0x4B9F, 0x4BA0, 0x4BA1, 0x4BA4, 0x4BA6, 0x4BA7, 0x4BAA, 0x4BAB, 0x4BAC, 0x4BAE, 0x4C14, 0x4C19,
    0x4C1C, 0x4C1D, 0x4C1F, 0x4C20, 0x4C23, 0x4C32, 0x4C34, 0x4C39, 0x4C3A, 0x4C3E, 0x4C40, 0x4C42, 0x4C43, 0x4C46, 0x4C52, 0x4C57,
    0x4C59, 0x4C6A, 0x4D18, 0x4D19, 0x4D21, 0x4D22, 0x4D28, 0x4D2A, 0x4D2C, 0x4D2F, 0x4D96, 0x4D9B, 0x4DBB, 0x4DE6, 0x4E6E, 0x4E92,
    0x4EA1, 0x4EA4, 0x4EA9, 0x4EAB, 0x4F0F, 0x4F12, 0x4F14, 0x4F15, 0x4F25, 0x4F26, 0x4F28, 0x4F2C, 0x4F2D, 0x4F31, 0x4F32, 0x4F37,
    0x4F3A, 0x4F3B, 0x4F3C, 0x4F3D, 0x4F43, 0x4FCF, 0x4FD0, 0x4FD3, 0x4FD8, 0x4FD9, 0x4FDA, 0x4FDB, 0x4FDE, 0x4FE1, 0x4FE3, 0x4FE9,
    0x4FEA, 0x4FEE, 0x4FEF, 0x4FF2, 0x4FF3, 0x4FFE, 0x5006, 0x5007, 0x500A, 0x500D, 0x5010, 0x5011, 0x5020, 0x5021, 0x5023, 0x5088,
    0x5089, 0x508A, 0x50D5, 0x5180, 0x545A, 0x5497, 0x550C, 0x55C0, 0x5607, 0x5789, 0x578B, 0x580B, 0x581B, 0x5826, 0x58EC, 0x5901,
    0x5A2E, 0x5A2F, 0x5A73, 0x5BB2, 0x199C, 0x199D, 0x199E, 0x199F, 0x19A0, 0x19A1, 0x19A2, 0x19A3, 0x19A4, 0x19A5, 0x19A6, 0x19A7,
    0x19A8, 0x19A9, 0x19AA, 0x19AB, 0x19AC, 0x19AD, 0x19AE, 0x19AF, 0x19B0, 0x19B1, 0x19B2, 0x19B3, 0x19B4, 0x19B5, 0x19B6, 0x19B7,
    0x19B8, 0x19B9, 0x19BA, 0x19BB, 0x19BC, 0x19BD, 0x19BE, 0x19BF, 0x19C0, 0x19C1, 0x19C2, 0x19C3, 0x19C4, 0x19C5, 0x19C6, 0x19C7,
    0x19C8, 0x19C9, 0x19CA, 0x19CB, 0x19CC, 0x19CD, 0x19CE, 0x19CF, 0x19D0, 0x19D1, 0x19D2, 0x19D3, 0x19D4, 0x19D5, 0x19D6, 0x182B,
    0x19D8, 0x19D9, 0x19DA, 0x19DB, 0x19DC, 0x19DD, 0x19DE, 0x19DF, 0x19E0, 0x19E1, 0x19E2, 0x19E3, 0x19E4, 0x19E5, 0x19E6, 0x19E7,
    0x19E8, 0x19E9, 0x19EA, 0x19EB, 0x19EC, 0x19ED, 0x19EE, 0x19EF, 0x19F0, 0x19F1, 0x19F2, 0x19F3, 0x19F4, 0x19F5, 0x19F6, 0x19F7,
    0x19F8, 0x18E3, 0x184A, 0x184B, 0x187D, 0x19F9, 0x184C, 0x19D7,
];
