// @generated by tools/generate_tables.py from the WHATWG Encoding Standard indexes.
// https://encoding.spec.whatwg.org/indexes.json
// Do not edit by hand; re-run the generator instead.

//! Tables for the charsets outside the WHATWG Encoding Standard.
//!
//! Generated from the Unicode Consortium's MAPPINGS archive.  A `_DECODE` table
//! holding 128 entries covers bytes 0x80 to 0xFF, with 0 for an unmapped byte;
//! one holding 256 entries covers every byte, with 0xFFFF for an unmapped one,
//! because those charsets map a byte to U+0000.

/// IBM437 (CP437.TXT)
#[cfg(feature = "dos")]
#[rustfmt::skip]
pub static IBM437_DECODE: [u16; 128] = [
    0x00C7, 0x00FC, 0x00E9, 0x00E2, 0x00E4, 0x00E0, 0x00E5, 0x00E7, 0x00EA, 0x00EB, 0x00E8, 0x00EF,
    0x00EE, 0x00EC, 0x00C4, 0x00C5, 0x00C9, 0x00E6, 0x00C6, 0x00F4, 0x00F6, 0x00F2, 0x00FB, 0x00F9,
    0x00FF, 0x00D6, 0x00DC, 0x00A2, 0x00A3, 0x00A5, 0x20A7, 0x0192, 0x00E1, 0x00ED, 0x00F3, 0x00FA,
    0x00F1, 0x00D1, 0x00AA, 0x00BA, 0x00BF, 0x2310, 0x00AC, 0x00BD, 0x00BC, 0x00A1, 0x00AB, 0x00BB,
    0x2591, 0x2592, 0x2593, 0x2502, 0x2524, 0x2561, 0x2562, 0x2556, 0x2555, 0x2563, 0x2551, 0x2557,
    0x255D, 0x255C, 0x255B, 0x2510, 0x2514, 0x2534, 0x252C, 0x251C, 0x2500, 0x253C, 0x255E, 0x255F,
    0x255A, 0x2554, 0x2569, 0x2566, 0x2560, 0x2550, 0x256C, 0x2567, 0x2568, 0x2564, 0x2565, 0x2559,
    0x2558, 0x2552, 0x2553, 0x256B, 0x256A, 0x2518, 0x250C, 0x2588, 0x2584, 0x258C, 0x2590, 0x2580,
    0x03B1, 0x00DF, 0x0393, 0x03C0, 0x03A3, 0x03C3, 0x00B5, 0x03C4, 0x03A6, 0x0398, 0x03A9, 0x03B4,
    0x221E, 0x03C6, 0x03B5, 0x2229, 0x2261, 0x00B1, 0x2265, 0x2264, 0x2320, 0x2321, 0x00F7, 0x2248,
    0x00B0, 0x2219, 0x00B7, 0x221A, 0x207F, 0x00B2, 0x25A0, 0x00A0,
];
#[cfg(feature = "dos")]
#[rustfmt::skip]
pub static IBM437_ENCODE_CODE_POINTS: [u16; 128] = [
    0x00A0, 0x00A1, 0x00A2, 0x00A3, 0x00A5, 0x00AA, 0x00AB, 0x00AC, 0x00B0, 0x00B1, 0x00B2, 0x00B5,
    0x00B7, 0x00BA, 0x00BB, 0x00BC, 0x00BD, 0x00BF, 0x00C4, 0x00C5, 0x00C6, 0x00C7, 0x00C9, 0x00D1,
    0x00D6, 0x00DC, 0x00DF, 0x00E0, 0x00E1, 0x00E2, 0x00E4, 0x00E5, 0x00E6, 0x00E7, 0x00E8, 0x00E9,
    0x00EA, 0x00EB, 0x00EC, 0x00ED, 0x00EE, 0x00EF, 0x00F1, 0x00F2, 0x00F3, 0x00F4, 0x00F6, 0x00F7,
    0x00F9, 0x00FA, 0x00FB, 0x00FC, 0x00FF, 0x0192, 0x0393, 0x0398, 0x03A3, 0x03A6, 0x03A9, 0x03B1,
    0x03B4, 0x03B5, 0x03C0, 0x03C3, 0x03C4, 0x03C6, 0x207F, 0x20A7, 0x2219, 0x221A, 0x221E, 0x2229,
    0x2248, 0x2261, 0x2264, 0x2265, 0x2310, 0x2320, 0x2321, 0x2500, 0x2502, 0x250C, 0x2510, 0x2514,
    0x2518, 0x251C, 0x2524, 0x252C, 0x2534, 0x253C, 0x2550, 0x2551, 0x2552, 0x2553, 0x2554, 0x2555,
    0x2556, 0x2557, 0x2558, 0x2559, 0x255A, 0x255B, 0x255C, 0x255D, 0x255E, 0x255F, 0x2560, 0x2561,
    0x2562, 0x2563, 0x2564, 0x2565, 0x2566, 0x2567, 0x2568, 0x2569, 0x256A, 0x256B, 0x256C, 0x2580,
    0x2584, 0x2588, 0x258C, 0x2590, 0x2591, 0x2592, 0x2593, 0x25A0,
];
#[cfg(feature = "dos")]
#[rustfmt::skip]
pub static IBM437_ENCODE_BYTES: [u8; 128] = [
    0xFF, 0xAD, 0x9B, 0x9C, 0x9D, 0xA6, 0xAE, 0xAA, 0xF8, 0xF1, 0xFD, 0xE6, 0xFA, 0xA7, 0xAF, 0xAC,
    0xAB, 0xA8, 0x8E, 0x8F, 0x92, 0x80, 0x90, 0xA5, 0x99, 0x9A, 0xE1, 0x85, 0xA0, 0x83, 0x84, 0x86,
    0x91, 0x87, 0x8A, 0x82, 0x88, 0x89, 0x8D, 0xA1, 0x8C, 0x8B, 0xA4, 0x95, 0xA2, 0x93, 0x94, 0xF6,
    0x97, 0xA3, 0x96, 0x81, 0x98, 0x9F, 0xE2, 0xE9, 0xE4, 0xE8, 0xEA, 0xE0, 0xEB, 0xEE, 0xE3, 0xE5,
    0xE7, 0xED, 0xFC, 0x9E, 0xF9, 0xFB, 0xEC, 0xEF, 0xF7, 0xF0, 0xF3, 0xF2, 0xA9, 0xF4, 0xF5, 0xC4,
    0xB3, 0xDA, 0xBF, 0xC0, 0xD9, 0xC3, 0xB4, 0xC2, 0xC1, 0xC5, 0xCD, 0xBA, 0xD5, 0xD6, 0xC9, 0xB8,
    0xB7, 0xBB, 0xD4, 0xD3, 0xC8, 0xBE, 0xBD, 0xBC, 0xC6, 0xC7, 0xCC, 0xB5, 0xB6, 0xB9, 0xD1, 0xD2,
    0xCB, 0xCF, 0xD0, 0xCA, 0xD8, 0xD7, 0xCE, 0xDF, 0xDC, 0xDB, 0xDD, 0xDE, 0xB0, 0xB1, 0xB2, 0xFE,
];

/// IBM737 (CP737.TXT)
#[cfg(feature = "dos")]
#[rustfmt::skip]
pub static IBM737_DECODE: [u16; 128] = [
    0x0391, 0x0392, 0x0393, 0x0394, 0x0395, 0x0396, 0x0397, 0x0398, 0x0399, 0x039A, 0x039B, 0x039C,
    0x039D, 0x039E, 0x039F, 0x03A0, 0x03A1, 0x03A3, 0x03A4, 0x03A5, 0x03A6, 0x03A7, 0x03A8, 0x03A9,
    0x03B1, 0x03B2, 0x03B3, 0x03B4, 0x03B5, 0x03B6, 0x03B7, 0x03B8, 0x03B9, 0x03BA, 0x03BB, 0x03BC,
    0x03BD, 0x03BE, 0x03BF, 0x03C0, 0x03C1, 0x03C3, 0x03C2, 0x03C4, 0x03C5, 0x03C6, 0x03C7, 0x03C8,
    0x2591, 0x2592, 0x2593, 0x2502, 0x2524, 0x2561, 0x2562, 0x2556, 0x2555, 0x2563, 0x2551, 0x2557,
    0x255D, 0x255C, 0x255B, 0x2510, 0x2514, 0x2534, 0x252C, 0x251C, 0x2500, 0x253C, 0x255E, 0x255F,
    0x255A, 0x2554, 0x2569, 0x2566, 0x2560, 0x2550, 0x256C, 0x2567, 0x2568, 0x2564, 0x2565, 0x2559,
    0x2558, 0x2552, 0x2553, 0x256B, 0x256A, 0x2518, 0x250C, 0x2588, 0x2584, 0x258C, 0x2590, 0x2580,
    0x03C9, 0x03AC, 0x03AD, 0x03AE, 0x03CA, 0x03AF, 0x03CC, 0x03CD, 0x03CB, 0x03CE, 0x0386, 0x0388,
    0x0389, 0x038A, 0x038C, 0x038E, 0x038F, 0x00B1, 0x2265, 0x2264, 0x03AA, 0x03AB, 0x00F7, 0x2248,
    0x00B0, 0x2219, 0x00B7, 0x221A, 0x207F, 0x00B2, 0x25A0, 0x00A0,
];
#[cfg(feature = "dos")]
#[rustfmt::skip]
pub static IBM737_ENCODE_CODE_POINTS: [u16; 128] = [
    0x00A0, 0x00B0, 0x00B1, 0x00B2, 0x00B7, 0x00F7, 0x0386, 0x0388, 0x0389, 0x038A, 0x038C, 0x038E,
    0x038F, 0x0391, 0x0392, 0x0393, 0x0394, 0x0395, 0x0396, 0x0397, 0x0398, 0x0399, 0x039A, 0x039B,
    0x039C, 0x039D, 0x039E, 0x039F, 0x03A0, 0x03A1, 0x03A3, 0x03A4, 0x03A5, 0x03A6, 0x03A7, 0x03A8,
    0x03A9, 0x03AA, 0x03AB, 0x03AC, 0x03AD, 0x03AE, 0x03AF, 0x03B1, 0x03B2, 0x03B3, 0x03B4, 0x03B5,
    0x03B6, 0x03B7, 0x03B8, 0x03B9, 0x03BA, 0x03BB, 0x03BC, 0x03BD, 0x03BE, 0x03BF, 0x03C0, 0x03C1,
    0x03C2, 0x03C3, 0x03C4, 0x03C5, 0x03C6, 0x03C7, 0x03C8, 0x03C9, 0x03CA, 0x03CB, 0x03CC, 0x03CD,
    0x03CE, 0x207F, 0x2219, 0x221A, 0x2248, 0x2264, 0x2265, 0x2500, 0x2502, 0x250C, 0x2510, 0x2514,
    0x2518, 0x251C, 0x2524, 0x252C, 0x2534, 0x253C, 0x2550, 0x2551, 0x2552, 0x2553, 0x2554, 0x2555,
    0x2556, 0x2557, 0x2558, 0x2559, 0x255A, 0x255B, 0x255C, 0x255D, 0x255E, 0x255F, 0x2560, 0x2561,
    0x2562, 0x2563, 0x2564, 0x2565, 0x2566, 0x2567, 0x2568, 0x2569, 0x256A, 0x256B, 0x256C, 0x2580,
    0x2584, 0x2588, 0x258C, 0x2590, 0x2591, 0x2592, 0x2593, 0x25A0,
];
#[cfg(feature = "dos")]
#[rustfmt::skip]
pub static IBM737_ENCODE_BYTES: [u8; 128] = [
    0xFF, 0xF8, 0xF1, 0xFD, 0xFA, 0xF6, 0xEA, 0xEB, 0xEC, 0xED, 0xEE, 0xEF, 0xF0, 0x80, 0x81, 0x82,
    0x83, 0x84, 0x85, 0x86, 0x87, 0x88, 0x89, 0x8A, 0x8B, 0x8C, 0x8D, 0x8E, 0x8F, 0x90, 0x91, 0x92,
    0x93, 0x94, 0x95, 0x96, 0x97, 0xF4, 0xF5, 0xE1, 0xE2, 0xE3, 0xE5, 0x98, 0x99, 0x9A, 0x9B, 0x9C,
    0x9D, 0x9E, 0x9F, 0xA0, 0xA1, 0xA2, 0xA3, 0xA4, 0xA5, 0xA6, 0xA7, 0xA8, 0xAA, 0xA9, 0xAB, 0xAC,
    0xAD, 0xAE, 0xAF, 0xE0, 0xE4, 0xE8, 0xE6, 0xE7, 0xE9, 0xFC, 0xF9, 0xFB, 0xF7, 0xF3, 0xF2, 0xC4,
    0xB3, 0xDA, 0xBF, 0xC0, 0xD9, 0xC3, 0xB4, 0xC2, 0xC1, 0xC5, 0xCD, 0xBA, 0xD5, 0xD6, 0xC9, 0xB8,
    0xB7, 0xBB, 0xD4, 0xD3, 0xC8, 0xBE, 0xBD, 0xBC, 0xC6, 0xC7, 0xCC, 0xB5, 0xB6, 0xB9, 0xD1, 0xD2,
    0xCB, 0xCF, 0xD0, 0xCA, 0xD8, 0xD7, 0xCE, 0xDF, 0xDC, 0xDB, 0xDD, 0xDE, 0xB0, 0xB1, 0xB2, 0xFE,
];

/// IBM775 (CP775.TXT)
#[cfg(feature = "dos")]
#[rustfmt::skip]
pub static IBM775_DECODE: [u16; 128] = [
    0x0106, 0x00FC, 0x00E9, 0x0101, 0x00E4, 0x0123, 0x00E5, 0x0107, 0x0142, 0x0113, 0x0156, 0x0157,
    0x012B, 0x0179, 0x00C4, 0x00C5, 0x00C9, 0x00E6, 0x00C6, 0x014D, 0x00F6, 0x0122, 0x00A2, 0x015A,
    0x015B, 0x00D6, 0x00DC, 0x00F8, 0x00A3, 0x00D8, 0x00D7, 0x00A4, 0x0100, 0x012A, 0x00F3, 0x017B,
    0x017C, 0x017A, 0x201D, 0x00A6, 0x00A9, 0x00AE, 0x00AC, 0x00BD, 0x00BC, 0x0141, 0x00AB, 0x00BB,
    0x2591, 0x2592, 0x2593, 0x2502, 0x2524, 0x0104, 0x010C, 0x0118, 0x0116, 0x2563, 0x2551, 0x2557,
    0x255D, 0x012E, 0x0160, 0x2510, 0x2514, 0x2534, 0x252C, 0x251C, 0x2500, 0x253C, 0x0172, 0x016A,
    0x255A, 0x2554, 0x2569, 0x2566, 0x2560, 0x2550, 0x256C, 0x017D, 0x0105, 0x010D, 0x0119, 0x0117,
    0x012F, 0x0161, 0x0173, 0x016B, 0x017E, 0x2518, 0x250C, 0x2588, 0x2584, 0x258C, 0x2590, 0x2580,
    0x00D3, 0x00DF, 0x014C, 0x0143, 0x00F5, 0x00D5, 0x00B5, 0x0144, 0x0136, 0x0137, 0x013B, 0x013C,
    0x0146, 0x0112, 0x0145, 0x2019, 0x00AD, 0x00B1, 0x201C, 0x00BE, 0x00B6, 0x00A7, 0x00F7, 0x201E,
    0x00B0, 0x2219, 0x00B7, 0x00B9, 0x00B3, 0x00B2, 0x25A0, 0x00A0,
];
#[cfg(feature = "dos")]
#[rustfmt::skip]
pub static IBM775_ENCODE_CODE_POINTS: [u16; 128] = [
    0x00A0, 0x00A2, 0x00A3, 0x00A4, 0x00A6, 0x00A7, 0x00A9, 0x00AB, 0x00AC, 0x00AD, 0x00AE, 0x00B0,
    0x00B1, 0x00B2, 0x00B3, 0x00B5, 0x00B6, 0x00B7, 0x00B9, 0x00BB, 0x00BC, 0x00BD, 0x00BE, 0x00C4,
    0x00C5, 0x00C6, 0x00C9, 0x00D3, 0x00D5, 0x00D6, 0x00D7, 0x00D8, 0x00DC, 0x00DF, 0x00E4, 0x00E5,
    0x00E6, 0x00E9, 0x00F3, 0x00F5, 0x00F6, 0x00F7, 0x00F8, 0x00FC, 0x0100, 0x0101, 0x0104, 0x0105,
    0x0106, 0x0107, 0x010C, 0x010D, 0x0112, 0x0113, 0x0116, 0x0117, 0x0118, 0x0119, 0x0122, 0x0123,
    0x012A, 0x012B, 0x012E, 0x012F, 0x0136, 0x0137, 0x013B, 0x013C, 0x0141, 0x0142, 0x0143, 0x0144,
    0x0145, 0x0146, 0x014C, 0x014D, 0x0156, 0x0157, 0x015A, 0x015B, 0x0160, 0x0161, 0x016A, 0x016B,
    0x0172, 0x0173, 0x0179, 0x017A, 0x017B, 0x017C, 0x017D, 0x017E, 0x2019, 0x201C, 0x201D, 0x201E,
    0x2219, 0x2500, 0x2502, 0x250C, 0x2510, 0x2514, 0x2518, 0x251C, 0x2524, 0x252C, 0x2534, 0x253C,
    0x2550, 0x2551, 0x2554, 0x2557, 0x255A, 0x255D, 0x2560, 0x2563, 0x2566, 0x2569, 0x256C, 0x2580,
    0x2584, 0x2588, 0x258C, 0x2590, 0x2591, 0x2592, 0x2593, 0x25A0,
];
#[cfg(feature = "dos")]
#[rustfmt::skip]
pub static IBM775_ENCODE_BYTES: [u8; 128] = [
    0xFF, 0x96, 0x9C, 0x9F, 0xA7, 0xF5, 0xA8, 0xAE, 0xAA, 0xF0, 0xA9, 0xF8, 0xF1, 0xFD, 0xFC, 0xE6,
    0xF4, 0xFA, 0xFB, 0xAF, 0xAC, 0xAB, 0xF3, 0x8E, 0x8F, 0x92, 0x90, 0xE0, 0xE5, 0x99, 0x9E, 0x9D,
    0x9A, 0xE1, 0x84, 0x86, 0x91, 0x82, 0xA2, 0xE4, 0x94, 0xF6, 0x9B, 0x81, 0xA0, 0x83, 0xB5, 0xD0,
    0x80, 0x87, 0xB6, 0xD1, 0xED, 0x89, 0xB8, 0xD3, 0xB7, 0xD2, 0x95, 0x85, 0xA1, 0x8C, 0xBD, 0xD4,
    0xE8, 0xE9, 0xEA, 0xEB, 0xAD, 0x88, 0xE3, 0xE7, 0xEE, 0xEC, 0xE2, 0x93, 0x8A, 0x8B, 0x97, 0x98,
    0xBE, 0xD5, 0xC7, 0xD7, 0xC6, 0xD6, 0x8D, 0xA5, 0xA3, 0xA4, 0xCF, 0xD8, 0xEF, 0xF2, 0xA6, 0xF7,
    0xF9, 0xC4, 0xB3, 0xDA, 0xBF, 0xC0, 0xD9, 0xC3, 0xB4, 0xC2, 0xC1, 0xC5, 0xCD, 0xBA, 0xC9, 0xBB,
    0xC8, 0xBC, 0xCC, 0xB9, 0xCB, 0xCA, 0xCE, 0xDF, 0xDC, 0xDB, 0xDD, 0xDE, 0xB0, 0xB1, 0xB2, 0xFE,
];

/// IBM850 (CP850.TXT)
#[cfg(feature = "dos")]
#[rustfmt::skip]
pub static IBM850_DECODE: [u16; 128] = [
    0x00C7, 0x00FC, 0x00E9, 0x00E2, 0x00E4, 0x00E0, 0x00E5, 0x00E7, 0x00EA, 0x00EB, 0x00E8, 0x00EF,
    0x00EE, 0x00EC, 0x00C4, 0x00C5, 0x00C9, 0x00E6, 0x00C6, 0x00F4, 0x00F6, 0x00F2, 0x00FB, 0x00F9,
    0x00FF, 0x00D6, 0x00DC, 0x00F8, 0x00A3, 0x00D8, 0x00D7, 0x0192, 0x00E1, 0x00ED, 0x00F3, 0x00FA,
    0x00F1, 0x00D1, 0x00AA, 0x00BA, 0x00BF, 0x00AE, 0x00AC, 0x00BD, 0x00BC, 0x00A1, 0x00AB, 0x00BB,
    0x2591, 0x2592, 0x2593, 0x2502, 0x2524, 0x00C1, 0x00C2, 0x00C0, 0x00A9, 0x2563, 0x2551, 0x2557,
    0x255D, 0x00A2, 0x00A5, 0x2510, 0x2514, 0x2534, 0x252C, 0x251C, 0x2500, 0x253C, 0x00E3, 0x00C3,
    0x255A, 0x2554, 0x2569, 0x2566, 0x2560, 0x2550, 0x256C, 0x00A4, 0x00F0, 0x00D0, 0x00CA, 0x00CB,
    0x00C8, 0x0131, 0x00CD, 0x00CE, 0x00CF, 0x2518, 0x250C, 0x2588, 0x2584, 0x00A6, 0x00CC, 0x2580,
    0x00D3, 0x00DF, 0x00D4, 0x00D2, 0x00F5, 0x00D5, 0x00B5, 0x00FE, 0x00DE, 0x00DA, 0x00DB, 0x00D9,
    0x00FD, 0x00DD, 0x00AF, 0x00B4, 0x00AD, 0x00B1, 0x2017, 0x00BE, 0x00B6, 0x00A7, 0x00F7, 0x00B8,
    0x00B0, 0x00A8, 0x00B7, 0x00B9, 0x00B3, 0x00B2, 0x25A0, 0x00A0,
];
#[cfg(feature = "dos")]
#[rustfmt::skip]
pub static IBM850_ENCODE_CODE_POINTS: [u16; 128] = [
    0x00A0, 0x00A1, 0x00A2, 0x00A3, 0x00A4, 0x00A5, 0x00A6, 0x00A7, 0x00A8, 0x00A9, 0x00AA, 0x00AB,
    0x00AC, 0x00AD, 0x00AE, 0x00AF, 0x00B0, 0x00B1, 0x00B2, 0x00B3, 0x00B4, 0x00B5, 0x00B6, 0x00B7,
    0x00B8, 0x00B9, 0x00BA, 0x00BB, 0x00BC, 0x00BD, 0x00BE, 0x00BF, 0x00C0, 0x00C1, 0x00C2, 0x00C3,
    0x00C4, 0x00C5, 0x00C6, 0x00C7, 0x00C8, 0x00C9, 0x00CA, 0x00CB, 0x00CC, 0x00CD, 0x00CE, 0x00CF,
    0x00D0, 0x00D1, 0x00D2, 0x00D3, 0x00D4, 0x00D5, 0x00D6, 0x00D7, 0x00D8, 0x00D9, 0x00DA, 0x00DB,
    0x00DC, 0x00DD, 0x00DE, 0x00DF, 0x00E0, 0x00E1, 0x00E2, 0x00E3, 0x00E4, 0x00E5, 0x00E6, 0x00E7,
    0x00E8, 0x00E9, 0x00EA, 0x00EB, 0x00EC, 0x00ED, 0x00EE, 0x00EF, 0x00F0, 0x00F1, 0x00F2, 0x00F3,
    0x00F4, 0x00F5, 0x00F6, 0x00F7, 0x00F8, 0x00F9, 0x00FA, 0x00FB, 0x00FC, 0x00FD, 0x00FE, 0x00FF,
    0x0131, 0x0192, 0x2017, 0x2500, 0x2502, 0x250C, 0x2510, 0x2514, 0x2518, 0x251C, 0x2524, 0x252C,
    0x2534, 0x253C, 0x2550, 0x2551, 0x2554, 0x2557, 0x255A, 0x255D, 0x2560, 0x2563, 0x2566, 0x2569,
    0x256C, 0x2580, 0x2584, 0x2588, 0x2591, 0x2592, 0x2593, 0x25A0,
];
#[cfg(feature = "dos")]
#[rustfmt::skip]
pub static IBM850_ENCODE_BYTES: [u8; 128] = [
    0xFF, 0xAD, 0xBD, 0x9C, 0xCF, 0xBE, 0xDD, 0xF5, 0xF9, 0xB8, 0xA6, 0xAE, 0xAA, 0xF0, 0xA9, 0xEE,
    0xF8, 0xF1, 0xFD, 0xFC, 0xEF, 0xE6, 0xF4, 0xFA, 0xF7, 0xFB, 0xA7, 0xAF, 0xAC, 0xAB, 0xF3, 0xA8,
    0xB7, 0xB5, 0xB6, 0xC7, 0x8E, 0x8F, 0x92, 0x80, 0xD4, 0x90, 0xD2, 0xD3, 0xDE, 0xD6, 0xD7, 0xD8,
    0xD1, 0xA5, 0xE3, 0xE0, 0xE2, 0xE5, 0x99, 0x9E, 0x9D, 0xEB, 0xE9, 0xEA, 0x9A, 0xED, 0xE8, 0xE1,
    0x85, 0xA0, 0x83, 0xC6, 0x84, 0x86, 0x91, 0x87, 0x8A, 0x82, 0x88, 0x89, 0x8D, 0xA1, 0x8C, 0x8B,
    0xD0, 0xA4, 0x95, 0xA2, 0x93, 0xE4, 0x94, 0xF6, 0x9B, 0x97, 0xA3, 0x96, 0x81, 0xEC, 0xE7, 0x98,
    0xD5, 0x9F, 0xF2, 0xC4, 0xB3, 0xDA, 0xBF, 0xC0, 0xD9, 0xC3, 0xB4, 0xC2, 0xC1, 0xC5, 0xCD, 0xBA,
    0xC9, 0xBB, 0xC8, 0xBC, 0xCC, 0xB9, 0xCB, 0xCA, 0xCE, 0xDF, 0xDC, 0xDB, 0xB0, 0xB1, 0xB2, 0xFE,
];

/// IBM852 (CP852.TXT)
#[cfg(feature = "dos")]
#[rustfmt::skip]
pub static IBM852_DECODE: [u16; 128] = [
    0x00C7, 0x00FC, 0x00E9, 0x00E2, 0x00E4, 0x016F, 0x0107, 0x00E7, 0x0142, 0x00EB, 0x0150, 0x0151,
    0x00EE, 0x0179, 0x00C4, 0x0106, 0x00C9, 0x0139, 0x013A, 0x00F4, 0x00F6, 0x013D, 0x013E, 0x015A,
    0x015B, 0x00D6, 0x00DC, 0x0164, 0x0165, 0x0141, 0x00D7, 0x010D, 0x00E1, 0x00ED, 0x00F3, 0x00FA,
    0x0104, 0x0105, 0x017D, 0x017E, 0x0118, 0x0119, 0x00AC, 0x017A, 0x010C, 0x015F, 0x00AB, 0x00BB,
    0x2591, 0x2592, 0x2593, 0x2502, 0x2524, 0x00C1, 0x00C2, 0x011A, 0x015E, 0x2563, 0x2551, 0x2557,
    0x255D, 0x017B, 0x017C, 0x2510, 0x2514, 0x2534, 0x252C, 0x251C, 0x2500, 0x253C, 0x0102, 0x0103,
    0x255A, 0x2554, 0x2569, 0x2566, 0x2560, 0x2550, 0x256C, 0x00A4, 0x0111, 0x0110, 0x010E, 0x00CB,
    0x010F, 0x0147, 0x00CD, 0x00CE, 0x011B, 0x2518, 0x250C, 0x2588, 0x2584, 0x0162, 0x016E, 0x2580,
    0x00D3, 0x00DF, 0x00D4, 0x0143, 0x0144, 0x0148, 0x0160, 0x0161, 0x0154, 0x00DA, 0x0155, 0x0170,
    0x00FD, 0x00DD, 0x0163, 0x00B4, 0x00AD, 0x02DD, 0x02DB, 0x02C7, 0x02D8, 0x00A7, 0x00F7, 0x00B8,
    0x00B0, 0x00A8, 0x02D9, 0x0171, 0x0158, 0x0159, 0x25A0, 0x00A0,
];
#[cfg(feature = "dos")]
#[rustfmt::skip]
pub static IBM852_ENCODE_CODE_POINTS: [u16; 128] = [
    0x00A0, 0x00A4, 0x00A7, 0x00A8, 0x00AB, 0x00AC, 0x00AD, 0x00B0, 0x00B4, 0x00B8, 0x00BB, 0x00C1,
    0x00C2, 0x00C4, 0x00C7, 0x00C9, 0x00CB, 0x00CD, 0x00CE, 0x00D3, 0x00D4, 0x00D6, 0x00D7, 0x00DA,
    0x00DC, 0x00DD, 0x00DF, 0x00E1, 0x00E2, 0x00E4, 0x00E7, 0x00E9, 0x00EB, 0x00ED, 0x00EE, 0x00F3,
    0x00F4, 0x00F6, 0x00F7, 0x00FA, 0x00FC, 0x00FD, 0x0102, 0x0103, 0x0104, 0x0105, 0x0106, 0x0107,
    0x010C, 0x010D, 0x010E, 0x010F, 0x0110, 0x0111, 0x0118, 0x0119, 0x011A, 0x011B, 0x0139, 0x013A,
    0x013D, 0x013E, 0x0141, 0x0142, 0x0143, 0x0144, 0x0147, 0x0148, 0x0150, 0x0151, 0x0154, 0x0155,
    0x0158, 0x0159, 0x015A, 0x015B, 0x015E, 0x015F, 0x0160, 0x0161, 0x0162, 0x0163, 0x0164, 0x0165,
    0x016E, 0x016F, 0x0170, 0x0171, 0x0179, 0x017A, 0x017B, 0x017C, 0x017D, 0x017E, 0x02C7, 0x02D8,
    0x02D9, 0x02DB, 0x02DD, 0x2500, 0x2502, 0x250C, 0x2510, 0x2514, 0x2518, 0x251C, 0x2524, 0x252C,
    0x2534, 0x253C, 0x2550, 0x2551, 0x2554, 0x2557, 0x255A, 0x255D, 0x2560, 0x2563, 0x2566, 0x2569,
    0x256C, 0x2580, 0x2584, 0x2588, 0x2591, 0x2592, 0x2593, 0x25A0,
];
#[cfg(feature = "dos")]
#[rustfmt::skip]
pub static IBM852_ENCODE_BYTES: [u8; 128] = [
    0xFF, 0xCF, 0xF5, 0xF9, 0xAE, 0xAA, 0xF0, 0xF8, 0xEF, 0xF7, 0xAF, 0xB5, 0xB6, 0x8E, 0x80, 0x90,
    0xD3, 0xD6, 0xD7, 0xE0, 0xE2, 0x99, 0x9E, 0xE9, 0x9A, 0xED, 0xE1, 0xA0, 0x83, 0x84, 0x87, 0x82,
    0x89, 0xA1, 0x8C, 0xA2, 0x93, 0x94, 0xF6, 0xA3, 0x81, 0xEC, 0xC6, 0xC7, 0xA4, 0xA5, 0x8F, 0x86,
    0xAC, 0x9F, 0xD2, 0xD4, 0xD1, 0xD0, 0xA8, 0xA9, 0xB7, 0xD8, 0x91, 0x92, 0x95, 0x96, 0x9D, 0x88,
    0xE3, 0xE4, 0xD5, 0xE5, 0x8A, 0x8B, 0xE8, 0xEA, 0xFC, 0xFD, 0x97, 0x98, 0xB8, 0xAD, 0xE6, 0xE7,
    0xDD, 0xEE, 0x9B, 0x9C, 0xDE, 0x85, 0xEB, 0xFB, 0x8D, 0xAB, 0xBD, 0xBE, 0xA6, 0xA7, 0xF3, 0xF4,
    0xFA, 0xF2, 0xF1, 0xC4, 0xB3, 0xDA, 0xBF, 0xC0, 0xD9, 0xC3, 0xB4, 0xC2, 0xC1, 0xC5, 0xCD, 0xBA,
    0xC9, 0xBB, 0xC8, 0xBC, 0xCC, 0xB9, 0xCB, 0xCA, 0xCE, 0xDF, 0xDC, 0xDB, 0xB0, 0xB1, 0xB2, 0xFE,
];

/// IBM855 (CP855.TXT)
#[cfg(feature = "dos")]
#[rustfmt::skip]
pub static IBM855_DECODE: [u16; 128] = [
    0x0452, 0x0402, 0x0453, 0x0403, 0x0451, 0x0401, 0x0454, 0x0404, 0x0455, 0x0405, 0x0456, 0x0406,
    0x0457, 0x0407, 0x0458, 0x0408, 0x0459, 0x0409, 0x045A, 0x040A, 0x045B, 0x040B, 0x045C, 0x040C,
    0x045E, 0x040E, 0x045F, 0x040F, 0x044E, 0x042E, 0x044A, 0x042A, 0x0430, 0x0410, 0x0431, 0x0411,
    0x0446, 0x0426, 0x0434, 0x0414, 0x0435, 0x0415, 0x0444, 0x0424, 0x0433, 0x0413, 0x00AB, 0x00BB,
    0x2591, 0x2592, 0x2593, 0x2502, 0x2524, 0x0445, 0x0425, 0x0438, 0x0418, 0x2563, 0x2551, 0x2557,
    0x255D, 0x0439, 0x0419, 0x2510, 0x2514, 0x2534, 0x252C, 0x251C, 0x2500, 0x253C, 0x043A, 0x041A,
    0x255A, 0x2554, 0x2569, 0x2566, 0x2560, 0x2550, 0x256C, 0x00A4, 0x043B, 0x041B, 0x043C, 0x041C,
    0x043D, 0x041D, 0x043E, 0x041E, 0x043F, 0x2518, 0x250C, 0x2588, 0x2584, 0x041F, 0x044F, 0x2580,
    0x042F, 0x0440, 0x0420, 0x0441, 0x0421, 0x0442, 0x0422, 0x0443, 0x0423, 0x0436, 0x0416, 0x0432,
    0x0412, 0x044C, 0x042C, 0x2116, 0x00AD, 0x044B, 0x042B, 0x0437, 0x0417, 0x0448, 0x0428, 0x044D,
    0x042D, 0x0449, 0x0429, 0x0447, 0x0427, 0x00A7, 0x25A0, 0x00A0,
];
#[cfg(feature = "dos")]
#[rustfmt::skip]
pub static IBM855_ENCODE_CODE_POINTS: [u16; 128] = [
    0x00A0, 0x00A4, 0x00A7, 0x00AB, 0x00AD, 0x00BB, 0x0401, 0x0402, 0x0403, 0x0404, 0x0405, 0x0406,
    0x0407, 0x0408, 0x0409, 0x040A, 0x040B, 0x040C, 0x040E, 0x040F, 0x0410, 0x0411, 0x0412, 0x0413,
    0x0414, 0x0415, 0x0416, 0x0417, 0x0418, 0x0419, 0x041A, 0x041B, 0x041C, 0x041D, 0x041E, 0x041F,
    0x0420, 0x0421, 0x0422, 0x0423, 0x0424, 0x0425, 0x0426, 0x0427, 0x0428, 0x0429, 0x042A, 0x042B,
    0x042C, 0x042D, 0x042E, 0x042F, 0x0430, 0x0431, 0x0432, 0x0433, 0x0434, 0x0435, 0x0436, 0x0437,
    0x0438, 0x0439, 0x043A, 0x043B, 0x043C, 0x043D, 0x043E, 0x043F, 0x0440, 0x0441, 0x0442, 0x0443,
    0x0444, 0x0445, 0x0446, 0x0447, 0x0448, 0x0449, 0x044A, 0x044B, 0x044C, 0x044D, 0x044E, 0x044F,
    0x0451, 0x0452, 0x0453, 0x0454, 0x0455, 0x0456, 0x0457, 0x0458, 0x0459, 0x045A, 0x045B, 0x045C,
    0x045E, 0x045F, 0x2116, 0x2500, 0x2502, 0x250C, 0x2510, 0x2514, 0x2518, 0x251C, 0x2524, 0x252C,
    0x2534, 0x253C, 0x2550, 0x2551, 0x2554, 0x2557, 0x255A, 0x255D, 0x2560, 0x2563, 0x2566, 0x2569,
    0x256C, 0x2580, 0x2584, 0x2588, 0x2591, 0x2592, 0x2593, 0x25A0,
];
#[cfg(feature = "dos")]
#[rustfmt::skip]
pub static IBM855_ENCODE_BYTES: [u8; 128] = [
    0xFF, 0xCF, 0xFD, 0xAE, 0xF0, 0xAF, 0x85, 0x81, 0x83, 0x87, 0x89, 0x8B, 0x8D, 0x8F, 0x91, 0x93,
    0x95, 0x97, 0x99, 0x9B, 0xA1, 0xA3, 0xEC, 0xAD, 0xA7, 0xA9, 0xEA, 0xF4, 0xB8, 0xBE, 0xC7, 0xD1,
    0xD3, 0xD5, 0xD7, 0xDD, 0xE2, 0xE4, 0xE6, 0xE8, 0xAB, 0xB6, 0xA5, 0xFC, 0xF6, 0xFA, 0x9F, 0xF2,
    0xEE, 0xF8, 0x9D, 0xE0, 0xA0, 0xA2, 0xEB, 0xAC, 0xA6, 0xA8, 0xE9, 0xF3, 0xB7, 0xBD, 0xC6, 0xD0,
    0xD2, 0xD4, 0xD6, 0xD8, 0xE1, 0xE3, 0xE5, 0xE7, 0xAA, 0xB5, 0xA4, 0xFB, 0xF5, 0xF9, 0x9E, 0xF1,
    0xED, 0xF7, 0x9C, 0xDE, 0x84, 0x80, 0x82, 0x86, 0x88, 0x8A, 0x8C, 0x8E, 0x90, 0x92, 0x94, 0x96,
    0x98, 0x9A, 0xEF, 0xC4, 0xB3, 0xDA, 0xBF, 0xC0, 0xD9, 0xC3, 0xB4, 0xC2, 0xC1, 0xC5, 0xCD, 0xBA,
    0xC9, 0xBB, 0xC8, 0xBC, 0xCC, 0xB9, 0xCB, 0xCA, 0xCE, 0xDF, 0xDC, 0xDB, 0xB0, 0xB1, 0xB2, 0xFE,
];

/// IBM856 (CP856.TXT)
#[cfg(feature = "dos")]
#[rustfmt::skip]
pub static IBM856_DECODE: [u16; 128] = [
    0x05D0, 0x05D1, 0x05D2, 0x05D3, 0x05D4, 0x05D5, 0x05D6, 0x05D7, 0x05D8, 0x05D9, 0x05DA, 0x05DB,
    0x05DC, 0x05DD, 0x05DE, 0x05DF, 0x05E0, 0x05E1, 0x05E2, 0x05E3, 0x05E4, 0x05E5, 0x05E6, 0x05E7,
    0x05E8, 0x05E9, 0x05EA, 0x0000, 0x00A3, 0x0000, 0x00D7, 0x0000, 0x0000, 0x0000, 0x0000, 0x0000,
    0x0000, 0x0000, 0x0000, 0x0000, 0x0000, 0x00AE, 0x00AC, 0x00BD, 0x00BC, 0x0000, 0x00AB, 0x00BB,
    0x2591, 0x2592, 0x2593, 0x2502, 0x2524, 0x0000, 0x0000, 0x0000, 0x00A9, 0x2563, 0x2551, 0x2557,
    0x255D, 0x00A2, 0x00A5, 0x2510, 0x2514, 0x2534, 0x252C, 0x251C, 0x2500, 0x253C, 0x0000, 0x0000,
    0x255A, 0x2554, 0x2569, 0x2566, 0x2560, 0x2550, 0x256C, 0x00A4, 0x0000, 0x0000, 0x0000, 0x0000,
    0x0000, 0x0000, 0x0000, 0x0000, 0x0000, 0x2518, 0x250C, 0x2588, 0x2584, 0x00A6, 0x0000, 0x2580,
    0x0000, 0x0000, 0x0000, 0x0000, 0x0000, 0x0000, 0x00B5, 0x0000, 0x0000, 0x0000, 0x0000, 0x0000,
    0x0000, 0x0000, 0x00AF, 0x00B4, 0x00AD, 0x00B1, 0x2017, 0x00BE, 0x00B6, 0x00A7, 0x00F7, 0x00B8,
    0x00B0, 0x00A8, 0x00B7, 0x00B9, 0x00B3, 0x00B2, 0x25A0, 0x00A0,
];
#[cfg(feature = "dos")]
#[rustfmt::skip]
pub static IBM856_ENCODE_CODE_POINTS: [u16; 87] = [
    0x00A0, 0x00A2, 0x00A3, 0x00A4, 0x00A5, 0x00A6, 0x00A7, 0x00A8, 0x00A9, 0x00AB, 0x00AC, 0x00AD,
    0x00AE, 0x00AF, 0x00B0, 0x00B1, 0x00B2, 0x00B3, 0x00B4, 0x00B5, 0x00B6, 0x00B7, 0x00B8, 0x00B9,
    0x00BB, 0x00BC, 0x00BD, 0x00BE, 0x00D7, 0x00F7, 0x05D0, 0x05D1, 0x05D2, 0x05D3, 0x05D4, 0x05D5,
    0x05D6, 0x05D7, 0x05D8, 0x05D9, 0x05DA, 0x05DB, 0x05DC, 0x05DD, 0x05DE, 0x05DF, 0x05E0, 0x05E1,
    0x05E2, 0x05E3, 0x05E4, 0x05E5, 0x05E6, 0x05E7, 0x05E8, 0x05E9, 0x05EA, 0x2017, 0x2500, 0x2502,
    0x250C, 0x2510, 0x2514, 0x2518, 0x251C, 0x2524, 0x252C, 0x2534, 0x253C, 0x2550, 0x2551, 0x2554,
    0x2557, 0x255A, 0x255D, 0x2560, 0x2563, 0x2566, 0x2569, 0x256C, 0x2580, 0x2584, 0x2588, 0x2591,
    0x2592, 0x2593, 0x25A0,
];
#[cfg(feature = "dos")]
#[rustfmt::skip]
pub static IBM856_ENCODE_BYTES: [u8; 87] = [
    0xFF, 0xBD, 0x9C, 0xCF, 0xBE, 0xDD, 0xF5, 0xF9, 0xB8, 0xAE, 0xAA, 0xF0, 0xA9, 0xEE, 0xF8, 0xF1,
    0xFD, 0xFC, 0xEF, 0xE6, 0xF4, 0xFA, 0xF7, 0xFB, 0xAF, 0xAC, 0xAB, 0xF3, 0x9E, 0xF6, 0x80, 0x81,
    0x82, 0x83, 0x84, 0x85, 0x86, 0x87, 0x88, 0x89, 0x8A, 0x8B, 0x8C, 0x8D, 0x8E, 0x8F, 0x90, 0x91,
    0x92, 0x93, 0x94, 0x95, 0x96, 0x97, 0x98, 0x99, 0x9A, 0xF2, 0xC4, 0xB3, 0xDA, 0xBF, 0xC0, 0xD9,
    0xC3, 0xB4, 0xC2, 0xC1, 0xC5, 0xCD, 0xBA, 0xC9, 0xBB, 0xC8, 0xBC, 0xCC, 0xB9, 0xCB, 0xCA, 0xCE,
    0xDF, 0xDC, 0xDB, 0xB0, 0xB1, 0xB2, 0xFE,
];

/// IBM857 (CP857.TXT)
#[cfg(feature = "dos")]
#[rustfmt::skip]
pub static IBM857_DECODE: [u16; 128] = [
    0x00C7, 0x00FC, 0x00E9, 0x00E2, 0x00E4, 0x00E0, 0x00E5, 0x00E7, 0x00EA, 0x00EB, 0x00E8, 0x00EF,
    0x00EE, 0x0131, 0x00C4, 0x00C5, 0x00C9, 0x00E6, 0x00C6, 0x00F4, 0x00F6, 0x00F2, 0x00FB, 0x00F9,
    0x0130, 0x00D6, 0x00DC, 0x00F8, 0x00A3, 0x00D8, 0x015E, 0x015F, 0x00E1, 0x00ED, 0x00F3, 0x00FA,
    0x00F1, 0x00D1, 0x011E, 0x011F, 0x00BF, 0x00AE, 0x00AC, 0x00BD, 0x00BC, 0x00A1, 0x00AB, 0x00BB,
    0x2591, 0x2592, 0x2593, 0x2502, 0x2524, 0x00C1, 0x00C2, 0x00C0, 0x00A9, 0x2563, 0x2551, 0x2557,
    0x255D, 0x00A2, 0x00A5, 0x2510, 0x2514, 0x2534, 0x252C, 0x251C, 0x2500, 0x253C, 0x00E3, 0x00C3,
    0x255A, 0x2554, 0x2569, 0x2566, 0x2560, 0x2550, 0x256C, 0x00A4, 0x00BA, 0x00AA, 0x00CA, 0x00CB,
    0x00C8, 0x0000, 0x00CD, 0x00CE, 0x00CF, 0x2518, 0x250C, 0x2588, 0x2584, 0x00A6, 0x00CC, 0x2580,
    0x00D3, 0x00DF, 0x00D4, 0x00D2, 0x00F5, 0x00D5, 0x00B5, 0x0000, 0x00D7, 0x00DA, 0x00DB, 0x00D9,
    0x00EC, 0x00FF, 0x00AF, 0x00B4, 0x00AD, 0x00B1, 0x0000, 0x00BE, 0x00B6, 0x00A7, 0x00F7, 0x00B8,
    0x00B0, 0x00A8, 0x00B7, 0x00B9, 0x00B3, 0x00B2, 0x25A0, 0x00A0,
];
#[cfg(feature = "dos")]
#[rustfmt::skip]
pub static IBM857_ENCODE_CODE_POINTS: [u16; 125] = [
    0x00A0, 0x00A1, 0x00A2, 0x00A3, 0x00A4, 0x00A5, 0x00A6, 0x00A7, 0x00A8, 0x00A9, 0x00AA, 0x00AB,
    0x00AC, 0x00AD, 0x00AE, 0x00AF, 0x00B0, 0x00B1, 0x00B2, 0x00B3, 0x00B4, 0x00B5, 0x00B6, 0x00B7,
    0x00B8, 0x00B9, 0x00BA, 0x00BB, 0x00BC, 0x00BD, 0x00BE, 0x00BF, 0x00C0, 0x00C1, 0x00C2, 0x00C3,
    0x00C4, 0x00C5, 0x00C6, 0x00C7, 0x00C8, 0x00C9, 0x00CA, 0x00CB, 0x00CC, 0x00CD, 0x00CE, 0x00CF,
    0x00D1, 0x00D2, 0x00D3, 0x00D4, 0x00D5, 0x00D6, 0x00D7, 0x00D8, 0x00D9, 0x00DA, 0x00DB, 0x00DC,
    0x00DF, 0x00E0, 0x00E1, 0x00E2, 0x00E3, 0x00E4, 0x00E5, 0x00E6, 0x00E7, 0x00E8, 0x00E9, 0x00EA,
    0x00EB, 0x00EC, 0x00ED, 0x00EE, 0x00EF, 0x00F1, 0x00F2, 0x00F3, 0x00F4, 0x00F5, 0x00F6, 0x00F7,
    0x00F8, 0x00F9, 0x00FA, 0x00FB, 0x00FC, 0x00FF, 0x011E, 0x011F, 0x0130, 0x0131, 0x015E, 0x015F,
    0x2500, 0x2502, 0x250C, 0x2510, 0x2514, 0x2518, 0x251C, 0x2524, 0x252C, 0x2534, 0x253C, 0x2550,
    0x2551, 0x2554, 0x2557, 0x255A, 0x255D, 0x2560, 0x2563, 0x2566, 0x2569, 0x256C, 0x2580, 0x2584,
    0x2588, 0x2591, 0x2592, 0x2593, 0x25A0,
];
#[cfg(feature = "dos")]
#[rustfmt::skip]
pub static IBM857_ENCODE_BYTES: [u8; 125] = [
    0xFF, 0xAD, 0xBD, 0x9C, 0xCF, 0xBE, 0xDD, 0xF5, 0xF9, 0xB8, 0xD1, 0xAE, 0xAA, 0xF0, 0xA9, 0xEE,
    0xF8, 0xF1, 0xFD, 0xFC, 0xEF, 0xE6, 0xF4, 0xFA, 0xF7, 0xFB, 0xD0, 0xAF, 0xAC, 0xAB, 0xF3, 0xA8,
    0xB7, 0xB5, 0xB6, 0xC7, 0x8E, 0x8F, 0x92, 0x80, 0xD4, 0x90, 0xD2, 0xD3, 0xDE, 0xD6, 0xD7, 0xD8,
    0xA5, 0xE3, 0xE0, 0xE2, 0xE5, 0x99, 0xE8, 0x9D, 0xEB, 0xE9, 0xEA, 0x9A, 0xE1, 0x85, 0xA0, 0x83,
    0xC6, 0x84, 0x86, 0x91, 0x87, 0x8A, 0x82, 0x88, 0x89, 0xEC, 0xA1, 0x8C, 0x8B, 0xA4, 0x95, 0xA2,
    0x93, 0xE4, 0x94, 0xF6, 0x9B, 0x97, 0xA3, 0x96, 0x81, 0xED, 0xA6, 0xA7, 0x98, 0x8D, 0x9E, 0x9F,
    0xC4, 0xB3, 0xDA, 0xBF, 0xC0, 0xD9, 0xC3, 0xB4, 0xC2, 0xC1, 0xC5, 0xCD, 0xBA, 0xC9, 0xBB, 0xC8,
    0xBC, 0xCC, 0xB9, 0xCB, 0xCA, 0xCE, 0xDF, 0xDC, 0xDB, 0xB0, 0xB1, 0xB2, 0xFE,
];

/// IBM860 (CP860.TXT)
#[cfg(feature = "dos")]
#[rustfmt::skip]
pub static IBM860_DECODE: [u16; 128] = [
    0x00C7, 0x00FC, 0x00E9, 0x00E2, 0x00E3, 0x00E0, 0x00C1, 0x00E7, 0x00EA, 0x00CA, 0x00E8, 0x00CD,
    0x00D4, 0x00EC, 0x00C3, 0x00C2, 0x00C9, 0x00C0, 0x00C8, 0x00F4, 0x00F5, 0x00F2, 0x00DA, 0x00F9,
    0x00CC, 0x00D5, 0x00DC, 0x00A2, 0x00A3, 0x00D9, 0x20A7, 0x00D3, 0x00E1, 0x00ED, 0x00F3, 0x00FA,
    0x00F1, 0x00D1, 0x00AA, 0x00BA, 0x00BF, 0x00D2, 0x00AC, 0x00BD, 0x00BC, 0x00A1, 0x00AB, 0x00BB,
    0x2591, 0x2592, 0x2593, 0x2502, 0x2524, 0x2561, 0x2562, 0x2556, 0x2555, 0x2563, 0x2551, 0x2557,
    0x255D, 0x255C, 0x255B, 0x2510, 0x2514, 0x2534, 0x252C, 0x251C, 0x2500, 0x253C, 0x255E, 0x255F,
    0x255A, 0x2554, 0x2569, 0x2566, 0x2560, 0x2550, 0x256C, 0x2567, 0x2568, 0x2564, 0x2565, 0x2559,
    0x2558, 0x2552, 0x2553, 0x256B, 0x256A, 0x2518, 0x250C, 0x2588, 0x2584, 0x258C, 0x2590, 0x2580,
    0x03B1, 0x00DF, 0x0393, 0x03C0, 0x03A3, 0x03C3, 0x00B5, 0x03C4, 0x03A6, 0x0398, 0x03A9, 0x03B4,
    0x221E, 0x03C6, 0x03B5, 0x2229, 0x2261, 0x00B1, 0x2265, 0x2264, 0x2320, 0x2321, 0x00F7, 0x2248,
    0x00B0, 0x2219, 0x00B7, 0x221A, 0x207F, 0x00B2, 0x25A0, 0x00A0,
];
#[cfg(feature = "dos")]
#[rustfmt::skip]
pub static IBM860_ENCODE_CODE_POINTS: [u16; 128] = [
    0x00A0, 0x00A1, 0x00A2, 0x00A3, 0x00AA, 0x00AB, 0x00AC, 0x00B0, 0x00B1, 0x00B2, 0x00B5, 0x00B7,
    0x00BA, 0x00BB, 0x00BC, 0x00BD, 0x00BF, 0x00C0, 0x00C1, 0x00C2, 0x00C3, 0x00C7, 0x00C8, 0x00C9,
    0x00CA, 0x00CC, 0x00CD, 0x00D1, 0x00D2, 0x00D3, 0x00D4, 0x00D5, 0x00D9, 0x00DA, 0x00DC, 0x00DF,
    0x00E0, 0x00E1, 0x00E2, 0x00E3, 0x00E7, 0x00E8, 0x00E9, 0x00EA, 0x00EC, 0x00ED, 0x00F1, 0x00F2,
    0x00F3, 0x00F4, 0x00F5, 0x00F7, 0x00F9, 0x00FA, 0x00FC, 0x0393, 0x0398, 0x03A3, 0x03A6, 0x03A9,
    0x03B1, 0x03B4, 0x03B5, 0x03C0, 0x03C3, 0x03C4, 0x03C6, 0x207F, 0x20A7, 0x2219, 0x221A, 0x221E,
    0x2229, 0x2248, 0x2261, 0x2264, 0x2265, 0x2320, 0x2321, 0x2500, 0x2502, 0x250C, 0x2510, 0x2514,
    0x2518, 0x251C, 0x2524, 0x252C, 0x2534, 0x253C, 0x2550, 0x2551, 0x2552, 0x2553, 0x2554, 0x2555,
    0x2556, 0x2557, 0x2558, 0x2559, 0x255A, 0x255B, 0x255C, 0x255D, 0x255E, 0x255F, 0x2560, 0x2561,
    0x2562, 0x2563, 0x2564, 0x2565, 0x2566, 0x2567, 0x2568, 0x2569, 0x256A, 0x256B, 0x256C, 0x2580,
    0x2584, 0x2588, 0x258C, 0x2590, 0x2591, 0x2592, 0x2593, 0x25A0,
];
#[cfg(feature = "dos")]
#[rustfmt::skip]
pub static IBM860_ENCODE_BYTES: [u8; 128] = [
    0xFF, 0xAD, 0x9B, 0x9C, 0xA6, 0xAE, 0xAA, 0xF8, 0xF1, 0xFD, 0xE6, 0xFA, 0xA7, 0xAF, 0xAC, 0xAB,
    0xA8, 0x91, 0x86, 0x8F, 0x8E, 0x80, 0x92, 0x90, 0x89, 0x98, 0x8B, 0xA5, 0xA9, 0x9F, 0x8C, 0x99,
    0x9D, 0x96, 0x9A, 0xE1, 0x85, 0xA0, 0x83, 0x84, 0x87, 0x8A, 0x82, 0x88, 0x8D, 0xA1, 0xA4, 0x95,
    0xA2, 0x93, 0x94, 0xF6, 0x97, 0xA3, 0x81, 0xE2, 0xE9, 0xE4, 0xE8, 0xEA, 0xE0, 0xEB, 0xEE, 0xE3,
    0xE5, 0xE7, 0xED, 0xFC, 0x9E, 0xF9, 0xFB, 0xEC, 0xEF, 0xF7, 0xF0, 0xF3, 0xF2, 0xF4, 0xF5, 0xC4,
    0xB3, 0xDA, 0xBF, 0xC0, 0xD9, 0xC3, 0xB4, 0xC2, 0xC1, 0xC5, 0xCD, 0xBA, 0xD5, 0xD6, 0xC9, 0xB8,
    0xB7, 0xBB, 0xD4, 0xD3, 0xC8, 0xBE, 0xBD, 0xBC, 0xC6, 0xC7, 0xCC, 0xB5, 0xB6, 0xB9, 0xD1, 0xD2,
    0xCB, 0xCF, 0xD0, 0xCA, 0xD8, 0xD7, 0xCE, 0xDF, 0xDC, 0xDB, 0xDD, 0xDE, 0xB0, 0xB1, 0xB2, 0xFE,
];

/// IBM861 (CP861.TXT)
#[cfg(feature = "dos")]
#[rustfmt::skip]
pub static IBM861_DECODE: [u16; 128] = [
    0x00C7, 0x00FC, 0x00E9, 0x00E2, 0x00E4, 0x00E0, 0x00E5, 0x00E7, 0x00EA, 0x00EB, 0x00E8, 0x00D0,
    0x00F0, 0x00DE, 0x00C4, 0x00C5, 0x00C9, 0x00E6, 0x00C6, 0x00F4, 0x00F6, 0x00FE, 0x00FB, 0x00DD,
    0x00FD, 0x00D6, 0x00DC, 0x00F8, 0x00A3, 0x00D8, 0x20A7, 0x0192, 0x00E1, 0x00ED, 0x00F3, 0x00FA,
    0x00C1, 0x00CD, 0x00D3, 0x00DA, 0x00BF, 0x2310, 0x00AC, 0x00BD, 0x00BC, 0x00A1, 0x00AB, 0x00BB,
    0x2591, 0x2592, 0x2593, 0x2502, 0x2524, 0x2561, 0x2562, 0x2556, 0x2555, 0x2563, 0x2551, 0x2557,
    0x255D, 0x255C, 0x255B, 0x2510, 0x2514, 0x2534, 0x252C, 0x251C, 0x2500, 0x253C, 0x255E, 0x255F,
    0x255A, 0x2554, 0x2569, 0x2566, 0x2560, 0x2550, 0x256C, 0x2567, 0x2568, 0x2564, 0x2565, 0x2559,
    0x2558, 0x2552, 0x2553, 0x256B, 0x256A, 0x2518, 0x250C, 0x2588, 0x2584, 0x258C, 0x2590, 0x2580,
    0x03B1, 0x00DF, 0x0393, 0x03C0, 0x03A3, 0x03C3, 0x00B5, 0x03C4, 0x03A6, 0x0398, 0x03A9, 0x03B4,
    0x221E, 0x03C6, 0x03B5, 0x2229, 0x2261, 0x00B1, 0x2265, 0x2264, 0x2320, 0x2321, 0x00F7, 0x2248,
    0x00B0, 0x2219, 0x00B7, 0x221A, 0x207F, 0x00B2, 0x25A0, 0x00A0,
];
#[cfg(feature = "dos")]
#[rustfmt::skip]
pub static IBM861_ENCODE_CODE_POINTS: [u16; 128] = [
    0x00A0, 0x00A1, 0x00A3, 0x00AB, 0x00AC, 0x00B0, 0x00B1, 0x00B2, 0x00B5, 0x00B7, 0x00BB, 0x00BC,
    0x00BD, 0x00BF, 0x00C1, 0x00C4, 0x00C5, 0x00C6, 0x00C7, 0x00C9, 0x00CD, 0x00D0, 0x00D3, 0x00D6,
    0x00D8, 0x00DA, 0x00DC, 0x00DD, 0x00DE, 0x00DF, 0x00E0, 0x00E1, 0x00E2, 0x00E4, 0x00E5, 0x00E6,
    0x00E7, 0x00E8, 0x00E9, 0x00EA, 0x00EB, 0x00ED, 0x00F0, 0x00F3, 0x00F4, 0x00F6, 0x00F7, 0x00F8,
    0x00FA, 0x00FB, 0x00FC, 0x00FD, 0x00FE, 0x0192, 0x0393, 0x0398, 0x03A3, 0x03A6, 0x03A9, 0x03B1,
    0x03B4, 0x03B5, 0x03C0, 0x03C3, 0x03C4, 0x03C6, 0x207F, 0x20A7, 0x2219, 0x221A, 0x221E, 0x2229,
    0x2248, 0x2261, 0x2264, 0x2265, 0x2310, 0x2320, 0x2321, 0x2500, 0x2502, 0x250C, 0x2510, 0x2514,
    0x2518, 0x251C, 0x2524, 0x252C, 0x2534, 0x253C, 0x2550, 0x2551, 0x2552, 0x2553, 0x2554, 0x2555,
    0x2556, 0x2557, 0x2558, 0x2559, 0x255A, 0x255B, 0x255C, 0x255D, 0x255E, 0x255F, 0x2560, 0x2561,
    0x2562, 0x2563, 0x2564, 0x2565, 0x2566, 0x2567, 0x2568, 0x2569, 0x256A, 0x256B, 0x256C, 0x2580,
    0x2584, 0x2588, 0x258C, 0x2590, 0x2591, 0x2592, 0x2593, 0x25A0,
];
#[cfg(feature = "dos")]
#[rustfmt::skip]
pub static IBM861_ENCODE_BYTES: [u8; 128] = [
    0xFF, 0xAD, 0x9C, 0xAE, 0xAA, 0xF8, 0xF1, 0xFD, 0xE6, 0xFA, 0xAF, 0xAC, 0xAB, 0xA8, 0xA4, 0x8E,
    0x8F, 0x92, 0x80, 0x90, 0xA5, 0x8B, 0xA6, 0x99, 0x9D, 0xA7, 0x9A, 0x97, 0x8D, 0xE1, 0x85, 0xA0,
    0x83, 0x84, 0x86, 0x91, 0x87, 0x8A, 0x82, 0x88, 0x89, 0xA1, 0x8C, 0xA2, 0x93, 0x94, 0xF6, 0x9B,
    0xA3, 0x96, 0x81, 0x98, 0x95, 0x9F, 0xE2, 0xE9, 0xE4, 0xE8, 0xEA, 0xE0, 0xEB, 0xEE, 0xE3, 0xE5,
    0xE7, 0xED, 0xFC, 0x9E, 0xF9, 0xFB, 0xEC, 0xEF, 0xF7, 0xF0, 0xF3, 0xF2, 0xA9, 0xF4, 0xF5, 0xC4,
    0xB3, 0xDA, 0xBF, 0xC0, 0xD9, 0xC3, 0xB4, 0xC2, 0xC1, 0xC5, 0xCD, 0xBA, 0xD5, 0xD6, 0xC9, 0xB8,
    0xB7, 0xBB, 0xD4, 0xD3, 0xC8, 0xBE, 0xBD, 0xBC, 0xC6, 0xC7, 0xCC, 0xB5, 0xB6, 0xB9, 0xD1, 0xD2,
    0xCB, 0xCF, 0xD0, 0xCA, 0xD8, 0xD7, 0xCE, 0xDF, 0xDC, 0xDB, 0xDD, 0xDE, 0xB0, 0xB1, 0xB2, 0xFE,
];

/// IBM862 (CP862.TXT)
#[cfg(feature = "dos")]
#[rustfmt::skip]
pub static IBM862_DECODE: [u16; 128] = [
    0x05D0, 0x05D1, 0x05D2, 0x05D3, 0x05D4, 0x05D5, 0x05D6, 0x05D7, 0x05D8, 0x05D9, 0x05DA, 0x05DB,
    0x05DC, 0x05DD, 0x05DE, 0x05DF, 0x05E0, 0x05E1, 0x05E2, 0x05E3, 0x05E4, 0x05E5, 0x05E6, 0x05E7,
    0x05E8, 0x05E9, 0x05EA, 0x00A2, 0x00A3, 0x00A5, 0x20A7, 0x0192, 0x00E1, 0x00ED, 0x00F3, 0x00FA,
    0x00F1, 0x00D1, 0x00AA, 0x00BA, 0x00BF, 0x2310, 0x00AC, 0x00BD, 0x00BC, 0x00A1, 0x00AB, 0x00BB,
    0x2591, 0x2592, 0x2593, 0x2502, 0x2524, 0x2561, 0x2562, 0x2556, 0x2555, 0x2563, 0x2551, 0x2557,
    0x255D, 0x255C, 0x255B, 0x2510, 0x2514, 0x2534, 0x252C, 0x251C, 0x2500, 0x253C, 0x255E, 0x255F,
    0x255A, 0x2554, 0x2569, 0x2566, 0x2560, 0x2550, 0x256C, 0x2567, 0x2568, 0x2564, 0x2565, 0x2559,
    0x2558, 0x2552, 0x2553, 0x256B, 0x256A, 0x2518, 0x250C, 0x2588, 0x2584, 0x258C, 0x2590, 0x2580,
    0x03B1, 0x00DF, 0x0393, 0x03C0, 0x03A3, 0x03C3, 0x00B5, 0x03C4, 0x03A6, 0x0398, 0x03A9, 0x03B4,
    0x221E, 0x03C6, 0x03B5, 0x2229, 0x2261, 0x00B1, 0x2265, 0x2264, 0x2320, 0x2321, 0x00F7, 0x2248,
    0x00B0, 0x2219, 0x00B7, 0x221A, 0x207F, 0x00B2, 0x25A0, 0x00A0,
];
#[cfg(feature = "dos")]
#[rustfmt::skip]
pub static IBM862_ENCODE_CODE_POINTS: [u16; 128] = [
    0x00A0, 0x00A1, 0x00A2, 0x00A3, 0x00A5, 0x00AA, 0x00AB, 0x00AC, 0x00B0, 0x00B1, 0x00B2, 0x00B5,
    0x00B7, 0x00BA, 0x00BB, 0x00BC, 0x00BD, 0x00BF, 0x00D1, 0x00DF, 0x00E1, 0x00ED, 0x00F1, 0x00F3,
    0x00F7, 0x00FA, 0x0192, 0x0393, 0x0398, 0x03A3, 0x03A6, 0x03A9, 0x03B1, 0x03B4, 0x03B5, 0x03C0,
    0x03C3, 0x03C4, 0x03C6, 0x05D0, 0x05D1, 0x05D2, 0x05D3, 0x05D4, 0x05D5, 0x05D6, 0x05D7, 0x05D8,
    0x05D9, 0x05DA, 0x05DB, 0x05DC, 0x05DD, 0x05DE, 0x05DF, 0x05E0, 0x05E1, 0x05E2, 0x05E3, 0x05E4,
    0x05E5, 0x05E6, 0x05E7, 0x05E8, 0x05E9, 0x05EA, 0x207F, 0x20A7, 0x2219, 0x221A, 0x221E, 0x2229,
    0x2248, 0x2261, 0x2264, 0x2265, 0x2310, 0x2320, 0x2321, 0x2500, 0x2502, 0x250C, 0x2510, 0x2514,
    0x2518, 0x251C, 0x2524, 0x252C, 0x2534, 0x253C, 0x2550, 0x2551, 0x2552, 0x2553, 0x2554, 0x2555,
    0x2556, 0x2557, 0x2558, 0x2559, 0x255A, 0x255B, 0x255C, 0x255D, 0x255E, 0x255F, 0x2560, 0x2561,
    0x2562, 0x2563, 0x2564, 0x2565, 0x2566, 0x2567, 0x2568, 0x2569, 0x256A, 0x256B, 0x256C, 0x2580,
    0x2584, 0x2588, 0x258C, 0x2590, 0x2591, 0x2592, 0x2593, 0x25A0,
];
#[cfg(feature = "dos")]
#[rustfmt::skip]
pub static IBM862_ENCODE_BYTES: [u8; 128] = [
    0xFF, 0xAD, 0x9B, 0x9C, 0x9D, 0xA6, 0xAE, 0xAA, 0xF8, 0xF1, 0xFD, 0xE6, 0xFA, 0xA7, 0xAF, 0xAC,
    0xAB, 0xA8, 0xA5, 0xE1, 0xA0, 0xA1, 0xA4, 0xA2, 0xF6, 0xA3, 0x9F, 0xE2, 0xE9, 0xE4, 0xE8, 0xEA,
    0xE0, 0xEB, 0xEE, 0xE3, 0xE5, 0xE7, 0xED, 0x80, 0x81, 0x82, 0x83, 0x84, 0x85, 0x86, 0x87, 0x88,
    0x89, 0x8A, 0x8B, 0x8C, 0x8D, 0x8E, 0x8F, 0x90, 0x91, 0x92, 0x93, 0x94, 0x95, 0x96, 0x97, 0x98,
    0x99, 0x9A, 0xFC, 0x9E, 0xF9, 0xFB, 0xEC, 0xEF, 0xF7, 0xF0, 0xF3, 0xF2, 0xA9, 0xF4, 0xF5, 0xC4,
    0xB3, 0xDA, 0xBF, 0xC0, 0xD9, 0xC3, 0xB4, 0xC2, 0xC1, 0xC5, 0xCD, 0xBA, 0xD5, 0xD6, 0xC9, 0xB8,
    0xB7, 0xBB, 0xD4, 0xD3, 0xC8, 0xBE, 0xBD, 0xBC, 0xC6, 0xC7, 0xCC, 0xB5, 0xB6, 0xB9, 0xD1, 0xD2,
    0xCB, 0xCF, 0xD0, 0xCA, 0xD8, 0xD7, 0xCE, 0xDF, 0xDC, 0xDB, 0xDD, 0xDE, 0xB0, 0xB1, 0xB2, 0xFE,
];

/// IBM863 (CP863.TXT)
#[cfg(feature = "dos")]
#[rustfmt::skip]
pub static IBM863_DECODE: [u16; 128] = [
    0x00C7, 0x00FC, 0x00E9, 0x00E2, 0x00C2, 0x00E0, 0x00B6, 0x00E7, 0x00EA, 0x00EB, 0x00E8, 0x00EF,
    0x00EE, 0x2017, 0x00C0, 0x00A7, 0x00C9, 0x00C8, 0x00CA, 0x00F4, 0x00CB, 0x00CF, 0x00FB, 0x00F9,
    0x00A4, 0x00D4, 0x00DC, 0x00A2, 0x00A3, 0x00D9, 0x00DB, 0x0192, 0x00A6, 0x00B4, 0x00F3, 0x00FA,
    0x00A8, 0x00B8, 0x00B3, 0x00AF, 0x00CE, 0x2310, 0x00AC, 0x00BD, 0x00BC, 0x00BE, 0x00AB, 0x00BB,
    0x2591, 0x2592, 0x2593, 0x2502, 0x2524, 0x2561, 0x2562, 0x2556, 0x2555, 0x2563, 0x2551, 0x2557,
    0x255D, 0x255C, 0x255B, 0x2510, 0x2514, 0x2534, 0x252C, 0x251C, 0x2500, 0x253C, 0x255E, 0x255F,
    0x255A, 0x2554, 0x2569, 0x2566, 0x2560, 0x2550, 0x256C, 0x2567, 0x2568, 0x2564, 0x2565, 0x2559,
    0x2558, 0x2552, 0x2553, 0x256B, 0x256A, 0x2518, 0x250C, 0x2588, 0x2584, 0x258C, 0x2590, 0x2580,
    0x03B1, 0x00DF, 0x0393, 0x03C0, 0x03A3, 0x03C3, 0x00B5, 0x03C4, 0x03A6, 0x0398, 0x03A9, 0x03B4,
    0x221E, 0x03C6, 0x03B5, 0x2229, 0x2261, 0x00B1, 0x2265, 0x2264, 0x2320, 0x2321, 0x00F7, 0x2248,
    0x00B0, 0x2219, 0x00B7, 0x221A, 0x207F, 0x00B2, 0x25A0, 0x00A0,
];
#[cfg(feature = "dos")]
#[rustfmt::skip]
pub static IBM863_ENCODE_CODE_POINTS: [u16; 128] = [
    0x00A0, 0x00A2, 0x00A3, 0x00A4, 0x00A6, 0x00A7, 0x00A8, 0x00AB, 0x00AC, 0x00AF, 0x00B0, 0x00B1,
    0x00B2, 0x00B3, 0x00B4, 0x00B5, 0x00B6, 0x00B7, 0x00B8, 0x00BB, 0x00BC, 0x00BD, 0x00BE, 0x00C0,
    0x00C2, 0x00C7, 0x00C8, 0x00C9, 0x00CA, 0x00CB, 0x00CE, 0x00CF, 0x00D4, 0x00D9, 0x00DB, 0x00DC,
    0x00DF, 0x00E0, 0x00E2, 0x00E7, 0x00E8, 0x00E9, 0x00EA, 0x00EB, 0x00EE, 0x00EF, 0x00F3, 0x00F4,
    0x00F7, 0x00F9, 0x00FA, 0x00FB, 0x00FC, 0x0192, 0x0393, 0x0398, 0x03A3, 0x03A6, 0x03A9, 0x03B1,
    0x03B4, 0x03B5, 0x03C0, 0x03C3, 0x03C4, 0x03C6, 0x2017, 0x207F, 0x2219, 0x221A, 0x221E, 0x2229,
    0x2248, 0x2261, 0x2264, 0x2265, 0x2310, 0x2320, 0x2321, 0x2500, 0x2502, 0x250C, 0x2510, 0x2514,
    0x2518, 0x251C, 0x2524, 0x252C, 0x2534, 0x253C, 0x2550, 0x2551, 0x2552, 0x2553, 0x2554, 0x2555,
    0x2556, 0x2557, 0x2558, 0x2559, 0x255A, 0x255B, 0x255C, 0x255D, 0x255E, 0x255F, 0x2560, 0x2561,
    0x2562, 0x2563, 0x2564, 0x2565, 0x2566, 0x2567, 0x2568, 0x2569, 0x256A, 0x256B, 0x256C, 0x2580,
    0x2584, 0x2588, 0x258C, 0x2590, 0x2591, 0x2592, 0x2593, 0x25A0,
];
#[cfg(feature = "dos")]
#[rustfmt::skip]
pub static IBM863_ENCODE_BYTES: [u8; 128] = [
    0xFF, 0x9B, 0x9C, 0x98, 0xA0, 0x8F, 0xA4, 0xAE, 0xAA, 0xA7, 0xF8, 0xF1, 0xFD, 0xA6, 0xA1, 0xE6,
    0x86, 0xFA, 0xA5, 0xAF, 0xAC, 0xAB, 0xAD, 0x8E, 0x84, 0x80, 0x91, 0x90, 0x92, 0x94, 0xA8, 0x95,
    0x99, 0x9D, 0x9E, 0x9A, 0xE1, 0x85, 0x83, 0x87, 0x8A, 0x82, 0x88, 0x89, 0x8C, 0x8B, 0xA2, 0x93,
    0xF6, 0x97, 0xA3, 0x96, 0x81, 0x9F, 0xE2, 0xE9, 0xE4, 0xE8, 0xEA, 0xE0, 0xEB, 0xEE, 0xE3, 0xE5,
    0xE7, 0xED, 0x8D, 0xFC, 0xF9, 0xFB, 0xEC, 0xEF, 0xF7, 0xF0, 0xF3, 0xF2, 0xA9, 0xF4, 0xF5, 0xC4,
    0xB3, 0xDA, 0xBF, 0xC0, 0xD9, 0xC3, 0xB4, 0xC2, 0xC1, 0xC5, 0xCD, 0xBA, 0xD5, 0xD6, 0xC9, 0xB8,
    0xB7, 0xBB, 0xD4, 0xD3, 0xC8, 0xBE, 0xBD, 0xBC, 0xC6, 0xC7, 0xCC, 0xB5, 0xB6, 0xB9, 0xD1, 0xD2,
    0xCB, 0xCF, 0xD0, 0xCA, 0xD8, 0xD7, 0xCE, 0xDF, 0xDC, 0xDB, 0xDD, 0xDE, 0xB0, 0xB1, 0xB2, 0xFE,
];

/// IBM864 (CP864.TXT)
#[cfg(feature = "dos")]
#[rustfmt::skip]
pub static IBM864_DECODE: [u16; 256] = [
    0x0000, 0x0001, 0x0002, 0x0003, 0x0004, 0x0005, 0x0006, 0x0007, 0x0008, 0x0009, 0x000A, 0x000B,
    0x000C, 0x000D, 0x000E, 0x000F, 0x0010, 0x0011, 0x0012, 0x0013, 0x0014, 0x0015, 0x0016, 0x0017,
    0x0018, 0x0019, 0x001A, 0x001B, 0x001C, 0x001D, 0x001E, 0x001F, 0x0020, 0x0021, 0x0022, 0x0023,
    0x0024, 0x066A, 0x0026, 0x0027, 0x0028, 0x0029, 0x002A, 0x002B, 0x002C, 0x002D, 0x002E, 0x002F,
    0x0030, 0x0031, 0x0032, 0x0033, 0x0034, 0x0035, 0x0036, 0x0037, 0x0038, 0x0039, 0x003A, 0x003B,
    0x003C, 0x003D, 0x003E, 0x003F, 0x0040, 0x0041, 0x0042, 0x0043, 0x0044, 0x0045, 0x0046, 0x0047,
    0x0048, 0x0049, 0x004A, 0x004B, 0x004C, 0x004D, 0x004E, 0x004F, 0x0050, 0x0051, 0x0052, 0x0053,
    0x0054, 0x0055, 0x0056, 0x0057, 0x0058, 0x0059, 0x005A, 0x005B, 0x005C, 0x005D, 0x005E, 0x005F,
    0x0060, 0x0061, 0x0062, 0x0063, 0x0064, 0x0065, 0x0066, 0x0067, 0x0068, 0x0069, 0x006A, 0x006B,
    0x006C, 0x006D, 0x006E, 0x006F, 0x0070, 0x0071, 0x0072, 0x0073, 0x0074, 0x0075, 0x0076, 0x0077,
    0x0078, 0x0079, 0x007A, 0x007B, 0x007C, 0x007D, 0x007E, 0x007F, 0x00B0, 0x00B7, 0x2219, 0x221A,
    0x2592, 0x2500, 0x2502, 0x253C, 0x2524, 0x252C, 0x251C, 0x2534, 0x2510, 0x250C, 0x2514, 0x2518,
    0x03B2, 0x221E, 0x03C6, 0x00B1, 0x00BD, 0x00BC, 0x2248, 0x00AB, 0x00BB, 0xFEF7, 0xFEF8, 0xFFFF,
    0xFFFF, 0xFEFB, 0xFEFC, 0xFFFF, 0x00A0, 0x00AD, 0xFE82, 0x00A3, 0x00A4, 0xFE84, 0xFFFF, 0xFFFF,
    0xFE8E, 0xFE8F, 0xFE95, 0xFE99, 0x060C, 0xFE9D, 0xFEA1, 0xFEA5, 0x0660, 0x0661, 0x0662, 0x0663,
    0x0664, 0x0665, 0x0666, 0x0667, 0x0668, 0x0669, 0xFED1, 0x061B, 0xFEB1, 0xFEB5, 0xFEB9, 0x061F,
    0x00A2, 0xFE80, 0xFE81, 0xFE83, 0xFE85, 0xFECA, 0xFE8B, 0xFE8D, 0xFE91, 0xFE93, 0xFE97, 0xFE9B,
    0xFE9F, 0xFEA3, 0xFEA7, 0xFEA9, 0xFEAB, 0xFEAD, 0xFEAF, 0xFEB3, 0xFEB7, 0xFEBB, 0xFEBF, 0xFEC1,
    0xFEC5, 0xFECB, 0xFECF, 0x00A6, 0x00AC, 0x00F7, 0x00D7, 0xFEC9, 0x0640, 0xFED3, 0xFED7, 0xFEDB,
    0xFEDF, 0xFEE3, 0xFEE7, 0xFEEB, 0xFEED, 0xFEEF, 0xFEF3, 0xFEBD, 0xFECC, 0xFECE, 0xFECD, 0xFEE1,
    0xFE7D, 0x0651, 0xFEE5, 0xFEE9, 0xFEEC, 0xFEF0, 0xFEF2, 0xFED0, 0xFED5, 0xFEF5, 0xFEF6, 0xFEDD,
    0xFED9, 0xFEF1, 0x25A0, 0xFFFF,
];
#[cfg(feature = "dos")]
#[rustfmt::skip]
pub static IBM864_ENCODE_CODE_POINTS: [u16; 250] = [
    0x0000, 0x0001, 0x0002, 0x0003, 0x0004, 0x0005, 0x0006, 0x0007, 0x0008, 0x0009, 0x000A, 0x000B,
    0x000C, 0x000D, 0x000E, 0x000F, 0x0010, 0x0011, 0x0012, 0x0013, 0x0014, 0x0015, 0x0016, 0x0017,
    0x0018, 0x0019, 0x001A, 0x001B, 0x001C, 0x001D, 0x001E, 0x001F, 0x0020, 0x0021, 0x0022, 0x0023,
    0x0024, 0x0026, 0x0027, 0x0028, 0x0029, 0x002A, 0x002B, 0x002C, 0x002D, 0x002E, 0x002F, 0x0030,
    0x0031, 0x0032, 0x0033, 0x0034, 0x0035, 0x0036, 0x0037, 0x0038, 0x0039, 0x003A, 0x003B, 0x003C,
    0x003D, 0x003E, 0x003F, 0x0040, 0x0041, 0x0042, 0x0043, 0x0044, 0x0045, 0x0046, 0x0047, 0x0048,
    0x0049, 0x004A, 0x004B, 0x004C, 0x004D, 0x004E, 0x004F, 0x0050, 0x0051, 0x0052, 0x0053, 0x0054,
    0x0055, 0x0056, 0x0057, 0x0058, 0x0059, 0x005A, 0x005B, 0x005C, 0x005D, 0x005E, 0x005F, 0x0060,
    0x0061, 0x0062, 0x0063, 0x0064, 0x0065, 0x0066, 0x0067, 0x0068, 0x0069, 0x006A, 0x006B, 0x006C,
    0x006D, 0x006E, 0x006F, 0x0070, 0x0071, 0x0072, 0x0073, 0x0074, 0x0075, 0x0076, 0x0077, 0x0078,
    0x0079, 0x007A, 0x007B, 0x007C, 0x007D, 0x007E, 0x007F, 0x00A0, 0x00A2, 0x00A3, 0x00A4, 0x00A6,
    0x00AB, 0x00AC, 0x00AD, 0x00B0, 0x00B1, 0x00B7, 0x00BB, 0x00BC, 0x00BD, 0x00D7, 0x00F7, 0x03B2,
    0x03C6, 0x060C, 0x061B, 0x061F, 0x0640, 0x0651, 0x0660, 0x0661, 0x0662, 0x0663, 0x0664, 0x0665,
    0x0666, 0x0667, 0x0668, 0x0669, 0x066A, 0x2219, 0x221A, 0x221E, 0x2248, 0x2500, 0x2502, 0x250C,
    0x2510, 0x2514, 0x2518, 0x251C, 0x2524, 0x252C, 0x2534, 0x253C, 0x2592, 0x25A0, 0xFE7D, 0xFE80,
    0xFE81, 0xFE82, 0xFE83, 0xFE84, 0xFE85, 0xFE8B, 0xFE8D, 0xFE8E, 0xFE8F, 0xFE91, 0xFE93, 0xFE95,
    0xFE97, 0xFE99, 0xFE9B, 0xFE9D, 0xFE9F, 0xFEA1, 0xFEA3, 0xFEA5, 0xFEA7, 0xFEA9, 0xFEAB, 0xFEAD,
    0xFEAF, 0xFEB1, 0xFEB3, 0xFEB5, 0xFEB7, 0xFEB9, 0xFEBB, 0xFEBD, 0xFEBF, 0xFEC1, 0xFEC5, 0xFEC9,
    0xFECA, 0xFECB, 0xFECC, 0xFECD, 0xFECE, 0xFECF, 0xFED0, 0xFED1, 0xFED3, 0xFED5, 0xFED7, 0xFED9,
    0xFEDB, 0xFEDD, 0xFEDF, 0xFEE1, 0xFEE3, 0xFEE5, 0xFEE7, 0xFEE9, 0xFEEB, 0xFEEC, 0xFEED, 0xFEEF,
    0xFEF0, 0xFEF1, 0xFEF2, 0xFEF3, 0xFEF5, 0xFEF6, 0xFEF7, 0xFEF8, 0xFEFB, 0xFEFC,
];
#[cfg(feature = "dos")]
#[rustfmt::skip]
pub static IBM864_ENCODE_BYTES: [u8; 250] = [
    0x00, 0x01, 0x02, 0x03, 0x04, 0x05, 0x06, 0x07, 0x08, 0x09, 0x0A, 0x0B, 0x0C, 0x0D, 0x0E, 0x0F,
    0x10, 0x11, 0x12, 0x13, 0x14, 0x15, 0x16, 0x17, 0x18, 0x19, 0x1A, 0x1B, 0x1C, 0x1D, 0x1E, 0x1F,
    0x20, 0x21, 0x22, 0x23, 0x24, 0x26, 0x27, 0x28, 0x29, 0x2A, 0x2B, 0x2C, 0x2D, 0x2E, 0x2F, 0x30,
    0x31, 0x32, 0x33, 0x34, 0x35, 0x36, 0x37, 0x38, 0x39, 0x3A, 0x3B, 0x3C, 0x3D, 0x3E, 0x3F, 0x40,
    0x41, 0x42, 0x43, 0x44, 0x45, 0x46, 0x47, 0x48, 0x49, 0x4A, 0x4B, 0x4C, 0x4D, 0x4E, 0x4F, 0x50,
    0x51, 0x52, 0x53, 0x54, 0x55, 0x56, 0x57, 0x58, 0x59, 0x5A, 0x5B, 0x5C, 0x5D, 0x5E, 0x5F, 0x60,
    0x61, 0x62, 0x63, 0x64, 0x65, 0x66, 0x67, 0x68, 0x69, 0x6A, 0x6B, 0x6C, 0x6D, 0x6E, 0x6F, 0x70,
    0x71, 0x72, 0x73, 0x74, 0x75, 0x76, 0x77, 0x78, 0x79, 0x7A, 0x7B, 0x7C, 0x7D, 0x7E, 0x7F, 0xA0,
    0xC0, 0xA3, 0xA4, 0xDB, 0x97, 0xDC, 0xA1, 0x80, 0x93, 0x81, 0x98, 0x95, 0x94, 0xDE, 0xDD, 0x90,
    0x92, 0xAC, 0xBB, 0xBF, 0xE0, 0xF1, 0xB0, 0xB1, 0xB2, 0xB3, 0xB4, 0xB5, 0xB6, 0xB7, 0xB8, 0xB9,
    0x25, 0x82, 0x83, 0x91, 0x96, 0x85, 0x86, 0x8D, 0x8C, 0x8E, 0x8F, 0x8A, 0x88, 0x89, 0x8B, 0x87,
    0x84, 0xFE, 0xF0, 0xC1, 0xC2, 0xA2, 0xC3, 0xA5, 0xC4, 0xC6, 0xC7, 0xA8, 0xA9, 0xC8, 0xC9, 0xAA,
    0xCA, 0xAB, 0xCB, 0xAD, 0xCC, 0xAE, 0xCD, 0xAF, 0xCE, 0xCF, 0xD0, 0xD1, 0xD2, 0xBC, 0xD3, 0xBD,
    0xD4, 0xBE, 0xD5, 0xEB, 0xD6, 0xD7, 0xD8, 0xDF, 0xC5, 0xD9, 0xEC, 0xEE, 0xED, 0xDA, 0xF7, 0xBA,
    0xE1, 0xF8, 0xE2, 0xFC, 0xE3, 0xFB, 0xE4, 0xEF, 0xE5, 0xF2, 0xE6, 0xF3, 0xE7, 0xF4, 0xE8, 0xE9,
    0xF5, 0xFD, 0xF6, 0xEA, 0xF9, 0xFA, 0x99, 0x9A, 0x9D, 0x9E,
];

/// IBM865 (CP865.TXT)
#[cfg(feature = "dos")]
#[rustfmt::skip]
pub static IBM865_DECODE: [u16; 128] = [
    0x00C7, 0x00FC, 0x00E9, 0x00E2, 0x00E4, 0x00E0, 0x00E5, 0x00E7, 0x00EA, 0x00EB, 0x00E8, 0x00EF,
    0x00EE, 0x00EC, 0x00C4, 0x00C5, 0x00C9, 0x00E6, 0x00C6, 0x00F4, 0x00F6, 0x00F2, 0x00FB, 0x00F9,
    0x00FF, 0x00D6, 0x00DC, 0x00F8, 0x00A3, 0x00D8, 0x20A7, 0x0192, 0x00E1, 0x00ED, 0x00F3, 0x00FA,
    0x00F1, 0x00D1, 0x00AA, 0x00BA, 0x00BF, 0x2310, 0x00AC, 0x00BD, 0x00BC, 0x00A1, 0x00AB, 0x00A4,
    0x2591, 0x2592, 0x2593, 0x2502, 0x2524, 0x2561, 0x2562, 0x2556, 0x2555, 0x2563, 0x2551, 0x2557,
    0x255D, 0x255C, 0x255B, 0x2510, 0x2514, 0x2534, 0x252C, 0x251C, 0x2500, 0x253C, 0x255E, 0x255F,
    0x255A, 0x2554, 0x2569, 0x2566, 0x2560, 0x2550, 0x256C, 0x2567, 0x2568, 0x2564, 0x2565, 0x2559,
    0x2558, 0x2552, 0x2553, 0x256B, 0x256A, 0x2518, 0x250C, 0x2588, 0x2584, 0x258C, 0x2590, 0x2580,
    0x03B1, 0x00DF, 0x0393, 0x03C0, 0x03A3, 0x03C3, 0x00B5, 0x03C4, 0x03A6, 0x0398, 0x03A9, 0x03B4,
    0x221E, 0x03C6, 0x03B5, 0x2229, 0x2261, 0x00B1, 0x2265, 0x2264, 0x2320, 0x2321, 0x00F7, 0x2248,
    0x00B0, 0x2219, 0x00B7, 0x221A, 0x207F, 0x00B2, 0x25A0, 0x00A0,
];
#[cfg(feature = "dos")]
#[rustfmt::skip]
pub static IBM865_ENCODE_CODE_POINTS: [u16; 128] = [
    0x00A0, 0x00A1, 0x00A3, 0x00A4, 0x00AA, 0x00AB, 0x00AC, 0x00B0, 0x00B1, 0x00B2, 0x00B5, 0x00B7,
    0x00BA, 0x00BC, 0x00BD, 0x00BF, 0x00C4, 0x00C5, 0x00C6, 0x00C7, 0x00C9, 0x00D1, 0x00D6, 0x00D8,
    0x00DC, 0x00DF, 0x00E0, 0x00E1, 0x00E2, 0x00E4, 0x00E5, 0x00E6, 0x00E7, 0x00E8, 0x00E9, 0x00EA,
    0x00EB, 0x00EC, 0x00ED, 0x00EE, 0x00EF, 0x00F1, 0x00F2, 0x00F3, 0x00F4, 0x00F6, 0x00F7, 0x00F8,
    0x00F9, 0x00FA, 0x00FB, 0x00FC, 0x00FF, 0x0192, 0x0393, 0x0398, 0x03A3, 0x03A6, 0x03A9, 0x03B1,
    0x03B4, 0x03B5, 0x03C0, 0x03C3, 0x03C4, 0x03C6, 0x207F, 0x20A7, 0x2219, 0x221A, 0x221E, 0x2229,
    0x2248, 0x2261, 0x2264, 0x2265, 0x2310, 0x2320, 0x2321, 0x2500, 0x2502, 0x250C, 0x2510, 0x2514,
    0x2518, 0x251C, 0x2524, 0x252C, 0x2534, 0x253C, 0x2550, 0x2551, 0x2552, 0x2553, 0x2554, 0x2555,
    0x2556, 0x2557, 0x2558, 0x2559, 0x255A, 0x255B, 0x255C, 0x255D, 0x255E, 0x255F, 0x2560, 0x2561,
    0x2562, 0x2563, 0x2564, 0x2565, 0x2566, 0x2567, 0x2568, 0x2569, 0x256A, 0x256B, 0x256C, 0x2580,
    0x2584, 0x2588, 0x258C, 0x2590, 0x2591, 0x2592, 0x2593, 0x25A0,
];
#[cfg(feature = "dos")]
#[rustfmt::skip]
pub static IBM865_ENCODE_BYTES: [u8; 128] = [
    0xFF, 0xAD, 0x9C, 0xAF, 0xA6, 0xAE, 0xAA, 0xF8, 0xF1, 0xFD, 0xE6, 0xFA, 0xA7, 0xAC, 0xAB, 0xA8,
    0x8E, 0x8F, 0x92, 0x80, 0x90, 0xA5, 0x99, 0x9D, 0x9A, 0xE1, 0x85, 0xA0, 0x83, 0x84, 0x86, 0x91,
    0x87, 0x8A, 0x82, 0x88, 0x89, 0x8D, 0xA1, 0x8C, 0x8B, 0xA4, 0x95, 0xA2, 0x93, 0x94, 0xF6, 0x9B,
    0x97, 0xA3, 0x96, 0x81, 0x98, 0x9F, 0xE2, 0xE9, 0xE4, 0xE8, 0xEA, 0xE0, 0xEB, 0xEE, 0xE3, 0xE5,
    0xE7, 0xED, 0xFC, 0x9E, 0xF9, 0xFB, 0xEC, 0xEF, 0xF7, 0xF0, 0xF3, 0xF2, 0xA9, 0xF4, 0xF5, 0xC4,
    0xB3, 0xDA, 0xBF, 0xC0, 0xD9, 0xC3, 0xB4, 0xC2, 0xC1, 0xC5, 0xCD, 0xBA, 0xD5, 0xD6, 0xC9, 0xB8,
    0xB7, 0xBB, 0xD4, 0xD3, 0xC8, 0xBE, 0xBD, 0xBC, 0xC6, 0xC7, 0xCC, 0xB5, 0xB6, 0xB9, 0xD1, 0xD2,
    0xCB, 0xCF, 0xD0, 0xCA, 0xD8, 0xD7, 0xCE, 0xDF, 0xDC, 0xDB, 0xDD, 0xDE, 0xB0, 0xB1, 0xB2, 0xFE,
];

/// IBM869 (CP869.TXT)
#[cfg(feature = "dos")]
#[rustfmt::skip]
pub static IBM869_DECODE: [u16; 128] = [
    0x0000, 0x0000, 0x0000, 0x0000, 0x0000, 0x0000, 0x0386, 0x0000, 0x00B7, 0x00AC, 0x00A6, 0x2018,
    0x2019, 0x0388, 0x2015, 0x0389, 0x038A, 0x03AA, 0x038C, 0x0000, 0x0000, 0x038E, 0x03AB, 0x00A9,
    0x038F, 0x00B2, 0x00B3, 0x03AC, 0x00A3, 0x03AD, 0x03AE, 0x03AF, 0x03CA, 0x0390, 0x03CC, 0x03CD,
    0x0391, 0x0392, 0x0393, 0x0394, 0x0395, 0x0396, 0x0397, 0x00BD, 0x0398, 0x0399, 0x00AB, 0x00BB,
    0x2591, 0x2592, 0x2593, 0x2502, 0x2524, 0x039A, 0x039B, 0x039C, 0x039D, 0x2563, 0x2551, 0x2557,
    0x255D, 0x039E, 0x039F, 0x2510, 0x2514, 0x2534, 0x252C, 0x251C, 0x2500, 0x253C, 0x03A0, 0x03A1,
    0x255A, 0x2554, 0x2569, 0x2566, 0x2560, 0x2550, 0x256C, 0x03A3, 0x03A4, 0x03A5, 0x03A6, 0x03A7,
    0x03A8, 0x03A9, 0x03B1, 0x03B2, 0x03B3, 0x2518, 0x250C, 0x2588, 0x2584, 0x03B4, 0x03B5, 0x2580,
    0x03B6, 0x03B7, 0x03B8, 0x03B9, 0x03BA, 0x03BB, 0x03BC, 0x03BD, 0x03BE, 0x03BF, 0x03C0, 0x03C1,
    0x03C3, 0x03C2, 0x03C4, 0x0384, 0x00AD, 0x00B1, 0x03C5, 0x03C6, 0x03C7, 0x00A7, 0x03C8, 0x0385,
    0x00B0, 0x00A8, 0x03C9, 0x03CB, 0x03B0, 0x03CE, 0x25A0, 0x00A0,
];
#[cfg(feature = "dos")]
#[rustfmt::skip]
pub static IBM869_ENCODE_CODE_POINTS: [u16; 119] = [
    0x00A0, 0x00A3, 0x00A6, 0x00A7, 0x00A8, 0x00A9, 0x00AB, 0x00AC, 0x00AD, 0x00B0, 0x00B1, 0x00B2,
    0x00B3, 0x00B7, 0x00BB, 0x00BD, 0x0384, 0x0385, 0x0386, 0x0388, 0x0389, 0x038A, 0x038C, 0x038E,
    0x038F, 0x0390, 0x0391, 0x0392, 0x0393, 0x0394, 0x0395, 0x0396, 0x0397, 0x0398, 0x0399, 0x039A,
    0x039B, 0x039C, 0x039D, 0x039E, 0x039F, 0x03A0, 0x03A1, 0x03A3, 0x03A4, 0x03A5, 0x03A6, 0x03A7,
    0x03A8, 0x03A9, 0x03AA, 0x03AB, 0x03AC, 0x03AD, 0x03AE, 0x03AF, 0x03B0, 0x03B1, 0x03B2, 0x03B3,
    0x03B4, 0x03B5, 0x03B6, 0x03B7, 0x03B8, 0x03B9, 0x03BA, 0x03BB, 0x03BC, 0x03BD, 0x03BE, 0x03BF,
    0x03C0, 0x03C1, 0x03C2, 0x03C3, 0x03C4, 0x03C5, 0x03C6, 0x03C7, 0x03C8, 0x03C9, 0x03CA, 0x03CB,
    0x03CC, 0x03CD, 0x03CE, 0x2015, 0x2018, 0x2019, 0x2500, 0x2502, 0x250C, 0x2510, 0x2514, 0x2518,
    0x251C, 0x2524, 0x252C, 0x2534, 0x253C, 0x2550, 0x2551, 0x2554, 0x2557, 0x255A, 0x255D, 0x2560,
    0x2563, 0x2566, 0x2569, 0x256C, 0x2580, 0x2584, 0x2588, 0x2591, 0x2592, 0x2593, 0x25A0,
];
#[cfg(feature = "dos")]
#[rustfmt::skip]
pub static IBM869_ENCODE_BYTES: [u8; 119] = [
    0xFF, 0x9C, 0x8A, 0xF5, 0xF9, 0x97, 0xAE, 0x89, 0xF0, 0xF8, 0xF1, 0x99, 0x9A, 0x88, 0xAF, 0xAB,
    0xEF, 0xF7, 0x86, 0x8D, 0x8F, 0x90, 0x92, 0x95, 0x98, 0xA1, 0xA4, 0xA5, 0xA6, 0xA7, 0xA8, 0xA9,
    0xAA, 0xAC, 0xAD, 0xB5, 0xB6, 0xB7, 0xB8, 0xBD, 0xBE, 0xC6, 0xC7, 0xCF, 0xD0, 0xD1, 0xD2, 0xD3,
    0xD4, 0xD5, 0x91, 0x96, 0x9B, 0x9D, 0x9E, 0x9F, 0xFC, 0xD6, 0xD7, 0xD8, 0xDD, 0xDE, 0xE0, 0xE1,
    0xE2, 0xE3, 0xE4, 0xE5, 0xE6, 0xE7, 0xE8, 0xE9, 0xEA, 0xEB, 0xED, 0xEC, 0xEE, 0xF2, 0xF3, 0xF4,
    0xF6, 0xFA, 0xA0, 0xFB, 0xA2, 0xA3, 0xFD, 0x8E, 0x8B, 0x8C, 0xC4, 0xB3, 0xDA, 0xBF, 0xC0, 0xD9,
    0xC3, 0xB4, 0xC2, 0xC1, 0xC5, 0xCD, 0xBA, 0xC9, 0xBB, 0xC8, 0xBC, 0xCC, 0xB9, 0xCB, 0xCA, 0xCE,
    0xDF, 0xDC, 0xDB, 0xB0, 0xB1, 0xB2, 0xFE,
];

/// IBM1006 (CP1006.TXT)
#[cfg(feature = "dos")]
#[rustfmt::skip]
pub static IBM1006_DECODE: [u16; 128] = [
    0x0080, 0x0081, 0x0082, 0x0083, 0x0084, 0x0085, 0x0086, 0x0087, 0x0088, 0x0089, 0x008A, 0x008B,
    0x008C, 0x008D, 0x008E, 0x008F, 0x0090, 0x0091, 0x0092, 0x0093, 0x0094, 0x0095, 0x0096, 0x0097,
    0x0098, 0x0099, 0x009A, 0x009B, 0x009C, 0x009D, 0x009E, 0x009F, 0x00A0, 0x06F0, 0x06F1, 0x06F2,
    0x06F3, 0x06F4, 0x06F5, 0x06F6, 0x06F7, 0x06F8, 0x06F9, 0x060C, 0x061B, 0x00AD, 0x061F, 0xFE81,
    0xFE8D, 0xFE8E, 0xFE8E, 0xFE8F, 0xFE91, 0xFB56, 0xFB58, 0xFE93, 0xFE95, 0xFE97, 0xFB66, 0xFB68,
    0xFE99, 0xFE9B, 0xFE9D, 0xFE9F, 0xFB7A, 0xFB7C, 0xFEA1, 0xFEA3, 0xFEA5, 0xFEA7, 0xFEA9, 0xFB84,
    0xFEAB, 0xFEAD, 0xFB8C, 0xFEAF, 0xFB8A, 0xFEB1, 0xFEB3, 0xFEB5, 0xFEB7, 0xFEB9, 0xFEBB, 0xFEBD,
    0xFEBF, 0xFEC1, 0xFEC5, 0xFEC9, 0xFECA, 0xFECB, 0xFECC, 0xFECD, 0xFECE, 0xFECF, 0xFED0, 0xFED1,
    0xFED3, 0xFED5, 0xFED7, 0xFED9, 0xFEDB, 0xFB92, 0xFB94, 0xFEDD, 0xFEDF, 0xFEE0, 0xFEE1, 0xFEE3,
    0xFB9E, 0xFEE5, 0xFEE7, 0xFE85, 0xFEED, 0xFBA6, 0xFBA8, 0xFBA9, 0xFBAA, 0xFE80, 0xFE89, 0xFE8A,
    0xFE8B, 0xFEF1, 0xFEF2, 0xFEF3, 0xFBB0, 0xFBAE, 0xFE7C, 0xFE7D,
];
#[cfg(feature = "dos")]
#[rustfmt::skip]
pub static IBM1006_ENCODE_CODE_POINTS: [u16; 127] = [
    0x0080, 0x0081, 0x0082, 0x0083, 0x0084, 0x0085, 0x0086, 0x0087, 0x0088, 0x0089, 0x008A, 0x008B,
    0x008C, 0x008D, 0x008E, 0x008F, 0x0090, 0x0091, 0x0092, 0x0093, 0x0094, 0x0095, 0x0096, 0x0097,
    0x0098, 0x0099, 0x009A, 0x009B, 0x009C, 0x009D, 0x009E, 0x009F, 0x00A0, 0x00AD, 0x060C, 0x061B,
    0x061F, 0x06F0, 0x06F1, 0x06F2, 0x06F3, 0x06F4, 0x06F5, 0x06F6, 0x06F7, 0x06F8, 0x06F9, 0xFB56,
    0xFB58, 0xFB66, 0xFB68, 0xFB7A, 0xFB7C, 0xFB84, 0xFB8A, 0xFB8C, 0xFB92, 0xFB94, 0xFB9E, 0xFBA6,
    0xFBA8, 0xFBA9, 0xFBAA, 0xFBAE, 0xFBB0, 0xFE7C, 0xFE7D, 0xFE80, 0xFE81, 0xFE85, 0xFE89, 0xFE8A,
    0xFE8B, 0xFE8D, 0xFE8E, 0xFE8F, 0xFE91, 0xFE93, 0xFE95, 0xFE97, 0xFE99, 0xFE9B, 0xFE9D, 0xFE9F,
    0xFEA1, 0xFEA3, 0xFEA5, 0xFEA7, 0xFEA9, 0xFEAB, 0xFEAD, 0xFEAF, 0xFEB1, 0xFEB3, 0xFEB5, 0xFEB7,
    0xFEB9, 0xFEBB, 0xFEBD, 0xFEBF, 0xFEC1, 0xFEC5, 0xFEC9, 0xFECA, 0xFECB, 0xFECC, 0xFECD, 0xFECE,
    0xFECF, 0xFED0, 0xFED1, 0xFED3, 0xFED5, 0xFED7, 0xFED9, 0xFEDB, 0xFEDD, 0xFEDF, 0xFEE0, 0xFEE1,
    0xFEE3, 0xFEE5, 0xFEE7, 0xFEED, 0xFEF1, 0xFEF2, 0xFEF3,
];
#[cfg(feature = "dos")]
#[rustfmt::skip]
pub static IBM1006_ENCODE_BYTES: [u8; 127] = [
    0x80, 0x81, 0x82, 0x83, 0x84, 0x85, 0x86, 0x87, 0x88, 0x89, 0x8A, 0x8B, 0x8C, 0x8D, 0x8E, 0x8F,
    0x90, 0x91, 0x92, 0x93, 0x94, 0x95, 0x96, 0x97, 0x98, 0x99, 0x9A, 0x9B, 0x9C, 0x9D, 0x9E, 0x9F,
    0xA0, 0xAD, 0xAB, 0xAC, 0xAE, 0xA1, 0xA2, 0xA3, 0xA4, 0xA5, 0xA6, 0xA7, 0xA8, 0xA9, 0xAA, 0xB5,
    0xB6, 0xBA, 0xBB, 0xC0, 0xC1, 0xC7, 0xCC, 0xCA, 0xE5, 0xE6, 0xEC, 0xF1, 0xF2, 0xF3, 0xF4, 0xFD,
    0xFC, 0xFE, 0xFF, 0xF5, 0xAF, 0xEF, 0xF6, 0xF7, 0xF8, 0xB0, 0xB1, 0xB3, 0xB4, 0xB7, 0xB8, 0xB9,
    0xBC, 0xBD, 0xBE, 0xBF, 0xC2, 0xC3, 0xC4, 0xC5, 0xC6, 0xC8, 0xC9, 0xCB, 0xCD, 0xCE, 0xCF, 0xD0,
    0xD1, 0xD2, 0xD3, 0xD4, 0xD5, 0xD6, 0xD7, 0xD8, 0xD9, 0xDA, 0xDB, 0xDC, 0xDD, 0xDE, 0xDF, 0xE0,
    0xE1, 0xE2, 0xE3, 0xE4, 0xE7, 0xE8, 0xE9, 0xEA, 0xEB, 0xED, 0xEE, 0xF0, 0xF9, 0xFA, 0xFB,
];

/// x-mac-arabic (ARABIC.TXT)
#[cfg(feature = "mac")]
#[rustfmt::skip]
pub static X_MAC_ARABIC_DECODE: [u16; 128] = [
    0x00C4, 0x0000, 0x00C7, 0x00C9, 0x00D1, 0x00D6, 0x00DC, 0x00E1, 0x00E0, 0x00E2, 0x00E4, 0x06BA,
    0x0000, 0x00E7, 0x00E9, 0x00E8, 0x00EA, 0x00EB, 0x00ED, 0x0000, 0x00EE, 0x00EF, 0x00F1, 0x00F3,
    0x0000, 0x00F4, 0x00F6, 0x0000, 0x00FA, 0x00F9, 0x00FB, 0x00FC, 0x0000, 0x0000, 0x0000, 0x0000,
    0x0000, 0x066A, 0x0000, 0x0000, 0x0000, 0x0000, 0x0000, 0x0000, 0x060C, 0x0000, 0x0000, 0x0000,
    0x0000, 0x0000, 0x0000, 0x0000, 0x0000, 0x0000, 0x0000, 0x0000, 0x0000, 0x0000, 0x0000, 0x061B,
    0x0000, 0x0000, 0x0000, 0x061F, 0x0000, 0x0621, 0x0622, 0x0623, 0x0624, 0x0625, 0x0626, 0x0627,
    0x0628, 0x0629, 0x062A, 0x062B, 0x062C, 0x062D, 0x062E, 0x062F, 0x0630, 0x0631, 0x0632, 0x0633,
    0x0634, 0x0635, 0x0636, 0x0637, 0x0638, 0x0639, 0x063A, 0x0000, 0x0000, 0x0000, 0x0000, 0x0000,
    0x0640, 0x0641, 0x0642, 0x0643, 0x0644, 0x0645, 0x0646, 0x0647, 0x0648, 0x0649, 0x064A, 0x064B,
    0x064C, 0x064D, 0x064E, 0x064F, 0x0650, 0x0651, 0x0652, 0x067E, 0x0679, 0x0686, 0x06D5, 0x06A4,
    0x06AF, 0x0688, 0x0691, 0x0000, 0x0000, 0x0000, 0x0698, 0x06D2,
];
#[cfg(feature = "mac")]
#[rustfmt::skip]
pub static X_MAC_ARABIC_ENCODE_CODE_POINTS: [u16; 86] = [
    0x00C4, 0x00C7, 0x00C9, 0x00D1, 0x00D6, 0x00DC, 0x00E0, 0x00E1, 0x00E2, 0x00E4, 0x00E7, 0x00E8,
    0x00E9, 0x00EA, 0x00EB, 0x00ED, 0x00EE, 0x00EF, 0x00F1, 0x00F3, 0x00F4, 0x00F6, 0x00F9, 0x00FA,
    0x00FB, 0x00FC, 0x060C, 0x061B, 0x061F, 0x0621, 0x0622, 0x0623, 0x0624, 0x0625, 0x0626, 0x0627,
    0x0628, 0x0629, 0x062A, 0x062B, 0x062C, 0x062D, 0x062E, 0x062F, 0x0630, 0x0631, 0x0632, 0x0633,
    0x0634, 0x0635, 0x0636, 0x0637, 0x0638, 0x0639, 0x063A, 0x0640, 0x0641, 0x0642, 0x0643, 0x0644,
    0x0645, 0x0646, 0x0647, 0x0648, 0x0649, 0x064A, 0x064B, 0x064C, 0x064D, 0x064E, 0x064F, 0x0650,
    0x0651, 0x0652, 0x066A, 0x0679, 0x067E, 0x0686, 0x0688, 0x0691, 0x0698, 0x06A4, 0x06AF, 0x06BA,
    0x06D2, 0x06D5,
];
#[cfg(feature = "mac")]
#[rustfmt::skip]
pub static X_MAC_ARABIC_ENCODE_BYTES: [u8; 86] = [
    0x80, 0x82, 0x83, 0x84, 0x85, 0x86, 0x88, 0x87, 0x89, 0x8A, 0x8D, 0x8F, 0x8E, 0x90, 0x91, 0x92,
    0x94, 0x95, 0x96, 0x97, 0x99, 0x9A, 0x9D, 0x9C, 0x9E, 0x9F, 0xAC, 0xBB, 0xBF, 0xC1, 0xC2, 0xC3,
    0xC4, 0xC5, 0xC6, 0xC7, 0xC8, 0xC9, 0xCA, 0xCB, 0xCC, 0xCD, 0xCE, 0xCF, 0xD0, 0xD1, 0xD2, 0xD3,
    0xD4, 0xD5, 0xD6, 0xD7, 0xD8, 0xD9, 0xDA, 0xE0, 0xE1, 0xE2, 0xE3, 0xE4, 0xE5, 0xE6, 0xE7, 0xE8,
    0xE9, 0xEA, 0xEB, 0xEC, 0xED, 0xEE, 0xEF, 0xF0, 0xF1, 0xF2, 0xA5, 0xF4, 0xF3, 0xF5, 0xF9, 0xFA,
    0xFE, 0xF7, 0xF8, 0x8B, 0xFF, 0xF6,
];

/// x-mac-celtic (CELTIC.TXT)
#[cfg(feature = "mac")]
#[rustfmt::skip]
pub static X_MAC_CELTIC_DECODE: [u16; 128] = [
    0x00C4, 0x00C5, 0x00C7, 0x00C9, 0x00D1, 0x00D6, 0x00DC, 0x00E1, 0x00E0, 0x00E2, 0x00E4, 0x00E3,
    0x00E5, 0x00E7, 0x00E9, 0x00E8, 0x00EA, 0x00EB, 0x00ED, 0x00EC, 0x00EE, 0x00EF, 0x00F1, 0x00F3,
    0x00F2, 0x00F4, 0x00F6, 0x00F5, 0x00FA, 0x00F9, 0x00FB, 0x00FC, 0x2020, 0x00B0, 0x00A2, 0x00A3,
    0x00A7, 0x2022, 0x00B6, 0x00DF, 0x00AE, 0x00A9, 0x2122, 0x00B4, 0x00A8, 0x2260, 0x00C6, 0x00D8,
    0x221E, 0x00B1, 0x2264, 0x2265, 0x00A5, 0x00B5, 0x2202, 0x2211, 0x220F, 0x03C0, 0x222B, 0x00AA,
    0x00BA, 0x03A9, 0x00E6, 0x00F8, 0x00BF, 0x00A1, 0x00AC, 0x221A, 0x0192, 0x2248, 0x2206, 0x00AB,
    0x00BB, 0x2026, 0x00A0, 0x00C0, 0x00C3, 0x00D5, 0x0152, 0x0153, 0x2013, 0x2014, 0x201C, 0x201D,
    0x2018, 0x2019, 0x00F7, 0x25CA, 0x00FF, 0x0178, 0x2044, 0x20AC, 0x2039, 0x203A, 0x0176, 0x0177,
    0x2021, 0x00B7, 0x1EF2, 0x1EF3, 0x2030, 0x00C2, 0x00CA, 0x00C1, 0x00CB, 0x00C8, 0x00CD, 0x00CE,
    0x00CF, 0x00CC, 0x00D3, 0x00D4, 0x2663, 0x00D2, 0x00DA, 0x00DB, 0x00D9, 0x0131, 0x00DD, 0x00FD,
    0x0174, 0x0175, 0x1E84, 0x1E85, 0x1E80, 0x1E81, 0x1E82, 0x1E83,
];
#[cfg(feature = "mac")]
#[rustfmt::skip]
pub static X_MAC_CELTIC_ENCODE_CODE_POINTS: [u16; 128] = [
    0x00A0, 0x00A1, 0x00A2, 0x00A3, 0x00A5, 0x00A7, 0x00A8, 0x00A9, 0x00AA, 0x00AB, 0x00AC, 0x00AE,
    0x00B0, 0x00B1, 0x00B4, 0x00B5, 0x00B6, 0x00B7, 0x00BA, 0x00BB, 0x00BF, 0x00C0, 0x00C1, 0x00C2,
    0x00C3, 0x00C4, 0x00C5, 0x00C6, 0x00C7, 0x00C8, 0x00C9, 0x00CA, 0x00CB, 0x00CC, 0x00CD, 0x00CE,
    0x00CF, 0x00D1, 0x00D2, 0x00D3, 0x00D4, 0x00D5, 0x00D6, 0x00D8, 0x00D9, 0x00DA, 0x00DB, 0x00DC,
    0x00DD, 0x00DF, 0x00E0, 0x00E1, 0x00E2, 0x00E3, 0x00E4, 0x00E5, 0x00E6, 0x00E7, 0x00E8, 0x00E9,
    0x00EA, 0x00EB, 0x00EC, 0x00ED, 0x00EE, 0x00EF, 0x00F1, 0x00F2, 0x00F3, 0x00F4, 0x00F5, 0x00F6,
    0x00F7, 0x00F8, 0x00F9, 0x00FA, 0x00FB, 0x00FC, 0x00FD, 0x00FF, 0x0131, 0x0152, 0x0153, 0x0174,
    0x0175, 0x0176, 0x0177, 0x0178, 0x0192, 0x03A9, 0x03C0, 0x1E80, 0x1E81, 0x1E82, 0x1E83, 0x1E84,
    0x1E85, 0x1EF2, 0x1EF3, 0x2013, 0x2014, 0x2018, 0x2019, 0x201C, 0x201D, 0x2020, 0x2021, 0x2022,
    0x2026, 0x2030, 0x2039, 0x203A, 0x2044, 0x20AC, 0x2122, 0x2202, 0x2206, 0x220F, 0x2211, 0x221A,
    0x221E, 0x222B, 0x2248, 0x2260, 0x2264, 0x2265, 0x25CA, 0x2663,
];
#[cfg(feature = "mac")]
#[rustfmt::skip]
pub static X_MAC_CELTIC_ENCODE_BYTES: [u8; 128] = [
    0xCA, 0xC1, 0xA2, 0xA3, 0xB4, 0xA4, 0xAC, 0xA9, 0xBB, 0xC7, 0xC2, 0xA8, 0xA1, 0xB1, 0xAB, 0xB5,
    0xA6, 0xE1, 0xBC, 0xC8, 0xC0, 0xCB, 0xE7, 0xE5, 0xCC, 0x80, 0x81, 0xAE, 0x82, 0xE9, 0x83, 0xE6,
    0xE8, 0xED, 0xEA, 0xEB, 0xEC, 0x84, 0xF1, 0xEE, 0xEF, 0xCD, 0x85, 0xAF, 0xF4, 0xF2, 0xF3, 0x86,
    0xF6, 0xA7, 0x88, 0x87, 0x89, 0x8B, 0x8A, 0x8C, 0xBE, 0x8D, 0x8F, 0x8E, 0x90, 0x91, 0x93, 0x92,
    0x94, 0x95, 0x96, 0x98, 0x97, 0x99, 0x9B, 0x9A, 0xD6, 0xBF, 0x9D, 0x9C, 0x9E, 0x9F, 0xF7, 0xD8,
    0xF5, 0xCE, 0xCF, 0xF8, 0xF9, 0xDE, 0xDF, 0xD9, 0xC4, 0xBD, 0xB9, 0xFC, 0xFD, 0xFE, 0xFF, 0xFA,
    0xFB, 0xE2, 0xE3, 0xD0, 0xD1, 0xD4, 0xD5, 0xD2, 0xD3, 0xA0, 0xE0, 0xA5, 0xC9, 0xE4, 0xDC, 0xDD,
    0xDA, 0xDB, 0xAA, 0xB6, 0xC6, 0xB8, 0xB7, 0xC3, 0xB0, 0xBA, 0xC5, 0xAD, 0xB2, 0xB3, 0xD7, 0xF0,
];

/// x-mac-centraleurroman (CENTEURO.TXT)
#[cfg(feature = "mac")]
#[rustfmt::skip]
pub static X_MAC_CENTRALEURROMAN_DECODE: [u16; 128] = [
    0x00C4, 0x0100, 0x0101, 0x00C9, 0x0104, 0x00D6, 0x00DC, 0x00E1, 0x0105, 0x010C, 0x00E4, 0x010D,
    0x0106, 0x0107, 0x00E9, 0x0179, 0x017A, 0x010E, 0x00ED, 0x010F, 0x0112, 0x0113, 0x0116, 0x00F3,
    0x0117, 0x00F4, 0x00F6, 0x00F5, 0x00FA, 0x011A, 0x011B, 0x00FC, 0x2020, 0x00B0, 0x0118, 0x00A3,
    0x00A7, 0x2022, 0x00B6, 0x00DF, 0x00AE, 0x00A9, 0x2122, 0x0119, 0x00A8, 0x2260, 0x0123, 0x012E,
    0x012F, 0x012A, 0x2264, 0x2265, 0x012B, 0x0136, 0x2202, 0x2211, 0x0142, 0x013B, 0x013C, 0x013D,
    0x013E, 0x0139, 0x013A, 0x0145, 0x0146, 0x0143, 0x00AC, 0x221A, 0x0144, 0x0147, 0x2206, 0x00AB,
    0x00BB, 0x2026, 0x00A0, 0x0148, 0x0150, 0x00D5, 0x0151, 0x014C, 0x2013, 0x2014, 0x201C, 0x201D,
    0x2018, 0x2019, 0x00F7, 0x25CA, 0x014D, 0x0154, 0x0155, 0x0158, 0x2039, 0x203A, 0x0159, 0x0156,
    0x0157, 0x0160, 0x201A, 0x201E, 0x0161, 0x015A, 0x015B, 0x00C1, 0x0164, 0x0165, 0x00CD, 0x017D,
    0x017E, 0x016A, 0x00D3, 0x00D4, 0x016B, 0x016E, 0x00DA, 0x016F, 0x0170, 0x0171, 0x0172, 0x0173,
    0x00DD, 0x00FD, 0x0137, 0x017B, 0x0141, 0x017C, 0x0122, 0x02C7,
];
#[cfg(feature = "mac")]
#[rustfmt::skip]
pub static X_MAC_CENTRALEURROMAN_ENCODE_CODE_POINTS: [u16; 128] = [
    0x00A0, 0x00A3, 0x00A7, 0x00A8, 0x00A9, 0x00AB, 0x00AC, 0x00AE, 0x00B0, 0x00B6, 0x00BB, 0x00C1,
    0x00C4, 0x00C9, 0x00CD, 0x00D3, 0x00D4, 0x00D5, 0x00D6, 0x00DA, 0x00DC, 0x00DD, 0x00DF, 0x00E1,
    0x00E4, 0x00E9, 0x00ED, 0x00F3, 0x00F4, 0x00F5, 0x00F6, 0x00F7, 0x00FA, 0x00FC, 0x00FD, 0x0100,
    0x0101, 0x0104, 0x0105, 0x0106, 0x0107, 0x010C, 0x010D, 0x010E, 0x010F, 0x0112, 0x0113, 0x0116,
    0x0117, 0x0118, 0x0119, 0x011A, 0x011B, 0x0122, 0x0123, 0x012A, 0x012B, 0x012E, 0x012F, 0x0136,
    0x0137, 0x0139, 0x013A, 0x013B, 0x013C, 0x013D, 0x013E, 0x0141, 0x0142, 0x0143, 0x0144, 0x0145,
    0x0146, 0x0147, 0x0148, 0x014C, 0x014D, 0x0150, 0x0151, 0x0154, 0x0155, 0x0156, 0x0157, 0x0158,
    0x0159, 0x015A, 0x015B, 0x0160, 0x0161, 0x0164, 0x0165, 0x016A, 0x016B, 0x016E, 0x016F, 0x0170,
    0x0171, 0x0172, 0x0173, 0x0179, 0x017A, 0x017B, 0x017C, 0x017D, 0x017E, 0x02C7, 0x2013, 0x2014,
    0x2018, 0x2019, 0x201A, 0x201C, 0x201D, 0x201E, 0x2020, 0x2022, 0x2026, 0x2039, 0x203A, 0x2122,
    0x2202, 0x2206, 0x2211, 0x221A, 0x2260, 0x2264, 0x2265, 0x25CA,
];
#[cfg(feature = "mac")]
#[rustfmt::skip]
pub static X_MAC_CENTRALEURROMAN_ENCODE_BYTES: [u8; 128] = [
    0xCA, 0xA3, 0xA4, 0xAC, 0xA9, 0xC7, 0xC2, 0xA8, 0xA1, 0xA6, 0xC8, 0xE7, 0x80, 0x83, 0xEA, 0xEE,
    0xEF, 0xCD, 0x85, 0xF2, 0x86, 0xF8, 0xA7, 0x87, 0x8A, 0x8E, 0x92, 0x97, 0x99, 0x9B, 0x9A, 0xD6,
    0x9C, 0x9F, 0xF9, 0x81, 0x82, 0x84, 0x88, 0x8C, 0x8D, 0x89, 0x8B, 0x91, 0x93, 0x94, 0x95, 0x96,
    0x98, 0xA2, 0xAB, 0x9D, 0x9E, 0xFE, 0xAE, 0xB1, 0xB4, 0xAF, 0xB0, 0xB5, 0xFA, 0xBD, 0xBE, 0xB9,
    0xBA, 0xBB, 0xBC, 0xFC, 0xB8, 0xC1, 0xC4, 0xBF, 0xC0, 0xC5, 0xCB, 0xCF, 0xD8, 0xCC, 0xCE, 0xD9,
    0xDA, 0xDF, 0xE0, 0xDB, 0xDE, 0xE5, 0xE6, 0xE1, 0xE4, 0xE8, 0xE9, 0xED, 0xF0, 0xF1, 0xF3, 0xF4,
    0xF5, 0xF6, 0xF7, 0x8F, 0x90, 0xFB, 0xFD, 0xEB, 0xEC, 0xFF, 0xD0, 0xD1, 0xD4, 0xD5, 0xE2, 0xD2,
    0xD3, 0xE3, 0xA0, 0xA5, 0xC9, 0xDC, 0xDD, 0xAA, 0xB6, 0xC6, 0xB7, 0xC3, 0xAD, 0xB2, 0xB3, 0xD7,
];

/// x-mac-croatian (CROATIAN.TXT)
#[cfg(feature = "mac")]
#[rustfmt::skip]
pub static X_MAC_CROATIAN_DECODE: [u16; 128] = [
    0x00C4, 0x00C5, 0x00C7, 0x00C9, 0x00D1, 0x00D6, 0x00DC, 0x00E1, 0x00E0, 0x00E2, 0x00E4, 0x00E3,
    0x00E5, 0x00E7, 0x00E9, 0x00E8, 0x00EA, 0x00EB, 0x00ED, 0x00EC, 0x00EE, 0x00EF, 0x00F1, 0x00F3,
    0x00F2, 0x00F4, 0x00F6, 0x00F5, 0x00FA, 0x00F9, 0x00FB, 0x00FC, 0x2020, 0x00B0, 0x00A2, 0x00A3,
    0x00A7, 0x2022, 0x00B6, 0x00DF, 0x00AE, 0x0160, 0x2122, 0x00B4, 0x00A8, 0x2260, 0x017D, 0x00D8,
    0x221E, 0x00B1, 0x2264, 0x2265, 0x2206, 0x00B5, 0x2202, 0x2211, 0x220F, 0x0161, 0x222B, 0x00AA,
    0x00BA, 0x03A9, 0x017E, 0x00F8, 0x00BF, 0x00A1, 0x00AC, 0x221A, 0x0192, 0x2248, 0x0106, 0x00AB,
    0x010C, 0x2026, 0x00A0, 0x00C0, 0x00C3, 0x00D5, 0x0152, 0x0153, 0x0110, 0x2014, 0x201C, 0x201D,
    0x2018, 0x2019, 0x00F7, 0x25CA, 0xF8FF, 0x00A9, 0x2044, 0x20AC, 0x2039, 0x203A, 0x00C6, 0x00BB,
    0x2013, 0x00B7, 0x201A, 0x201E, 0x2030, 0x00C2, 0x0107, 0x00C1, 0x010D, 0x00C8, 0x00CD, 0x00CE,
    0x00CF, 0x00CC, 0x00D3, 0x00D4, 0x0111, 0x00D2, 0x00DA, 0x00DB, 0x00D9, 0x0131, 0x02C6, 0x02DC,
    0x00AF, 0x03C0, 0x00CB, 0x02DA, 0x00B8, 0x00CA, 0x00E6, 0x02C7,
];
#[cfg(feature = "mac")]
#[rustfmt::skip]
pub static X_MAC_CROATIAN_ENCODE_CODE_POINTS: [u16; 128] = [
    0x00A0, 0x00A1, 0x00A2, 0x00A3, 0x00A7, 0x00A8, 0x00A9, 0x00AA, 0x00AB, 0x00AC, 0x00AE, 0x00AF,
    0x00B0, 0x00B1, 0x00B4, 0x00B5, 0x00B6, 0x00B7, 0x00B8, 0x00BA, 0x00BB, 0x00BF, 0x00C0, 0x00C1,
    0x00C2, 0x00C3, 0x00C4, 0x00C5, 0x00C6, 0x00C7, 0x00C8, 0x00C9, 0x00CA, 0x00CB, 0x00CC, 0x00CD,
    0x00CE, 0x00CF, 0x00D1, 0x00D2, 0x00D3, 0x00D4, 0x00D5, 0x00D6, 0x00D8, 0x00D9, 0x00DA, 0x00DB,
    0x00DC, 0x00DF, 0x00E0, 0x00E1, 0x00E2, 0x00E3, 0x00E4, 0x00E5, 0x00E6, 0x00E7, 0x00E8, 0x00E9,
    0x00EA, 0x00EB, 0x00EC, 0x00ED, 0x00EE, 0x00EF, 0x00F1, 0x00F2, 0x00F3, 0x00F4, 0x00F5, 0x00F6,
    0x00F7, 0x00F8, 0x00F9, 0x00FA, 0x00FB, 0x00FC, 0x0106, 0x0107, 0x010C, 0x010D, 0x0110, 0x0111,
    0x0131, 0x0152, 0x0153, 0x0160, 0x0161, 0x017D, 0x017E, 0x0192, 0x02C6, 0x02C7, 0x02DA, 0x02DC,
    0x03A9, 0x03C0, 0x2013, 0x2014, 0x2018, 0x2019, 0x201A, 0x201C, 0x201D, 0x201E, 0x2020, 0x2022,
    0x2026, 0x2030, 0x2039, 0x203A, 0x2044, 0x20AC, 0x2122, 0x2202, 0x2206, 0x220F, 0x2211, 0x221A,
    0x221E, 0x222B, 0x2248, 0x2260, 0x2264, 0x2265, 0x25CA, 0xF8FF,
];
#[cfg(feature = "mac")]
#[rustfmt::skip]
pub static X_MAC_CROATIAN_ENCODE_BYTES: [u8; 128] = [
    0xCA, 0xC1, 0xA2, 0xA3, 0xA4, 0xAC, 0xD9, 0xBB, 0xC7, 0xC2, 0xA8, 0xF8, 0xA1, 0xB1, 0xAB, 0xB5,
    0xA6, 0xE1, 0xFC, 0xBC, 0xDF, 0xC0, 0xCB, 0xE7, 0xE5, 0xCC, 0x80, 0x81, 0xDE, 0x82, 0xE9, 0x83,
    0xFD, 0xFA, 0xED, 0xEA, 0xEB, 0xEC, 0x84, 0xF1, 0xEE, 0xEF, 0xCD, 0x85, 0xAF, 0xF4, 0xF2, 0xF3,
    0x86, 0xA7, 0x88, 0x87, 0x89, 0x8B, 0x8A, 0x8C, 0xFE, 0x8D, 0x8F, 0x8E, 0x90, 0x91, 0x93, 0x92,
    0x94, 0x95, 0x96, 0x98, 0x97, 0x99, 0x9B, 0x9A, 0xD6, 0xBF, 0x9D, 0x9C, 0x9E, 0x9F, 0xC6, 0xE6,
    0xC8, 0xE8, 0xD0, 0xF0, 0xF5, 0xCE, 0xCF, 0xA9, 0xB9, 0xAE, 0xBE, 0xC4, 0xF6, 0xFF, 0xFB, 0xF7,
    0xBD, 0xF9, 0xE0, 0xD1, 0xD4, 0xD5, 0xE2, 0xD2, 0xD3, 0xE3, 0xA0, 0xA5, 0xC9, 0xE4, 0xDC, 0xDD,
    0xDA, 0xDB, 0xAA, 0xB6, 0xB4, 0xB8, 0xB7, 0xC3, 0xB0, 0xBA, 0xC5, 0xAD, 0xB2, 0xB3, 0xD7, 0xD8,
];

/// x-mac-farsi (FARSI.TXT)
#[cfg(feature = "mac")]
#[rustfmt::skip]
pub static X_MAC_FARSI_DECODE: [u16; 128] = [
    0x00C4, 0x0000, 0x00C7, 0x00C9, 0x00D1, 0x00D6, 0x00DC, 0x00E1, 0x00E0, 0x00E2, 0x00E4, 0x06BA,
    0x0000, 0x00E7, 0x00E9, 0x00E8, 0x00EA, 0x00EB, 0x00ED, 0x0000, 0x00EE, 0x00EF, 0x00F1, 0x00F3,
    0x0000, 0x00F4, 0x00F6, 0x0000, 0x00FA, 0x00F9, 0x00FB, 0x00FC, 0x0000, 0x0000, 0x0000, 0x0000,
    0x0000, 0x066A, 0x0000, 0x0000, 0x0000, 0x0000, 0x0000, 0x0000, 0x060C, 0x0000, 0x0000, 0x0000,
    0x0000, 0x0000, 0x0000, 0x0000, 0x0000, 0x0000, 0x0000, 0x0000, 0x0000, 0x0000, 0x0000, 0x061B,
    0x0000, 0x0000, 0x0000, 0x061F, 0x0000, 0x0621, 0x0622, 0x0623, 0x0624, 0x0625, 0x0626, 0x0627,
    0x0628, 0x0629, 0x062A, 0x062B, 0x062C, 0x062D, 0x062E, 0x062F, 0x0630, 0x0631, 0x0632, 0x0633,
    0x0634, 0x0635, 0x0636, 0x0637, 0x0638, 0x0639, 0x063A, 0x0000, 0x0000, 0x0000, 0x0000, 0x0000,
    0x0640, 0x0641, 0x0642, 0x0643, 0x0644, 0x0645, 0x0646, 0x0647, 0x0648, 0x0649, 0x064A, 0x064B,
    0x064C, 0x064D, 0x064E, 0x064F, 0x0650, 0x0651, 0x0652, 0x067E, 0x0679, 0x0686, 0x06D5, 0x06A4,
    0x06AF, 0x0688, 0x0691, 0x0000, 0x0000, 0x0000, 0x0698, 0x06D2,
];
#[cfg(feature = "mac")]
#[rustfmt::skip]
pub static X_MAC_FARSI_ENCODE_CODE_POINTS: [u16; 86] = [
    0x00C4, 0x00C7, 0x00C9, 0x00D1, 0x00D6, 0x00DC, 0x00E0, 0x00E1, 0x00E2, 0x00E4, 0x00E7, 0x00E8,
    0x00E9, 0x00EA, 0x00EB, 0x00ED, 0x00EE, 0x00EF, 0x00F1, 0x00F3, 0x00F4, 0x00F6, 0x00F9, 0x00FA,
    0x00FB, 0x00FC, 0x060C, 0x061B, 0x061F, 0x0621, 0x0622, 0x0623, 0x0624, 0x0625, 0x0626, 0x0627,
    0x0628, 0x0629, 0x062A, 0x062B, 0x062C, 0x062D, 0x062E, 0x062F, 0x0630, 0x0631, 0x0632, 0x0633,
    0x0634, 0x0635, 0x0636, 0x0637, 0x0638, 0x0639, 0x063A, 0x0640, 0x0641, 0x0642, 0x0643, 0x0644,
    0x0645, 0x0646, 0x0647, 0x0648, 0x0649, 0x064A, 0x064B, 0x064C, 0x064D, 0x064E, 0x064F, 0x0650,
    0x0651, 0x0652, 0x066A, 0x0679, 0x067E, 0x0686, 0x0688, 0x0691, 0x0698, 0x06A4, 0x06AF, 0x06BA,
    0x06D2, 0x06D5,
];
#[cfg(feature = "mac")]
#[rustfmt::skip]
pub static X_MAC_FARSI_ENCODE_BYTES: [u8; 86] = [
    0x80, 0x82, 0x83, 0x84, 0x85, 0x86, 0x88, 0x87, 0x89, 0x8A, 0x8D, 0x8F, 0x8E, 0x90, 0x91, 0x92,
    0x94, 0x95, 0x96, 0x97, 0x99, 0x9A, 0x9D, 0x9C, 0x9E, 0x9F, 0xAC, 0xBB, 0xBF, 0xC1, 0xC2, 0xC3,
    0xC4, 0xC5, 0xC6, 0xC7, 0xC8, 0xC9, 0xCA, 0xCB, 0xCC, 0xCD, 0xCE, 0xCF, 0xD0, 0xD1, 0xD2, 0xD3,
    0xD4, 0xD5, 0xD6, 0xD7, 0xD8, 0xD9, 0xDA, 0xE0, 0xE1, 0xE2, 0xE3, 0xE4, 0xE5, 0xE6, 0xE7, 0xE8,
    0xE9, 0xEA, 0xEB, 0xEC, 0xED, 0xEE, 0xEF, 0xF0, 0xF1, 0xF2, 0xA5, 0xF4, 0xF3, 0xF5, 0xF9, 0xFA,
    0xFE, 0xF7, 0xF8, 0x8B, 0xFF, 0xF6,
];

/// x-mac-gaelic (GAELIC.TXT)
#[cfg(feature = "mac")]
#[rustfmt::skip]
pub static X_MAC_GAELIC_DECODE: [u16; 128] = [
    0x00C4, 0x00C5, 0x00C7, 0x00C9, 0x00D1, 0x00D6, 0x00DC, 0x00E1, 0x00E0, 0x00E2, 0x00E4, 0x00E3,
    0x00E5, 0x00E7, 0x00E9, 0x00E8, 0x00EA, 0x00EB, 0x00ED, 0x00EC, 0x00EE, 0x00EF, 0x00F1, 0x00F3,
    0x00F2, 0x00F4, 0x00F6, 0x00F5, 0x00FA, 0x00F9, 0x00FB, 0x00FC, 0x2020, 0x00B0, 0x00A2, 0x00A3,
    0x00A7, 0x2022, 0x00B6, 0x00DF, 0x00AE, 0x00A9, 0x2122, 0x00B4, 0x00A8, 0x2260, 0x00C6, 0x00D8,
    0x1E02, 0x00B1, 0x2264, 0x2265, 0x1E03, 0x010A, 0x010B, 0x1E0A, 0x1E0B, 0x1E1E, 0x1E1F, 0x0120,
    0x0121, 0x1E40, 0x00E6, 0x00F8, 0x1E41, 0x1E56, 0x1E57, 0x027C, 0x0192, 0x017F, 0x1E60, 0x00AB,
    0x00BB, 0x2026, 0x00A0, 0x00C0, 0x00C3, 0x00D5, 0x0152, 0x0153, 0x2013, 0x2014, 0x201C, 0x201D,
    0x2018, 0x2019, 0x1E61, 0x1E9B, 0x00FF, 0x0178, 0x1E6A, 0x20AC, 0x2039, 0x203A, 0x0176, 0x0177,
    0x1E6B, 0x00B7, 0x1EF2, 0x1EF3, 0x204A, 0x00C2, 0x00CA, 0x00C1, 0x00CB, 0x00C8, 0x00CD, 0x00CE,
    0x00CF, 0x00CC, 0x00D3, 0x00D4, 0x2663, 0x00D2, 0x00DA, 0x00DB, 0x00D9, 0x0131, 0x00DD, 0x00FD,
    0x0174, 0x0175, 0x1E84, 0x1E85, 0x1E80, 0x1E81, 0x1E82, 0x1E83,
];
#[cfg(feature = "mac")]
#[rustfmt::skip]
pub static X_MAC_GAELIC_ENCODE_CODE_POINTS: [u16; 128] = [
    0x00A0, 0x00A2, 0x00A3, 0x00A7, 0x00A8, 0x00A9, 0x00AB, 0x00AE, 0x00B0, 0x00B1, 0x00B4, 0x00B6,
    0x00B7, 0x00BB, 0x00C0, 0x00C1, 0x00C2, 0x00C3, 0x00C4, 0x00C5, 0x00C6, 0x00C7, 0x00C8, 0x00C9,
    0x00CA, 0x00CB, 0x00CC, 0x00CD, 0x00CE, 0x00CF, 0x00D1, 0x00D2, 0x00D3, 0x00D4, 0x00D5, 0x00D6,
    0x00D8, 0x00D9, 0x00DA, 0x00DB, 0x00DC, 0x00DD, 0x00DF, 0x00E0, 0x00E1, 0x00E2, 0x00E3, 0x00E4,
    0x00E5, 0x00E6, 0x00E7, 0x00E8, 0x00E9, 0x00EA, 0x00EB, 0x00EC, 0x00ED, 0x00EE, 0x00EF, 0x00F1,
    0x00F2, 0x00F3, 0x00F4, 0x00F5, 0x00F6, 0x00F8, 0x00F9, 0x00FA, 0x00FB, 0x00FC, 0x00FD, 0x00FF,
    0x010A, 0x010B, 0x0120, 0x0121, 0x0131, 0x0152, 0x0153, 0x0174, 0x0175, 0x0176, 0x0177, 0x0178,
    0x017F, 0x0192, 0x027C, 0x1E02, 0x1E03, 0x1E0A, 0x1E0B, 0x1E1E, 0x1E1F, 0x1E40, 0x1E41, 0x1E56,
    0x1E57, 0x1E60, 0x1E61, 0x1E6A, 0x1E6B, 0x1E80, 0x1E81, 0x1E82, 0x1E83, 0x1E84, 0x1E85, 0x1E9B,
    0x1EF2, 0x1EF3, 0x2013, 0x2014, 0x2018, 0x2019, 0x201C, 0x201D, 0x2020, 0x2022, 0x2026, 0x2039,
    0x203A, 0x204A, 0x20AC, 0x2122, 0x2260, 0x2264, 0x2265, 0x2663,
];
#[cfg(feature = "mac")]
#[rustfmt::skip]
pub static X_MAC_GAELIC_ENCODE_BYTES: [u8; 128] = [
    0xCA, 0xA2, 0xA3, 0xA4, 0xAC, 0xA9, 0xC7, 0xA8, 0xA1, 0xB1, 0xAB, 0xA6, 0xE1, 0xC8, 0xCB, 0xE7,
    0xE5, 0xCC, 0x80, 0x81, 0xAE, 0x82, 0xE9, 0x83, 0xE6, 0xE8, 0xED, 0xEA, 0xEB, 0xEC, 0x84, 0xF1,
    0xEE, 0xEF, 0xCD, 0x85, 0xAF, 0xF4, 0xF2, 0xF3, 0x86, 0xF6, 0xA7, 0x88, 0x87, 0x89, 0x8B, 0x8A,
    0x8C, 0xBE, 0x8D, 0x8F, 0x8E, 0x90, 0x91, 0x93, 0x92, 0x94, 0x95, 0x96, 0x98, 0x97, 0x99, 0x9B,
    0x9A, 0xBF, 0x9D, 0x9C, 0x9E, 0x9F, 0xF7, 0xD8, 0xB5, 0xB6, 0xBB, 0xBC, 0xF5, 0xCE, 0xCF, 0xF8,
    0xF9, 0xDE, 0xDF, 0xD9, 0xC5, 0xC4, 0xC3, 0xB0, 0xB4, 0xB7, 0xB8, 0xB9, 0xBA, 0xBD, 0xC0, 0xC1,
    0xC2, 0xC6, 0xD6, 0xDA, 0xE0, 0xFC, 0xFD, 0xFE, 0xFF, 0xFA, 0xFB, 0xD7, 0xE2, 0xE3, 0xD0, 0xD1,
    0xD4, 0xD5, 0xD2, 0xD3, 0xA0, 0xA5, 0xC9, 0xDC, 0xDD, 0xE4, 0xDB, 0xAA, 0xAD, 0xB2, 0xB3, 0xF0,
];

/// x-mac-greek (GREEK.TXT)
#[cfg(feature = "mac")]
#[rustfmt::skip]
pub static X_MAC_GREEK_DECODE: [u16; 128] = [
    0x00C4, 0x00B9, 0x00B2, 0x00C9, 0x00B3, 0x00D6, 0x00DC, 0x0385, 0x00E0, 0x00E2, 0x00E4, 0x0384,
    0x00A8, 0x00E7, 0x00E9, 0x00E8, 0x00EA, 0x00EB, 0x00A3, 0x2122, 0x00EE, 0x00EF, 0x2022, 0x00BD,
    0x2030, 0x00F4, 0x00F6, 0x00A6, 0x20AC, 0x00F9, 0x00FB, 0x00FC, 0x2020, 0x0393, 0x0394, 0x0398,
    0x039B, 0x039E, 0x03A0, 0x00DF, 0x00AE, 0x00A9, 0x03A3, 0x03AA, 0x00A7, 0x2260, 0x00B0, 0x00B7,
    0x0391, 0x00B1, 0x2264, 0x2265, 0x00A5, 0x0392, 0x0395, 0x0396, 0x0397, 0x0399, 0x039A, 0x039C,
    0x03A6, 0x03AB, 0x03A8, 0x03A9, 0x03AC, 0x039D, 0x00AC, 0x039F, 0x03A1, 0x2248, 0x03A4, 0x00AB,
    0x00BB, 0x2026, 0x00A0, 0x03A5, 0x03A7, 0x0386, 0x0388, 0x0153, 0x2013, 0x2015, 0x201C, 0x201D,
    0x2018, 0x2019, 0x00F7, 0x0389, 0x038A, 0x038C, 0x038E, 0x03AD, 0x03AE, 0x03AF, 0x03CC, 0x038F,
    0x03CD, 0x03B1, 0x03B2, 0x03C8, 0x03B4, 0x03B5, 0x03C6, 0x03B3, 0x03B7, 0x03B9, 0x03BE, 0x03BA,
    0x03BB, 0x03BC, 0x03BD, 0x03BF, 0x03C0, 0x03CE, 0x03C1, 0x03C3, 0x03C4, 0x03B8, 0x03C9, 0x03C2,
    0x03C7, 0x03C5, 0x03B6, 0x03CA, 0x03CB, 0x0390, 0x03B0, 0x00AD,
];
#[cfg(feature = "mac")]
#[rustfmt::skip]
pub static X_MAC_GREEK_ENCODE_CODE_POINTS: [u16; 128] = [
    0x00A0, 0x00A3, 0x00A5, 0x00A6, 0x00A7, 0x00A8, 0x00A9, 0x00AB, 0x00AC, 0x00AD, 0x00AE, 0x00B0,
    0x00B1, 0x00B2, 0x00B3, 0x00B7, 0x00B9, 0x00BB, 0x00BD, 0x00C4, 0x00C9, 0x00D6, 0x00DC, 0x00DF,
    0x00E0, 0x00E2, 0x00E4, 0x00E7, 0x00E8, 0x00E9, 0x00EA, 0x00EB, 0x00EE, 0x00EF, 0x00F4, 0x00F6,
    0x00F7, 0x00F9, 0x00FB, 0x00FC, 0x0153, 0x0384, 0x0385, 0x0386, 0x0388, 0x0389, 0x038A, 0x038C,
    0x038E, 0x038F, 0x0390, 0x0391, 0x0392, 0x0393, 0x0394, 0x0395, 0x0396, 0x0397, 0x0398, 0x0399,
    0x039A, 0x039B, 0x039C, 0x039D, 0x039E, 0x039F, 0x03A0, 0x03A1, 0x03A3, 0x03A4, 0x03A5, 0x03A6,
    0x03A7, 0x03A8, 0x03A9, 0x03AA, 0x03AB, 0x03AC, 0x03AD, 0x03AE, 0x03AF, 0x03B0, 0x03B1, 0x03B2,
    0x03B3, 0x03B4, 0x03B5, 0x03B6, 0x03B7, 0x03B8, 0x03B9, 0x03BA, 0x03BB, 0x03BC, 0x03BD, 0x03BE,
    0x03BF, 0x03C0, 0x03C1, 0x03C2, 0x03C3, 0x03C4, 0x03C5, 0x03C6, 0x03C7, 0x03C8, 0x03C9, 0x03CA,
    0x03CB, 0x03CC, 0x03CD, 0x03CE, 0x2013, 0x2015, 0x2018, 0x2019, 0x201C, 0x201D, 0x2020, 0x2022,
    0x2026, 0x2030, 0x20AC, 0x2122, 0x2248, 0x2260, 0x2264, 0x2265,
];
#[cfg(feature = "mac")]
#[rustfmt::skip]
pub static X_MAC_GREEK_ENCODE_BYTES: [u8; 128] = [
    0xCA, 0x92, 0xB4, 0x9B, 0xAC, 0x8C, 0xA9, 0xC7, 0xC2, 0xFF, 0xA8, 0xAE, 0xB1, 0x82, 0x84, 0xAF,
    0x81, 0xC8, 0x97, 0x80, 0x83, 0x85, 0x86, 0xA7, 0x88, 0x89, 0x8A, 0x8D, 0x8F, 0x8E, 0x90, 0x91,
    0x94, 0x95, 0x99, 0x9A, 0xD6, 0x9D, 0x9E, 0x9F, 0xCF, 0x8B, 0x87, 0xCD, 0xCE, 0xD7, 0xD8, 0xD9,
    0xDA, 0xDF, 0xFD, 0xB0, 0xB5, 0xA1, 0xA2, 0xB6, 0xB7, 0xB8, 0xA3, 0xB9, 0xBA, 0xA4, 0xBB, 0xC1,
    0xA5, 0xC3, 0xA6, 0xC4, 0xAA, 0xC6, 0xCB, 0xBC, 0xCC, 0xBE, 0xBF, 0xAB, 0xBD, 0xC0, 0xDB, 0xDC,
    0xDD, 0xFE, 0xE1, 0xE2, 0xE7, 0xE4, 0xE5, 0xFA, 0xE8, 0xF5, 0xE9, 0xEB, 0xEC, 0xED, 0xEE, 0xEA,
    0xEF, 0xF0, 0xF2, 0xF7, 0xF3, 0xF4, 0xF9, 0xE6, 0xF8, 0xE3, 0xF6, 0xFB, 0xFC, 0xDE, 0xE0, 0xF1,
    0xD0, 0xD1, 0xD4, 0xD5, 0xD2, 0xD3, 0xA0, 0x96, 0xC9, 0x98, 0x9C, 0x93, 0xC5, 0xAD, 0xB2, 0xB3,
];

/// x-mac-icelandic (ICELAND.TXT)
#[cfg(feature = "mac")]
#[rustfmt::skip]
pub static X_MAC_ICELANDIC_DECODE: [u16; 128] = [
    0x00C4, 0x00C5, 0x00C7, 0x00C9, 0x00D1, 0x00D6, 0x00DC, 0x00E1, 0x00E0, 0x00E2, 0x00E4, 0x00E3,
    0x00E5, 0x00E7, 0x00E9, 0x00E8, 0x00EA, 0x00EB, 0x00ED, 0x00EC, 0x00EE, 0x00EF, 0x00F1, 0x00F3,
    0x00F2, 0x00F4, 0x00F6, 0x00F5, 0x00FA, 0x00F9, 0x00FB, 0x00FC, 0x00DD, 0x00B0, 0x00A2, 0x00A3,
    0x00A7, 0x2022, 0x00B6, 0x00DF, 0x00AE, 0x00A9, 0x2122, 0x00B4, 0x00A8, 0x2260, 0x00C6, 0x00D8,
    0x221E, 0x00B1, 0x2264, 0x2265, 0x00A5, 0x00B5, 0x2202, 0x2211, 0x220F, 0x03C0, 0x222B, 0x00AA,
    0x00BA, 0x03A9, 0x00E6, 0x00F8, 0x00BF, 0x00A1, 0x00AC, 0x221A, 0x0192, 0x2248, 0x2206, 0x00AB,
    0x00BB, 0x2026, 0x00A0, 0x00C0, 0x00C3, 0x00D5, 0x0152, 0x0153, 0x2013, 0x2014, 0x201C, 0x201D,
    0x2018, 0x2019, 0x00F7, 0x25CA, 0x00FF, 0x0178, 0x2044, 0x20AC, 0x00D0, 0x00F0, 0x00DE, 0x00FE,
    0x00FD, 0x00B7, 0x201A, 0x201E, 0x2030, 0x00C2, 0x00CA, 0x00C1, 0x00CB, 0x00C8, 0x00CD, 0x00CE,
    0x00CF, 0x00CC, 0x00D3, 0x00D4, 0xF8FF, 0x00D2, 0x00DA, 0x00DB, 0x00D9, 0x0131, 0x02C6, 0x02DC,
    0x00AF, 0x02D8, 0x02D9, 0x02DA, 0x00B8, 0x02DD, 0x02DB, 0x02C7,
];
#[cfg(feature = "mac")]
#[rustfmt::skip]
pub static X_MAC_ICELANDIC_ENCODE_CODE_POINTS: [u16; 128] = [
    0x00A0, 0x00A1, 0x00A2, 0x00A3, 0x00A5, 0x00A7, 0x00A8, 0x00A9, 0x00AA, 0x00AB, 0x00AC, 0x00AE,
    0x00AF, 0x00B0, 0x00B1, 0x00B4, 0x00B5, 0x00B6, 0x00B7, 0x00B8, 0x00BA, 0x00BB, 0x00BF, 0x00C0,
    0x00C1, 0x00C2, 0x00C3, 0x00C4, 0x00C5, 0x00C6, 0x00C7, 0x00C8, 0x00C9, 0x00CA, 0x00CB, 0x00CC,
    0x00CD, 0x00CE, 0x00CF, 0x00D0, 0x00D1, 0x00D2, 0x00D3, 0x00D4, 0x00D5, 0x00D6, 0x00D8, 0x00D9,
    0x00DA, 0x00DB, 0x00DC, 0x00DD, 0x00DE, 0x00DF, 0x00E0, 0x00E1, 0x00E2, 0x00E3, 0x00E4, 0x00E5,
    0x00E6, 0x00E7, 0x00E8, 0x00E9, 0x00EA, 0x00EB, 0x00EC, 0x00ED, 0x00EE, 0x00EF, 0x00F0, 0x00F1,
    0x00F2, 0x00F3, 0x00F4, 0x00F5, 0x00F6, 0x00F7, 0x00F8, 0x00F9, 0x00FA, 0x00FB, 0x00FC, 0x00FD,
    0x00FE, 0x00FF, 0x0131, 0x0152, 0x0153, 0x0178, 0x0192, 0x02C6, 0x02C7, 0x02D8, 0x02D9, 0x02DA,
    0x02DB, 0x02DC, 0x02DD, 0x03A9, 0x03C0, 0x2013, 0x2014, 0x2018, 0x2019, 0x201A, 0x201C, 0x201D,
    0x201E, 0x2022, 0x2026, 0x2030, 0x2044, 0x20AC, 0x2122, 0x2202, 0x2206, 0x220F, 0x2211, 0x221A,
    0x221E, 0x222B, 0x2248, 0x2260, 0x2264, 0x2265, 0x25CA, 0xF8FF,
];
#[cfg(feature = "mac")]
#[rustfmt::skip]
pub static X_MAC_ICELANDIC_ENCODE_BYTES: [u8; 128] = [
    0xCA, 0xC1, 0xA2, 0xA3, 0xB4, 0xA4, 0xAC, 0xA9, 0xBB, 0xC7, 0xC2, 0xA8, 0xF8, 0xA1, 0xB1, 0xAB,
    0xB5, 0xA6, 0xE1, 0xFC, 0xBC, 0xC8, 0xC0, 0xCB, 0xE7, 0xE5, 0xCC, 0x80, 0x81, 0xAE, 0x82, 0xE9,
    0x83, 0xE6, 0xE8, 0xED, 0xEA, 0xEB, 0xEC, 0xDC, 0x84, 0xF1, 0xEE, 0xEF, 0xCD, 0x85, 0xAF, 0xF4,
    0xF2, 0xF3, 0x86, 0xA0, 0xDE, 0xA7, 0x88, 0x87, 0x89, 0x8B, 0x8A, 0x8C, 0xBE, 0x8D, 0x8F, 0x8E,
    0x90, 0x91, 0x93, 0x92, 0x94, 0x95, 0xDD, 0x96, 0x98, 0x97, 0x99, 0x9B, 0x9A, 0xD6, 0xBF, 0x9D,
    0x9C, 0x9E, 0x9F, 0xE0, 0xDF, 0xD8, 0xF5, 0xCE, 0xCF, 0xD9, 0xC4, 0xF6, 0xFF, 0xF9, 0xFA, 0xFB,
    0xFE, 0xF7, 0xFD, 0xBD, 0xB9, 0xD0, 0xD1, 0xD4, 0xD5, 0xE2, 0xD2, 0xD3, 0xE3, 0xA5, 0xC9, 0xE4,
    0xDA, 0xDB, 0xAA, 0xB6, 0xC6, 0xB8, 0xB7, 0xC3, 0xB0, 0xBA, 0xC5, 0xAD, 0xB2, 0xB3, 0xD7, 0xF0,
];

/// x-mac-romanian (ROMANIAN.TXT)
#[cfg(feature = "mac")]
#[rustfmt::skip]
pub static X_MAC_ROMANIAN_DECODE: [u16; 128] = [
    0x00C4, 0x00C5, 0x00C7, 0x00C9, 0x00D1, 0x00D6, 0x00DC, 0x00E1, 0x00E0, 0x00E2, 0x00E4, 0x00E3,
    0x00E5, 0x00E7, 0x00E9, 0x00E8, 0x00EA, 0x00EB, 0x00ED, 0x00EC, 0x00EE, 0x00EF, 0x00F1, 0x00F3,
    0x00F2, 0x00F4, 0x00F6, 0x00F5, 0x00FA, 0x00F9, 0x00FB, 0x00FC, 0x2020, 0x00B0, 0x00A2, 0x00A3,
    0x00A7, 0x2022, 0x00B6, 0x00DF, 0x00AE, 0x00A9, 0x2122, 0x00B4, 0x00A8, 0x2260, 0x0102, 0x0218,
    0x221E, 0x00B1, 0x2264, 0x2265, 0x00A5, 0x00B5, 0x2202, 0x2211, 0x220F, 0x03C0, 0x222B, 0x00AA,
    0x00BA, 0x03A9, 0x0103, 0x0219, 0x00BF, 0x00A1, 0x00AC, 0x221A, 0x0192, 0x2248, 0x2206, 0x00AB,
    0x00BB, 0x2026, 0x00A0, 0x00C0, 0x00C3, 0x00D5, 0x0152, 0x0153, 0x2013, 0x2014, 0x201C, 0x201D,
    0x2018, 0x2019, 0x00F7, 0x25CA, 0x00FF, 0x0178, 0x2044, 0x20AC, 0x2039, 0x203A, 0x021A, 0x021B,
    0x2021, 0x00B7, 0x201A, 0x201E, 0x2030, 0x00C2, 0x00CA, 0x00C1, 0x00CB, 0x00C8, 0x00CD, 0x00CE,
    0x00CF, 0x00CC, 0x00D3, 0x00D4, 0xF8FF, 0x00D2, 0x00DA, 0x00DB, 0x00D9, 0x0131, 0x02C6, 0x02DC,
    0x00AF, 0x02D8, 0x02D9, 0x02DA, 0x00B8, 0x02DD, 0x02DB, 0x02C7,
];
#[cfg(feature = "mac")]
#[rustfmt::skip]
pub static X_MAC_ROMANIAN_ENCODE_CODE_POINTS: [u16; 128] = [
    0x00A0, 0x00A1, 0x00A2, 0x00A3, 0x00A5, 0x00A7, 0x00A8, 0x00A9, 0x00AA, 0x00AB, 0x00AC, 0x00AE,
    0x00AF, 0x00B0, 0x00B1, 0x00B4, 0x00B5, 0x00B6, 0x00B7, 0x00B8, 0x00BA, 0x00BB, 0x00BF, 0x00C0,
    0x00C1, 0x00C2, 0x00C3, 0x00C4, 0x00C5, 0x00C7, 0x00C8, 0x00C9, 0x00CA, 0x00CB, 0x00CC, 0x00CD,
    0x00CE, 0x00CF, 0x00D1, 0x00D2, 0x00D3, 0x00D4, 0x00D5, 0x00D6, 0x00D9, 0x00DA, 0x00DB, 0x00DC,
    0x00DF, 0x00E0, 0x00E1, 0x00E2, 0x00E3, 0x00E4, 0x00E5, 0x00E7, 0x00E8, 0x00E9, 0x00EA, 0x00EB,
    0x00EC, 0x00ED, 0x00EE, 0x00EF, 0x00F1, 0x00F2, 0x00F3, 0x00F4, 0x00F5, 0x00F6, 0x00F7, 0x00F9,
    0x00FA, 0x00FB, 0x00FC, 0x00FF, 0x0102, 0x0103, 0x0131, 0x0152, 0x0153, 0x0178, 0x0192, 0x0218,
    0x0219, 0x021A, 0x021B, 0x02C6, 0x02C7, 0x02D8, 0x02D9, 0x02DA, 0x02DB, 0x02DC, 0x02DD, 0x03A9,
    0x03C0, 0x2013, 0x2014, 0x2018, 0x2019, 0x201A, 0x201C, 0x201D, 0x201E, 0x2020, 0x2021, 0x2022,
    0x2026, 0x2030, 0x2039, 0x203A, 0x2044, 0x20AC, 0x2122, 0x2202, 0x2206, 0x220F, 0x2211, 0x221A,
    0x221E, 0x222B, 0x2248, 0x2260, 0x2264, 0x2265, 0x25CA, 0xF8FF,
];
#[cfg(feature = "mac")]
#[rustfmt::skip]
pub static X_MAC_ROMANIAN_ENCODE_BYTES: [u8; 128] = [
    0xCA, 0xC1, 0xA2, 0xA3, 0xB4, 0xA4, 0xAC, 0xA9, 0xBB, 0xC7, 0xC2, 0xA8, 0xF8, 0xA1, 0xB1, 0xAB,
    0xB5, 0xA6, 0xE1, 0xFC, 0xBC, 0xC8, 0xC0, 0xCB, 0xE7, 0xE5, 0xCC, 0x80, 0x81, 0x82, 0xE9, 0x83,
    0xE6, 0xE8, 0xED, 0xEA, 0xEB, 0xEC, 0x84, 0xF1, 0xEE, 0xEF, 0xCD, 0x85, 0xF4, 0xF2, 0xF3, 0x86,
    0xA7, 0x88, 0x87, 0x89, 0x8B, 0x8A, 0x8C, 0x8D, 0x8F, 0x8E, 0x90, 0x91, 0x93, 0x92, 0x94, 0x95,
    0x96, 0x98, 0x97, 0x99, 0x9B, 0x9A, 0xD6, 0x9D, 0x9C, 0x9E, 0x9F, 0xD8, 0xAE, 0xBE, 0xF5, 0xCE,
    0xCF, 0xD9, 0xC4, 0xAF, 0xBF, 0xDE, 0xDF, 0xF6, 0xFF, 0xF9, 0xFA, 0xFB, 0xFE, 0xF7, 0xFD, 0xBD,
    0xB9, 0xD0, 0xD1, 0xD4, 0xD5, 0xE2, 0xD2, 0xD3, 0xE3, 0xA0, 0xE0, 0xA5, 0xC9, 0xE4, 0xDC, 0xDD,
    0xDA, 0xDB, 0xAA, 0xB6, 0xC6, 0xB8, 0xB7, 0xC3, 0xB0, 0xBA, 0xC5, 0xAD, 0xB2, 0xB3, 0xD7, 0xF0,
];

/// x-mac-turkish (TURKISH.TXT)
#[cfg(feature = "mac")]
#[rustfmt::skip]
pub static X_MAC_TURKISH_DECODE: [u16; 128] = [
    0x00C4, 0x00C5, 0x00C7, 0x00C9, 0x00D1, 0x00D6, 0x00DC, 0x00E1, 0x00E0, 0x00E2, 0x00E4, 0x00E3,
    0x00E5, 0x00E7, 0x00E9, 0x00E8, 0x00EA, 0x00EB, 0x00ED, 0x00EC, 0x00EE, 0x00EF, 0x00F1, 0x00F3,
    0x00F2, 0x00F4, 0x00F6, 0x00F5, 0x00FA, 0x00F9, 0x00FB, 0x00FC, 0x2020, 0x00B0, 0x00A2, 0x00A3,
    0x00A7, 0x2022, 0x00B6, 0x00DF, 0x00AE, 0x00A9, 0x2122, 0x00B4, 0x00A8, 0x2260, 0x00C6, 0x00D8,
    0x221E, 0x00B1, 0x2264, 0x2265, 0x00A5, 0x00B5, 0x2202, 0x2211, 0x220F, 0x03C0, 0x222B, 0x00AA,
    0x00BA, 0x03A9, 0x00E6, 0x00F8, 0x00BF, 0x00A1, 0x00AC, 0x221A, 0x0192, 0x2248, 0x2206, 0x00AB,
    0x00BB, 0x2026, 0x00A0, 0x00C0, 0x00C3, 0x00D5, 0x0152, 0x0153, 0x2013, 0x2014, 0x201C, 0x201D,
    0x2018, 0x2019, 0x00F7, 0x25CA, 0x00FF, 0x0178, 0x011E, 0x011F, 0x0130, 0x0131, 0x015E, 0x015F,
    0x2021, 0x00B7, 0x201A, 0x201E, 0x2030, 0x00C2, 0x00CA, 0x00C1, 0x00CB, 0x00C8, 0x00CD, 0x00CE,
    0x00CF, 0x00CC, 0x00D3, 0x00D4, 0xF8FF, 0x00D2, 0x00DA, 0x00DB, 0x00D9, 0xF8A0, 0x02C6, 0x02DC,
    0x00AF, 0x02D8, 0x02D9, 0x02DA, 0x00B8, 0x02DD, 0x02DB, 0x02C7,
];
#[cfg(feature = "mac")]
#[rustfmt::skip]
pub static X_MAC_TURKISH_ENCODE_CODE_POINTS: [u16; 128] = [
    0x00A0, 0x00A1, 0x00A2, 0x00A3, 0x00A5, 0x00A7, 0x00A8, 0x00A9, 0x00AA, 0x00AB, 0x00AC, 0x00AE,
    0x00AF, 0x00B0, 0x00B1, 0x00B4, 0x00B5, 0x00B6, 0x00B7, 0x00B8, 0x00BA, 0x00BB, 0x00BF, 0x00C0,
    0x00C1, 0x00C2, 0x00C3, 0x00C4, 0x00C5, 0x00C6, 0x00C7, 0x00C8, 0x00C9, 0x00CA, 0x00CB, 0x00CC,
    0x00CD, 0x00CE, 0x00CF, 0x00D1, 0x00D2, 0x00D3, 0x00D4, 0x00D5, 0x00D6, 0x00D8, 0x00D9, 0x00DA,
    0x00DB, 0x00DC, 0x00DF, 0x00E0, 0x00E1, 0x00E2, 0x00E3, 0x00E4, 0x00E5, 0x00E6, 0x00E7, 0x00E8,
    0x00E9, 0x00EA, 0x00EB, 0x00EC, 0x00ED, 0x00EE, 0x00EF, 0x00F1, 0x00F2, 0x00F3, 0x00F4, 0x00F5,
    0x00F6, 0x00F7, 0x00F8, 0x00F9, 0x00FA, 0x00FB, 0x00FC, 0x00FF, 0x011E, 0x011F, 0x0130, 0x0131,
    0x0152, 0x0153, 0x015E, 0x015F, 0x0178, 0x0192, 0x02C6, 0x02C7, 0x02D8, 0x02D9, 0x02DA, 0x02DB,
    0x02DC, 0x02DD, 0x03A9, 0x03C0, 0x2013, 0x2014, 0x2018, 0x2019, 0x201A, 0x201C, 0x201D, 0x201E,
    0x2020, 0x2021, 0x2022, 0x2026, 0x2030, 0x2122, 0x2202, 0x2206, 0x220F, 0x2211, 0x221A, 0x221E,
    0x222B, 0x2248, 0x2260, 0x2264, 0x2265, 0x25CA, 0xF8A0, 0xF8FF,
];
#[cfg(feature = "mac")]
#[rustfmt::skip]
pub static X_MAC_TURKISH_ENCODE_BYTES: [u8; 128] = [
    0xCA, 0xC1, 0xA2, 0xA3, 0xB4, 0xA4, 0xAC, 0xA9, 0xBB, 0xC7, 0xC2, 0xA8, 0xF8, 0xA1, 0xB1, 0xAB,
    0xB5, 0xA6, 0xE1, 0xFC, 0xBC, 0xC8, 0xC0, 0xCB, 0xE7, 0xE5, 0xCC, 0x80, 0x81, 0xAE, 0x82, 0xE9,
    0x83, 0xE6, 0xE8, 0xED, 0xEA, 0xEB, 0xEC, 0x84, 0xF1, 0xEE, 0xEF, 0xCD, 0x85, 0xAF, 0xF4, 0xF2,
    0xF3, 0x86, 0xA7, 0x88, 0x87, 0x89, 0x8B, 0x8A, 0x8C, 0xBE, 0x8D, 0x8F, 0x8E, 0x90, 0x91, 0x93,
    0x92, 0x94, 0x95, 0x96, 0x98, 0x97, 0x99, 0x9B, 0x9A, 0xD6, 0xBF, 0x9D, 0x9C, 0x9E, 0x9F, 0xD8,
    0xDA, 0xDB, 0xDC, 0xDD, 0xCE, 0xCF, 0xDE, 0xDF, 0xD9, 0xC4, 0xF6, 0xFF, 0xF9, 0xFA, 0xFB, 0xFE,
    0xF7, 0xFD, 0xBD, 0xB9, 0xD0, 0xD1, 0xD4, 0xD5, 0xE2, 0xD2, 0xD3, 0xE3, 0xA0, 0xE0, 0xA5, 0xC9,
    0xE4, 0xAA, 0xB6, 0xC6, 0xB8, 0xB7, 0xC3, 0xB0, 0xBA, 0xC5, 0xAD, 0xB2, 0xB3, 0xD7, 0xF5, 0xF0,
];

/// IBM037 (CP037.TXT)
#[cfg(feature = "ebcdic")]
#[rustfmt::skip]
pub static IBM037_DECODE: [u16; 256] = [
    0x0000, 0x0001, 0x0002, 0x0003, 0x009C, 0x0009, 0x0086, 0x007F, 0x0097, 0x008D, 0x008E, 0x000B,
    0x000C, 0x000D, 0x000E, 0x000F, 0x0010, 0x0011, 0x0012, 0x0013, 0x009D, 0x0085, 0x0008, 0x0087,
    0x0018, 0x0019, 0x0092, 0x008F, 0x001C, 0x001D, 0x001E, 0x001F, 0x0080, 0x0081, 0x0082, 0x0083,
    0x0084, 0x000A, 0x0017, 0x001B, 0x0088, 0x0089, 0x008A, 0x008B, 0x008C, 0x0005, 0x0006, 0x0007,
    0x0090, 0x0091, 0x0016, 0x0093, 0x0094, 0x0095, 0x0096, 0x0004, 0x0098, 0x0099, 0x009A, 0x009B,
    0x0014, 0x0015, 0x009E, 0x001A, 0x0020, 0x00A0, 0x00E2, 0x00E4, 0x00E0, 0x00E1, 0x00E3, 0x00E5,
    0x00E7, 0x00F1, 0x00A2, 0x002E, 0x003C, 0x0028, 0x002B, 0x007C, 0x0026, 0x00E9, 0x00EA, 0x00EB,
    0x00E8, 0x00ED, 0x00EE, 0x00EF, 0x00EC, 0x00DF, 0x0021, 0x0024, 0x002A, 0x0029, 0x003B, 0x00AC,
    0x002D, 0x002F, 0x00C2, 0x00C4, 0x00C0, 0x00C1, 0x00C3, 0x00C5, 0x00C7, 0x00D1, 0x00A6, 0x002C,
    0x0025, 0x005F, 0x003E, 0x003F, 0x00F8, 0x00C9, 0x00CA, 0x00CB, 0x00C8, 0x00CD, 0x00CE, 0x00CF,
    0x00CC, 0x0060, 0x003A, 0x0023, 0x0040, 0x0027, 0x003D, 0x0022, 0x00D8, 0x0061, 0x0062, 0x0063,
    0x0064, 0x0065, 0x0066, 0x0067, 0x0068, 0x0069, 0x00AB, 0x00BB, 0x00F0, 0x00FD, 0x00FE, 0x00B1,
    0x00B0, 0x006A, 0x006B, 0x006C, 0x006D, 0x006E, 0x006F, 0x0070, 0x0071, 0x0072, 0x00AA, 0x00BA,
    0x00E6, 0x00B8, 0x00C6, 0x00A4, 0x00B5, 0x007E, 0x0073, 0x0074, 0x0075, 0x0076, 0x0077, 0x0078,
    0x0079, 0x007A, 0x00A1, 0x00BF, 0x00D0, 0x00DD, 0x00DE, 0x00AE, 0x005E, 0x00A3, 0x00A5, 0x00B7,
    0x00A9, 0x00A7, 0x00B6, 0x00BC, 0x00BD, 0x00BE, 0x005B, 0x005D, 0x00AF, 0x00A8, 0x00B4, 0x00D7,
    0x007B, 0x0041, 0x0042, 0x0043, 0x0044, 0x0045, 0x0046, 0x0047, 0x0048, 0x0049, 0x00AD, 0x00F4,
    0x00F6, 0x00F2, 0x00F3, 0x00F5, 0x007D, 0x004A, 0x004B, 0x004C, 0x004D, 0x004E, 0x004F, 0x0050,
    0x0051, 0x0052, 0x00B9, 0x00FB, 0x00FC, 0x00F9, 0x00FA, 0x00FF, 0x005C, 0x00F7, 0x0053, 0x0054,
    0x0055, 0x0056, 0x0057, 0x0058, 0x0059, 0x005A, 0x00B2, 0x00D4, 0x00D6, 0x00D2, 0x00D3, 0x00D5,
    0x0030, 0x0031, 0x0032, 0x0033, 0x0034, 0x0035, 0x0036, 0x0037, 0x0038, 0x0039, 0x00B3, 0x00DB,
    0x00DC, 0x00D9, 0x00DA, 0x009F,
];
#[cfg(feature = "ebcdic")]
#[rustfmt::skip]
pub static IBM037_ENCODE_CODE_POINTS: [u16; 256] = [
    0x0000, 0x0001, 0x0002, 0x0003, 0x0004, 0x0005, 0x0006, 0x0007, 0x0008, 0x0009, 0x000A, 0x000B,
    0x000C, 0x000D, 0x000E, 0x000F, 0x0010, 0x0011, 0x0012, 0x0013, 0x0014, 0x0015, 0x0016, 0x0017,
    0x0018, 0x0019, 0x001A, 0x001B, 0x001C, 0x001D, 0x001E, 0x001F, 0x0020, 0x0021, 0x0022, 0x0023,
    0x0024, 0x0025, 0x0026, 0x0027, 0x0028, 0x0029, 0x002A, 0x002B, 0x002C, 0x002D, 0x002E, 0x002F,
    0x0030, 0x0031, 0x0032, 0x0033, 0x0034, 0x0035, 0x0036, 0x0037, 0x0038, 0x0039, 0x003A, 0x003B,
    0x003C, 0x003D, 0x003E, 0x003F, 0x0040, 0x0041, 0x0042, 0x0043, 0x0044, 0x0045, 0x0046, 0x0047,
    0x0048, 0x0049, 0x004A, 0x004B, 0x004C, 0x004D, 0x004E, 0x004F, 0x0050, 0x0051, 0x0052, 0x0053,
    0x0054, 0x0055, 0x0056, 0x0057, 0x0058, 0x0059, 0x005A, 0x005B, 0x005C, 0x005D, 0x005E, 0x005F,
    0x0060, 0x0061, 0x0062, 0x0063, 0x0064, 0x0065, 0x0066, 0x0067, 0x0068, 0x0069, 0x006A, 0x006B,
    0x006C, 0x006D, 0x006E, 0x006F, 0x0070, 0x0071, 0x0072, 0x0073, 0x0074, 0x0075, 0x0076, 0x0077,
    0x0078, 0x0079, 0x007A, 0x007B, 0x007C, 0x007D, 0x007E, 0x007F, 0x0080, 0x0081, 0x0082, 0x0083,
    0x0084, 0x0085, 0x0086, 0x0087, 0x0088, 0x0089, 0x008A, 0x008B, 0x008C, 0x008D, 0x008E, 0x008F,
    0x0090, 0x0091, 0x0092, 0x0093, 0x0094, 0x0095, 0x0096, 0x0097, 0x0098, 0x0099, 0x009A, 0x009B,
    0x009C, 0x009D, 0x009E, 0x009F, 0x00A0, 0x00A1, 0x00A2, 0x00A3, 0x00A4, 0x00A5, 0x00A6, 0x00A7,
    0x00A8, 0x00A9, 0x00AA, 0x00AB, 0x00AC, 0x00AD, 0x00AE, 0x00AF, 0x00B0, 0x00B1, 0x00B2, 0x00B3,
    0x00B4, 0x00B5, 0x00B6, 0x00B7, 0x00B8, 0x00B9, 0x00BA, 0x00BB, 0x00BC, 0x00BD, 0x00BE, 0x00BF,
    0x00C0, 0x00C1, 0x00C2, 0x00C3, 0x00C4, 0x00C5, 0x00C6, 0x00C7, 0x00C8, 0x00C9, 0x00CA, 0x00CB,
    0x00CC, 0x00CD, 0x00CE, 0x00CF, 0x00D0, 0x00D1, 0x00D2, 0x00D3, 0x00D4, 0x00D5, 0x00D6, 0x00D7,
    0x00D8, 0x00D9, 0x00DA, 0x00DB, 0x00DC, 0x00DD, 0x00DE, 0x00DF, 0x00E0, 0x00E1, 0x00E2, 0x00E3,
    0x00E4, 0x00E5, 0x00E6, 0x00E7, 0x00E8, 0x00E9, 0x00EA, 0x00EB, 0x00EC, 0x00ED, 0x00EE, 0x00EF,
    0x00F0, 0x00F1, 0x00F2, 0x00F3, 0x00F4, 0x00F5, 0x00F6, 0x00F7, 0x00F8, 0x00F9, 0x00FA, 0x00FB,
    0x00FC, 0x00FD, 0x00FE, 0x00FF,
];
#[cfg(feature = "ebcdic")]
#[rustfmt::skip]
pub static IBM037_ENCODE_BYTES: [u8; 256] = [
    0x00, 0x01, 0x02, 0x03, 0x37, 0x2D, 0x2E, 0x2F, 0x16, 0x05, 0x25, 0x0B, 0x0C, 0x0D, 0x0E, 0x0F,
    0x10, 0x11, 0x12, 0x13, 0x3C, 0x3D, 0x32, 0x26, 0x18, 0x19, 0x3F, 0x27, 0x1C, 0x1D, 0x1E, 0x1F,
    0x40, 0x5A, 0x7F, 0x7B, 0x5B, 0x6C, 0x50, 0x7D, 0x4D, 0x5D, 0x5C, 0x4E, 0x6B, 0x60, 0x4B, 0x61,
    0xF0, 0xF1, 0xF2, 0xF3, 0xF4, 0xF5, 0xF6, 0xF7, 0xF8, 0xF9, 0x7A, 0x5E, 0x4C, 0x7E, 0x6E, 0x6F,
    0x7C, 0xC1, 0xC2, 0xC3, 0xC4, 0xC5, 0xC6, 0xC7, 0xC8, 0xC9, 0xD1, 0xD2, 0xD3, 0xD4, 0xD5, 0xD6,
    0xD7, 0xD8, 0xD9, 0xE2, 0xE3, 0xE4, 0xE5, 0xE6, 0xE7, 0xE8, 0xE9, 0xBA, 0xE0, 0xBB, 0xB0, 0x6D,
    0x79, 0x81, 0x82, 0x83, 0x84, 0x85, 0x86, 0x87, 0x88, 0x89, 0x91, 0x92, 0x93, 0x94, 0x95, 0x96,
    0x97, 0x98, 0x99, 0xA2, 0xA3, 0xA4, 0xA5, 0xA6, 0xA7, 0xA8, 0xA9, 0xC0, 0x4F, 0xD0, 0xA1, 0x07,
    0x20, 0x21, 0x22, 0x23, 0x24, 0x15, 0x06, 0x17, 0x28, 0x29, 0x2A, 0x2B, 0x2C, 0x09, 0x0A, 0x1B,
    0x30, 0x31, 0x1A, 0x33, 0x34, 0x35, 0x36, 0x08, 0x38, 0x39, 0x3A, 0x3B, 0x04, 0x14, 0x3E, 0xFF,
    0x41, 0xAA, 0x4A, 0xB1, 0x9F, 0xB2, 0x6A, 0xB5, 0xBD, 0xB4, 0x9A, 0x8A, 0x5F, 0xCA, 0xAF, 0xBC,
    0x90, 0x8F, 0xEA, 0xFA, 0xBE, 0xA0, 0xB6, 0xB3, 0x9D, 0xDA, 0x9B, 0x8B, 0xB7, 0xB8, 0xB9, 0xAB,
    0x64, 0x65, 0x62, 0x66, 0x63, 0x67, 0x9E, 0x68, 0x74, 0x71, 0x72, 0x73, 0x78, 0x75, 0x76, 0x77,
    0xAC, 0x69, 0xED, 0xEE, 0xEB, 0xEF, 0xEC, 0xBF, 0x80, 0xFD, 0xFE, 0xFB, 0xFC, 0xAD, 0xAE, 0x59,
    0x44, 0x45, 0x42, 0x46, 0x43, 0x47, 0x9C, 0x48, 0x54, 0x51, 0x52, 0x53, 0x58, 0x55, 0x56, 0x57,
    0x8C, 0x49, 0xCD, 0xCE, 0xCB, 0xCF, 0xCC, 0xE1, 0x70, 0xDD, 0xDE, 0xDB, 0xDC, 0x8D, 0x8E, 0xDF,
];

/// IBM424 (CP424.TXT)
#[cfg(feature = "ebcdic")]
#[rustfmt::skip]
pub static IBM424_DECODE: [u16; 256] = [
    0x0000, 0x0001, 0x0002, 0x0003, 0x009C, 0x0009, 0x0086, 0x007F, 0x0097, 0x008D, 0x008E, 0x000B,
    0x000C, 0x000D, 0x000E, 0x000F, 0x0010, 0x0011, 0x0012, 0x0013, 0x009D, 0x0085, 0x0008, 0x0087,
    0x0018, 0x0019, 0x0092, 0x008F, 0x001C, 0x001D, 0x001E, 0x001F, 0x0080, 0x0081, 0x0082, 0x0083,
    0x0084, 0x000A, 0x0017, 0x001B, 0x0088, 0x0089, 0x008A, 0x008B, 0x008C, 0x0005, 0x0006, 0x0007,
    0x0090, 0x0091, 0x0016, 0x0093, 0x0094, 0x0095, 0x0096, 0x0004, 0x0098, 0x0099, 0x009A, 0x009B,
    0x0014, 0x0015, 0x009E, 0x001A, 0x0020, 0x05D0, 0x05D1, 0x05D2, 0x05D3, 0x05D4, 0x05D5, 0x05D6,
    0x05D7, 0x05D8, 0x00A2, 0x002E, 0x003C, 0x0028, 0x002B, 0x007C, 0x0026, 0x05D9, 0x05DA, 0x05DB,
    0x05DC, 0x05DD, 0x05DE, 0x05DF, 0x05E0, 0x05E1, 0x0021, 0x0024, 0x002A, 0x0029, 0x003B, 0x00AC,
    0x002D, 0x002F, 0x05E2, 0x05E3, 0x05E4, 0x05E5, 0x05E6, 0x05E7, 0x05E8, 0x05E9, 0x00A6, 0x002C,
    0x0025, 0x005F, 0x003E, 0x003F, 0xFFFF, 0x05EA, 0xFFFF, 0xFFFF, 0x00A0, 0xFFFF, 0xFFFF, 0xFFFF,
    0x2017, 0x0060, 0x003A, 0x0023, 0x0040, 0x0027, 0x003D, 0x0022, 0xFFFF, 0x0061, 0x0062, 0x0063,
    0x0064, 0x0065, 0x0066, 0x0067, 0x0068, 0x0069, 0x00AB, 0x00BB, 0xFFFF, 0xFFFF, 0xFFFF, 0x00B1,
    0x00B0, 0x006A, 0x006B, 0x006C, 0x006D, 0x006E, 0x006F, 0x0070, 0x0071, 0x0072, 0xFFFF, 0xFFFF,
    0xFFFF, 0x00B8, 0xFFFF, 0x00A4, 0x00B5, 0x007E, 0x0073, 0x0074, 0x0075, 0x0076, 0x0077, 0x0078,
    0x0079, 0x007A, 0xFFFF, 0xFFFF, 0xFFFF, 0xFFFF, 0xFFFF, 0x00AE, 0x005E, 0x00A3, 0x00A5, 0x00B7,
    0x00A9, 0x00A7, 0x00B6, 0x00BC, 0x00BD, 0x00BE, 0x005B, 0x005D, 0x00AF, 0x00A8, 0x00B4, 0x00D7,
    0x007B, 0x0041, 0x0042, 0x0043, 0x0044, 0x0045, 0x0046, 0x0047, 0x0048, 0x0049, 0x00AD, 0xFFFF,
    0xFFFF, 0xFFFF, 0xFFFF, 0xFFFF, 0x007D, 0x004A, 0x004B, 0x004C, 0x004D, 0x004E, 0x004F, 0x0050,
    0x0051, 0x0052, 0x00B9, 0xFFFF, 0xFFFF, 0xFFFF, 0xFFFF, 0xFFFF, 0x005C, 0x00F7, 0x0053, 0x0054,
    0x0055, 0x0056, 0x0057, 0x0058, 0x0059, 0x005A, 0x00B2, 0xFFFF, 0xFFFF, 0xFFFF, 0xFFFF, 0xFFFF,
    0x0030, 0x0031, 0x0032, 0x0033, 0x0034, 0x0035, 0x0036, 0x0037, 0x0038, 0x0039, 0x00B3, 0xFFFF,
    0xFFFF, 0xFFFF, 0xFFFF, 0x009F,
];
#[cfg(feature = "ebcdic")]
#[rustfmt::skip]
pub static IBM424_ENCODE_CODE_POINTS: [u16; 218] = [
    0x0000, 0x0001, 0x0002, 0x0003, 0x0004, 0x0005, 0x0006, 0x0007, 0x0008, 0x0009, 0x000A, 0x000B,
    0x000C, 0x000D, 0x000E, 0x000F, 0x0010, 0x0011, 0x0012, 0x0013, 0x0014, 0x0015, 0x0016, 0x0017,
    0x0018, 0x0019, 0x001A, 0x001B, 0x001C, 0x001D, 0x001E, 0x001F, 0x0020, 0x0021, 0x0022, 0x0023,
    0x0024, 0x0025, 0x0026, 0x0027, 0x0028, 0x0029, 0x002A, 0x002B, 0x002C, 0x002D, 0x002E, 0x002F,
    0x0030, 0x0031, 0x0032, 0x0033, 0x0034, 0x0035, 0x0036, 0x0037, 0x0038, 0x0039, 0x003A, 0x003B,
    0x003C, 0x003D, 0x003E, 0x003F, 0x0040, 0x0041, 0x0042, 0x0043, 0x0044, 0x0045, 0x0046, 0x0047,
    0x0048, 0x0049, 0x004A, 0x004B, 0x004C, 0x004D, 0x004E, 0x004F, 0x0050, 0x0051, 0x0052, 0x0053,
    0x0054, 0x0055, 0x0056, 0x0057, 0x0058, 0x0059, 0x005A, 0x005B, 0x005C, 0x005D, 0x005E, 0x005F,
    0x0060, 0x0061, 0x0062, 0x0063, 0x0064, 0x0065, 0x0066, 0x0067, 0x0068, 0x0069, 0x006A, 0x006B,
    0x006C, 0x006D, 0x006E, 0x006F, 0x0070, 0x0071, 0x0072, 0x0073, 0x0074, 0x0075, 0x0076, 0x0077,
    0x0078, 0x0079, 0x007A, 0x007B, 0x007C, 0x007D, 0x007E, 0x007F, 0x0080, 0x0081, 0x0082, 0x0083,
    0x0084, 0x0085, 0x0086, 0x0087, 0x0088, 0x0089, 0x008A, 0x008B, 0x008C, 0x008D, 0x008E, 0x008F,
    0x0090, 0x0091, 0x0092, 0x0093, 0x0094, 0x0095, 0x0096, 0x0097, 0x0098, 0x0099, 0x009A, 0x009B,
    0x009C, 0x009D, 0x009E, 0x009F, 0x00A0, 0x00A2, 0x00A3, 0x00A4, 0x00A5, 0x00A6, 0x00A7, 0x00A8,
    0x00A9, 0x00AB, 0x00AC, 0x00AD, 0x00AE, 0x00AF, 0x00B0, 0x00B1, 0x00B2, 0x00B3, 0x00B4, 0x00B5,
    0x00B6, 0x00B7, 0x00B8, 0x00B9, 0x00BB, 0x00BC, 0x00BD, 0x00BE, 0x00D7, 0x00F7, 0x05D0, 0x05D1,
    0x05D2, 0x05D3, 0x05D4, 0x05D5, 0x05D6, 0x05D7, 0x05D8, 0x05D9, 0x05DA, 0x05DB, 0x05DC, 0x05DD,
    0x05DE, 0x05DF, 0x05E0, 0x05E1, 0x05E2, 0x05E3, 0x05E4, 0x05E5, 0x05E6, 0x05E7, 0x05E8, 0x05E9,
    0x05EA, 0x2017,
];
#[cfg(feature = "ebcdic")]
#[rustfmt::skip]
pub static IBM424_ENCODE_BYTES: [u8; 218] = [
    0x00, 0x01, 0x02, 0x03, 0x37, 0x2D, 0x2E, 0x2F, 0x16, 0x05, 0x25, 0x0B, 0x0C, 0x0D, 0x0E, 0x0F,
    0x10, 0x11, 0x12, 0x13, 0x3C, 0x3D, 0x32, 0x26, 0x18, 0x19, 0x3F, 0x27, 0x1C, 0x1D, 0x1E, 0x1F,
    0x40, 0x5A, 0x7F, 0x7B, 0x5B, 0x6C, 0x50, 0x7D, 0x4D, 0x5D, 0x5C, 0x4E, 0x6B, 0x60, 0x4B, 0x61,
    0xF0, 0xF1, 0xF2, 0xF3, 0xF4, 0xF5, 0xF6, 0xF7, 0xF8, 0xF9, 0x7A, 0x5E, 0x4C, 0x7E, 0x6E, 0x6F,
    0x7C, 0xC1, 0xC2, 0xC3, 0xC4, 0xC5, 0xC6, 0xC7, 0xC8, 0xC9, 0xD1, 0xD2, 0xD3, 0xD4, 0xD5, 0xD6,
    0xD7, 0xD8, 0xD9, 0xE2, 0xE3, 0xE4, 0xE5, 0xE6, 0xE7, 0xE8, 0xE9, 0xBA, 0xE0, 0xBB, 0xB0, 0x6D,
    0x79, 0x81, 0x82, 0x83, 0x84, 0x85, 0x86, 0x87, 0x88, 0x89, 0x91, 0x92, 0x93, 0x94, 0x95, 0x96,
    0x97, 0x98, 0x99, 0xA2, 0xA3, 0xA4, 0xA5, 0xA6, 0xA7, 0xA8, 0xA9, 0xC0, 0x4F, 0xD0, 0xA1, 0x07,
    0x20, 0x21, 0x22, 0x23, 0x24, 0x15, 0x06, 0x17, 0x28, 0x29, 0x2A, 0x2B, 0x2C, 0x09, 0x0A, 0x1B,
    0x30, 0x31, 0x1A, 0x33, 0x34, 0x35, 0x36, 0x08, 0x38, 0x39, 0x3A, 0x3B, 0x04, 0x14, 0x3E, 0xFF,
    0x74, 0x4A, 0xB1, 0x9F, 0xB2, 0x6A, 0xB5, 0xBD, 0xB4, 0x8A, 0x5F, 0xCA, 0xAF, 0xBC, 0x90, 0x8F,
    0xEA, 0xFA, 0xBE, 0xA0, 0xB6, 0xB3, 0x9D, 0xDA, 0x8B, 0xB7, 0xB8, 0xB9, 0xBF, 0xE1, 0x41, 0x42,
    0x43, 0x44, 0x45, 0x46, 0x47, 0x48, 0x49, 0x51, 0x52, 0x53, 0x54, 0x55, 0x56, 0x57, 0x58, 0x59,
    0x62, 0x63, 0x64, 0x65, 0x66, 0x67, 0x68, 0x69, 0x71, 0x78,
];

/// IBM500 (CP500.TXT)
#[cfg(feature = "ebcdic")]
#[rustfmt::skip]
pub static IBM500_DECODE: [u16; 256] = [
    0x0000, 0x0001, 0x0002, 0x0003, 0x009C, 0x0009, 0x0086, 0x007F, 0x0097, 0x008D, 0x008E, 0x000B,
    0x000C, 0x000D, 0x000E, 0x000F, 0x0010, 0x0011, 0x0012, 0x0013, 0x009D, 0x0085, 0x0008, 0x0087,
    0x0018, 0x0019, 0x0092, 0x008F, 0x001C, 0x001D, 0x001E, 0x001F, 0x0080, 0x0081, 0x0082, 0x0083,
    0x0084, 0x000A, 0x0017, 0x001B, 0x0088, 0x0089, 0x008A, 0x008B, 0x008C, 0x0005, 0x0006, 0x0007,
    0x0090, 0x0091, 0x0016, 0x0093, 0x0094, 0x0095, 0x0096, 0x0004, 0x0098, 0x0099, 0x009A, 0x009B,
    0x0014, 0x0015, 0x009E, 0x001A, 0x0020, 0x00A0, 0x00E2, 0x00E4, 0x00E0, 0x00E1, 0x00E3, 0x00E5,
    0x00E7, 0x00F1, 0x005B, 0x002E, 0x003C, 0x0028, 0x002B, 0x0021, 0x0026, 0x00E9, 0x00EA, 0x00EB,
    0x00E8, 0x00ED, 0x00EE, 0x00EF, 0x00EC, 0x00DF, 0x005D, 0x0024, 0x002A, 0x0029, 0x003B, 0x005E,
    0x002D, 0x002F, 0x00C2, 0x00C4, 0x00C0, 0x00C1, 0x00C3, 0x00C5, 0x00C7, 0x00D1, 0x00A6, 0x002C,
    0x0025, 0x005F, 0x003E, 0x003F, 0x00F8, 0x00C9, 0x00CA, 0x00CB, 0x00C8, 0x00CD, 0x00CE, 0x00CF,
    0x00CC, 0x0060, 0x003A, 0x0023, 0x0040, 0x0027, 0x003D, 0x0022, 0x00D8, 0x0061, 0x0062, 0x0063,
    0x0064, 0x0065, 0x0066, 0x0067, 0x0068, 0x0069, 0x00AB, 0x00BB, 0x00F0, 0x00FD, 0x00FE, 0x00B1,
    0x00B0, 0x006A, 0x006B, 0x006C, 0x006D, 0x006E, 0x006F, 0x0070, 0x0071, 0x0072, 0x00AA, 0x00BA,
    0x00E6, 0x00B8, 0x00C6, 0x00A4, 0x00B5, 0x007E, 0x0073, 0x0074, 0x0075, 0x0076, 0x0077, 0x0078,
    0x0079, 0x007A, 0x00A1, 0x00BF, 0x00D0, 0x00DD, 0x00DE, 0x00AE, 0x00A2, 0x00A3, 0x00A5, 0x00B7,
    0x00A9, 0x00A7, 0x00B6, 0x00BC, 0x00BD, 0x00BE, 0x00AC, 0x007C, 0x00AF, 0x00A8, 0x00B4, 0x00D7,
    0x007B, 0x0041, 0x0042, 0x0043, 0x0044, 0x0045, 0x0046, 0x0047, 0x0048, 0x0049, 0x00AD, 0x00F4,
    0x00F6, 0x00F2, 0x00F3, 0x00F5, 0x007D, 0x004A, 0x004B, 0x004C, 0x004D, 0x004E, 0x004F, 0x0050,
    0x0051, 0x0052, 0x00B9, 0x00FB, 0x00FC, 0x00F9, 0x00FA, 0x00FF, 0x005C, 0x00F7, 0x0053, 0x0054,
    0x0055, 0x0056, 0x0057, 0x0058, 0x0059, 0x005A, 0x00B2, 0x00D4, 0x00D6, 0x00D2, 0x00D3, 0x00D5,
    0x0030, 0x0031, 0x0032, 0x0033, 0x0034, 0x0035, 0x0036, 0x0037, 0x0038, 0x0039, 0x00B3, 0x00DB,
    0x00DC, 0x00D9, 0x00DA, 0x009F,
];
#[cfg(feature = "ebcdic")]
#[rustfmt::skip]
pub static IBM500_ENCODE_CODE_POINTS: [u16; 256] = [
    0x0000, 0x0001, 0x0002, 0x0003, 0x0004, 0x0005, 0x0006, 0x0007, 0x0008, 0x0009, 0x000A, 0x000B,
    0x000C, 0x000D, 0x000E, 0x000F, 0x0010, 0x0011, 0x0012, 0x0013, 0x0014, 0x0015, 0x0016, 0x0017,
    0x0018, 0x0019, 0x001A, 0x001B, 0x001C, 0x001D, 0x001E, 0x001F, 0x0020, 0x0021, 0x0022, 0x0023,
    0x0024, 0x0025, 0x0026, 0x0027, 0x0028, 0x0029, 0x002A, 0x002B, 0x002C, 0x002D, 0x002E, 0x002F,
    0x0030, 0x0031, 0x0032, 0x0033, 0x0034, 0x0035, 0x0036, 0x0037, 0x0038, 0x0039, 0x003A, 0x003B,
    0x003C, 0x003D, 0x003E, 0x003F, 0x0040, 0x0041, 0x0042, 0x0043, 0x0044, 0x0045, 0x0046, 0x0047,
    0x0048, 0x0049, 0x004A, 0x004B, 0x004C, 0x004D, 0x004E, 0x004F, 0x0050, 0x0051, 0x0052, 0x0053,
    0x0054, 0x0055, 0x0056, 0x0057, 0x0058, 0x0059, 0x005A, 0x005B, 0x005C, 0x005D, 0x005E, 0x005F,
    0x0060, 0x0061, 0x0062, 0x0063, 0x0064, 0x0065, 0x0066, 0x0067, 0x0068, 0x0069, 0x006A, 0x006B,
    0x006C, 0x006D, 0x006E, 0x006F, 0x0070, 0x0071, 0x0072, 0x0073, 0x0074, 0x0075, 0x0076, 0x0077,
    0x0078, 0x0079, 0x007A, 0x007B, 0x007C, 0x007D, 0x007E, 0x007F, 0x0080, 0x0081, 0x0082, 0x0083,
    0x0084, 0x0085, 0x0086, 0x0087, 0x0088, 0x0089, 0x008A, 0x008B, 0x008C, 0x008D, 0x008E, 0x008F,
    0x0090, 0x0091, 0x0092, 0x0093, 0x0094, 0x0095, 0x0096, 0x0097, 0x0098, 0x0099, 0x009A, 0x009B,
    0x009C, 0x009D, 0x009E, 0x009F, 0x00A0, 0x00A1, 0x00A2, 0x00A3, 0x00A4, 0x00A5, 0x00A6, 0x00A7,
    0x00A8, 0x00A9, 0x00AA, 0x00AB, 0x00AC, 0x00AD, 0x00AE, 0x00AF, 0x00B0, 0x00B1, 0x00B2, 0x00B3,
    0x00B4, 0x00B5, 0x00B6, 0x00B7, 0x00B8, 0x00B9, 0x00BA, 0x00BB, 0x00BC, 0x00BD, 0x00BE, 0x00BF,
    0x00C0, 0x00C1, 0x00C2, 0x00C3, 0x00C4, 0x00C5, 0x00C6, 0x00C7, 0x00C8, 0x00C9, 0x00CA, 0x00CB,
    0x00CC, 0x00CD, 0x00CE, 0x00CF, 0x00D0, 0x00D1, 0x00D2, 0x00D3, 0x00D4, 0x00D5, 0x00D6, 0x00D7,
    0x00D8, 0x00D9, 0x00DA, 0x00DB, 0x00DC, 0x00DD, 0x00DE, 0x00DF, 0x00E0, 0x00E1, 0x00E2, 0x00E3,
    0x00E4, 0x00E5, 0x00E6, 0x00E7, 0x00E8, 0x00E9, 0x00EA, 0x00EB, 0x00EC, 0x00ED, 0x00EE, 0x00EF,
    0x00F0, 0x00F1, 0x00F2, 0x00F3, 0x00F4, 0x00F5, 0x00F6, 0x00F7, 0x00F8, 0x00F9, 0x00FA, 0x00FB,
    0x00FC, 0x00FD, 0x00FE, 0x00FF,
];
#[cfg(feature = "ebcdic")]
#[rustfmt::skip]
pub static IBM500_ENCODE_BYTES: [u8; 256] = [
    0x00, 0x01, 0x02, 0x03, 0x37, 0x2D, 0x2E, 0x2F, 0x16, 0x05, 0x25, 0x0B, 0x0C, 0x0D, 0x0E, 0x0F,
    0x10, 0x11, 0x12, 0x13, 0x3C, 0x3D, 0x32, 0x26, 0x18, 0x19, 0x3F, 0x27, 0x1C, 0x1D, 0x1E, 0x1F,
    0x40, 0x4F, 0x7F, 0x7B, 0x5B, 0x6C, 0x50, 0x7D, 0x4D, 0x5D, 0x5C, 0x4E, 0x6B, 0x60, 0x4B, 0x61,
    0xF0, 0xF1, 0xF2, 0xF3, 0xF4, 0xF5, 0xF6, 0xF7, 0xF8, 0xF9, 0x7A, 0x5E, 0x4C, 0x7E, 0x6E, 0x6F,
    0x7C, 0xC1, 0xC2, 0xC3, 0xC4, 0xC5, 0xC6, 0xC7, 0xC8, 0xC9, 0xD1, 0xD2, 0xD3, 0xD4, 0xD5, 0xD6,
    0xD7, 0xD8, 0xD9, 0xE2, 0xE3, 0xE4, 0xE5, 0xE6, 0xE7, 0xE8, 0xE9, 0x4A, 0xE0, 0x5A, 0x5F, 0x6D,
    0x79, 0x81, 0x82, 0x83, 0x84, 0x85, 0x86, 0x87, 0x88, 0x89, 0x91, 0x92, 0x93, 0x94, 0x95, 0x96,
    0x97, 0x98, 0x99, 0xA2, 0xA3, 0xA4, 0xA5, 0xA6, 0xA7, 0xA8, 0xA9, 0xC0, 0xBB, 0xD0, 0xA1, 0x07,
    0x20, 0x21, 0x22, 0x23, 0x24, 0x15, 0x06, 0x17, 0x28, 0x29, 0x2A, 0x2B, 0x2C, 0x09, 0x0A, 0x1B,
    0x30, 0x31, 0x1A, 0x33, 0x34, 0x35, 0x36, 0x08, 0x38, 0x39, 0x3A, 0x3B, 0x04, 0x14, 0x3E, 0xFF,
    0x41, 0xAA, 0xB0, 0xB1, 0x9F, 0xB2, 0x6A, 0xB5, 0xBD, 0xB4, 0x9A, 0x8A, 0xBA, 0xCA, 0xAF, 0xBC,
    0x90, 0x8F, 0xEA, 0xFA, 0xBE, 0xA0, 0xB6, 0xB3, 0x9D, 0xDA, 0x9B, 0x8B, 0xB7, 0xB8, 0xB9, 0xAB,
    0x64, 0x65, 0x62, 0x66, 0x63, 0x67, 0x9E, 0x68, 0x74, 0x71, 0x72, 0x73, 0x78, 0x75, 0x76, 0x77,
    0xAC, 0x69, 0xED, 0xEE, 0xEB, 0xEF, 0xEC, 0xBF, 0x80, 0xFD, 0xFE, 0xFB, 0xFC, 0xAD, 0xAE, 0x59,
    0x44, 0x45, 0x42, 0x46, 0x43, 0x47, 0x9C, 0x48, 0x54, 0x51, 0x52, 0x53, 0x58, 0x55, 0x56, 0x57,
    0x8C, 0x49, 0xCD, 0xCE, 0xCB, 0xCF, 0xCC, 0xE1, 0x70, 0xDD, 0xDE, 0xDB, 0xDC, 0x8D, 0x8E, 0xDF,
];

/// IBM875 (CP875.TXT)
#[cfg(feature = "ebcdic")]
#[rustfmt::skip]
pub static IBM875_DECODE: [u16; 256] = [
    0x0000, 0x0001, 0x0002, 0x0003, 0x009C, 0x0009, 0x0086, 0x007F, 0x0097, 0x008D, 0x008E, 0x000B,
    0x000C, 0x000D, 0x000E, 0x000F, 0x0010, 0x0011, 0x0012, 0x0013, 0x009D, 0x0085, 0x0008, 0x0087,
    0x0018, 0x0019, 0x0092, 0x008F, 0x001C, 0x001D, 0x001E, 0x001F, 0x0080, 0x0081, 0x0082, 0x0083,
    0x0084, 0x000A, 0x0017, 0x001B, 0x0088, 0x0089, 0x008A, 0x008B, 0x008C, 0x0005, 0x0006, 0x0007,
    0x0090, 0x0091, 0x0016, 0x0093, 0x0094, 0x0095, 0x0096, 0x0004, 0x0098, 0x0099, 0x009A, 0x009B,
    0x0014, 0x0015, 0x009E, 0x001A, 0x0020, 0x0391, 0x0392, 0x0393, 0x0394, 0x0395, 0x0396, 0x0397,
    0x0398, 0x0399, 0x005B, 0x002E, 0x003C, 0x0028, 0x002B, 0x0021, 0x0026, 0x039A, 0x039B, 0x039C,
    0x039D, 0x039E, 0x039F, 0x03A0, 0x03A1, 0x03A3, 0x005D, 0x0024, 0x002A, 0x0029, 0x003B, 0x005E,
    0x002D, 0x002F, 0x03A4, 0x03A5, 0x03A6, 0x03A7, 0x03A8, 0x03A9, 0x03AA, 0x03AB, 0x007C, 0x002C,
    0x0025, 0x005F, 0x003E, 0x003F, 0x00A8, 0x0386, 0x0388, 0x0389, 0x00A0, 0x038A, 0x038C, 0x038E,
    0x038F, 0x0060, 0x003A, 0x0023, 0x0040, 0x0027, 0x003D, 0x0022, 0x0385, 0x0061, 0x0062, 0x0063,
    0x0064, 0x0065, 0x0066, 0x0067, 0x0068, 0x0069, 0x03B1, 0x03B2, 0x03B3, 0x03B4, 0x03B5, 0x03B6,
    0x00B0, 0x006A, 0x006B, 0x006C, 0x006D, 0x006E, 0x006F, 0x0070, 0x0071, 0x0072, 0x03B7, 0x03B8,
    0x03B9, 0x03BA, 0x03BB, 0x03BC, 0x00B4, 0x007E, 0x0073, 0x0074, 0x0075, 0x0076, 0x0077, 0x0078,
    0x0079, 0x007A, 0x03BD, 0x03BE, 0x03BF, 0x03C0, 0x03C1, 0x03C3, 0x00A3, 0x03AC, 0x03AD, 0x03AE,
    0x03CA, 0x03AF, 0x03CC, 0x03CD, 0x03CB, 0x03CE, 0x03C2, 0x03C4, 0x03C5, 0x03C6, 0x03C7, 0x03C8,
    0x007B, 0x0041, 0x0042, 0x0043, 0x0044, 0x0045, 0x0046, 0x0047, 0x0048, 0x0049, 0x00AD, 0x03C9,
    0x0390, 0x03B0, 0x2018, 0x2015, 0x007D, 0x004A, 0x004B, 0x004C, 0x004D, 0x004E, 0x004F, 0x0050,
    0x0051, 0x0052, 0x00B1, 0x00BD, 0x001A, 0x0387, 0x2019, 0x00A6, 0x005C, 0x001A, 0x0053, 0x0054,
    0x0055, 0x0056, 0x0057, 0x0058, 0x0059, 0x005A, 0x00B2, 0x00A7, 0x001A, 0x001A, 0x00AB, 0x00AC,
    0x0030, 0x0031, 0x0032, 0x0033, 0x0034, 0x0035, 0x0036, 0x0037, 0x0038, 0x0039, 0x00B3, 0x00A9,
    0x001A, 0x001A, 0x00BB, 0x009F,
];
#[cfg(feature = "ebcdic")]
#[rustfmt::skip]
pub static IBM875_ENCODE_CODE_POINTS: [u16; 250] = [
    0x0000, 0x0001, 0x0002, 0x0003, 0x0004, 0x0005, 0x0006, 0x0007, 0x0008, 0x0009, 0x000A, 0x000B,
    0x000C, 0x000D, 0x000E, 0x000F, 0x0010, 0x0011, 0x0012, 0x0013, 0x0014, 0x0015, 0x0016, 0x0017,
    0x0018, 0x0019, 0x001A, 0x001B, 0x001C, 0x001D, 0x001E, 0x001F, 0x0020, 0x0021, 0x0022, 0x0023,
    0x0024, 0x0025, 0x0026, 0x0027, 0x0028, 0x0029, 0x002A, 0x002B, 0x002C, 0x002D, 0x002E, 0x002F,
    0x0030, 0x0031, 0x0032, 0x0033, 0x0034, 0x0035, 0x0036, 0x0037, 0x0038, 0x0039, 0x003A, 0x003B,
    0x003C, 0x003D, 0x003E, 0x003F, 0x0040, 0x0041, 0x0042, 0x0043, 0x0044, 0x0045, 0x0046, 0x0047,
    0x0048, 0x0049, 0x004A, 0x004B, 0x004C, 0x004D, 0x004E, 0x004F, 0x0050, 0x0051, 0x0052, 0x0053,
    0x0054, 0x0055, 0x0056, 0x0057, 0x0058, 0x0059, 0x005A, 0x005B, 0x005C, 0x005D, 0x005E, 0x005F,
    0x0060, 0x0061, 0x0062, 0x0063, 0x0064, 0x0065, 0x0066, 0x0067, 0x0068, 0x0069, 0x006A, 0x006B,
    0x006C, 0x006D, 0x006E, 0x006F, 0x0070, 0x0071, 0x0072, 0x0073, 0x0074, 0x0075, 0x0076, 0x0077,
    0x0078, 0x0079, 0x007A, 0x007B, 0x007C, 0x007D, 0x007E, 0x007F, 0x0080, 0x0081, 0x0082, 0x0083,
    0x0084, 0x0085, 0x0086, 0x0087, 0x0088, 0x0089, 0x008A, 0x008B, 0x008C, 0x008D, 0x008E, 0x008F,
    0x0090, 0x0091, 0x0092, 0x0093, 0x0094, 0x0095, 0x0096, 0x0097, 0x0098, 0x0099, 0x009A, 0x009B,
    0x009C, 0x009D, 0x009E, 0x009F, 0x00A0, 0x00A3, 0x00A6, 0x00A7, 0x00A8, 0x00A9, 0x00AB, 0x00AC,
    0x00AD, 0x00B0, 0x00B1, 0x00B2, 0x00B3, 0x00B4, 0x00BB, 0x00BD, 0x0385, 0x0386, 0x0387, 0x0388,
    0x0389, 0x038A, 0x038C, 0x038E, 0x038F, 0x0390, 0x0391, 0x0392, 0x0393, 0x0394, 0x0395, 0x0396,
    0x0397, 0x0398, 0x0399, 0x039A, 0x039B, 0x039C, 0x039D, 0x039E, 0x039F, 0x03A0, 0x03A1, 0x03A3,
    0x03A4, 0x03A5, 0x03A6, 0x03A7, 0x03A8, 0x03A9, 0x03AA, 0x03AB, 0x03AC, 0x03AD, 0x03AE, 0x03AF,
    0x03B0, 0x03B1, 0x03B2, 0x03B3, 0x03B4, 0x03B5, 0x03B6, 0x03B7, 0x03B8, 0x03B9, 0x03BA, 0x03BB,
    0x03BC, 0x03BD, 0x03BE, 0x03BF, 0x03C0, 0x03C1, 0x03C2, 0x03C3, 0x03C4, 0x03C5, 0x03C6, 0x03C7,
    0x03C8, 0x03C9, 0x03CA, 0x03CB, 0x03CC, 0x03CD, 0x03CE, 0x2015, 0x2018, 0x2019,
];
#[cfg(feature = "ebcdic")]
#[rustfmt::skip]
pub static IBM875_ENCODE_BYTES: [u8; 250] = [
    0x00, 0x01, 0x02, 0x03, 0x37, 0x2D, 0x2E, 0x2F, 0x16, 0x05, 0x25, 0x0B, 0x0C, 0x0D, 0x0E, 0x0F,
    0x10, 0x11, 0x12, 0x13, 0x3C, 0x3D, 0x32, 0x26, 0x18, 0x19, 0x3F, 0x27, 0x1C, 0x1D, 0x1E, 0x1F,
    0x40, 0x4F, 0x7F, 0x7B, 0x5B, 0x6C, 0x50, 0x7D, 0x4D, 0x5D, 0x5C, 0x4E, 0x6B, 0x60, 0x4B, 0x61,
    0xF0, 0xF1, 0xF2, 0xF3, 0xF4, 0xF5, 0xF6, 0xF7, 0xF8, 0xF9, 0x7A, 0x5E, 0x4C, 0x7E, 0x6E, 0x6F,
    0x7C, 0xC1, 0xC2, 0xC3, 0xC4, 0xC5, 0xC6, 0xC7, 0xC8, 0xC9, 0xD1, 0xD2, 0xD3, 0xD4, 0xD5, 0xD6,
    0xD7, 0xD8, 0xD9, 0xE2, 0xE3, 0xE4, 0xE5, 0xE6, 0xE7, 0xE8, 0xE9, 0x4A, 0xE0, 0x5A, 0x5F, 0x6D,
    0x79, 0x81, 0x82, 0x83, 0x84, 0x85, 0x86, 0x87, 0x88, 0x89, 0x91, 0x92, 0x93, 0x94, 0x95, 0x96,
    0x97, 0x98, 0x99, 0xA2, 0xA3, 0xA4, 0xA5, 0xA6, 0xA7, 0xA8, 0xA9, 0xC0, 0x6A, 0xD0, 0xA1, 0x07,
    0x20, 0x21, 0x22, 0x23, 0x24, 0x15, 0x06, 0x17, 0x28, 0x29, 0x2A, 0x2B, 0x2C, 0x09, 0x0A, 0x1B,
    0x30, 0x31, 0x1A, 0x33, 0x34, 0x35, 0x36, 0x08, 0x38, 0x39, 0x3A, 0x3B, 0x04, 0x14, 0x3E, 0xFF,
    0x74, 0xB0, 0xDF, 0xEB, 0x70, 0xFB, 0xEE, 0xEF, 0xCA, 0x90, 0xDA, 0xEA, 0xFA, 0xA0, 0xFE, 0xDB,
    0x80, 0x71, 0xDD, 0x72, 0x73, 0x75, 0x76, 0x77, 0x78, 0xCC, 0x41, 0x42, 0x43, 0x44, 0x45, 0x46,
    0x47, 0x48, 0x49, 0x51, 0x52, 0x53, 0x54, 0x55, 0x56, 0x57, 0x58, 0x59, 0x62, 0x63, 0x64, 0x65,
    0x66, 0x67, 0x68, 0x69, 0xB1, 0xB2, 0xB3, 0xB5, 0xCD, 0x8A, 0x8B, 0x8C, 0x8D, 0x8E, 0x8F, 0x9A,
    0x9B, 0x9C, 0x9D, 0x9E, 0x9F, 0xAA, 0xAB, 0xAC, 0xAD, 0xAE, 0xBA, 0xAF, 0xBB, 0xBC, 0xBD, 0xBE,
    0xBF, 0xCB, 0xB4, 0xB8, 0xB6, 0xB7, 0xB9, 0xCF, 0xCE, 0xDE,
];

/// IBM1026 (CP1026.TXT)
#[cfg(feature = "ebcdic")]
#[rustfmt::skip]
pub static IBM1026_DECODE: [u16; 256] = [
    0x0000, 0x0001, 0x0002, 0x0003, 0x009C, 0x0009, 0x0086, 0x007F, 0x0097, 0x008D, 0x008E, 0x000B,
    0x000C, 0x000D, 0x000E, 0x000F, 0x0010, 0x0011, 0x0012, 0x0013, 0x009D, 0x0085, 0x0008, 0x0087,
    0x0018, 0x0019, 0x0092, 0x008F, 0x001C, 0x001D, 0x001E, 0x001F, 0x0080, 0x0081, 0x0082, 0x0083,
    0x0084, 0x000A, 0x0017, 0x001B, 0x0088, 0x0089, 0x008A, 0x008B, 0x008C, 0x0005, 0x0006, 0x0007,
    0x0090, 0x0091, 0x0016, 0x0093, 0x0094, 0x0095, 0x0096, 0x0004, 0x0098, 0x0099, 0x009A, 0x009B,
    0x0014, 0x0015, 0x009E, 0x001A, 0x0020, 0x00A0, 0x00E2, 0x00E4, 0x00E0, 0x00E1, 0x00E3, 0x00E5,
    0x007B, 0x00F1, 0x00C7, 0x002E, 0x003C, 0x0028, 0x002B, 0x0021, 0x0026, 0x00E9, 0x00EA, 0x00EB,
    0x00E8, 0x00ED, 0x00EE, 0x00EF, 0x00EC, 0x00DF, 0x011E, 0x0130, 0x002A, 0x0029, 0x003B, 0x005E,
    0x002D, 0x002F, 0x00C2, 0x00C4, 0x00C0, 0x00C1, 0x00C3, 0x00C5, 0x005B, 0x00D1, 0x015F, 0x002C,
    0x0025, 0x005F, 0x003E, 0x003F, 0x00F8, 0x00C9, 0x00CA, 0x00CB, 0x00C8, 0x00CD, 0x00CE, 0x00CF,
    0x00CC, 0x0131, 0x003A, 0x00D6, 0x015E, 0x0027, 0x003D, 0x00DC, 0x00D8, 0x0061, 0x0062, 0x0063,
    0x0064, 0x0065, 0x0066, 0x0067, 0x0068, 0x0069, 0x00AB, 0x00BB, 0x007D, 0x0060, 0x00A6, 0x00B1,
    0x00B0, 0x006A, 0x006B, 0x006C, 0x006D, 0x006E, 0x006F, 0x0070, 0x0071, 0x0072, 0x00AA, 0x00BA,
    0x00E6, 0x00B8, 0x00C6, 0x00A4, 0x00B5, 0x00F6, 0x0073, 0x0074, 0x0075, 0x0076, 0x0077, 0x0078,
    0x0079, 0x007A, 0x00A1, 0x00BF, 0x005D, 0x0024, 0x0040, 0x00AE, 0x00A2, 0x00A3, 0x00A5, 0x00B7,
    0x00A9, 0x00A7, 0x00B6, 0x00BC, 0x00BD, 0x00BE, 0x00AC, 0x007C, 0x00AF, 0x00A8, 0x00B4, 0x00D7,
    0x00E7, 0x0041, 0x0042, 0x0043, 0x0044, 0x0045, 0x0046, 0x0047, 0x0048, 0x0049, 0x00AD, 0x00F4,
    0x007E, 0x00F2, 0x00F3, 0x00F5, 0x011F, 0x004A, 0x004B, 0x004C, 0x004D, 0x004E, 0x004F, 0x0050,
    0x0051, 0x0052, 0x00B9, 0x00FB, 0x005C, 0x00F9, 0x00FA, 0x00FF, 0x00FC, 0x00F7, 0x0053, 0x0054,
    0x0055, 0x0056, 0x0057, 0x0058, 0x0059, 0x005A, 0x00B2, 0x00D4, 0x0023, 0x00D2, 0x00D3, 0x00D5,
    0x0030, 0x0031, 0x0032, 0x0033, 0x0034, 0x0035, 0x0036, 0x0037, 0x0038, 0x0039, 0x00B3, 0x00DB,
    0x0022, 0x00D9, 0x00DA, 0x009F,
];
#[cfg(feature = "ebcdic")]
#[rustfmt::skip]
pub static IBM1026_ENCODE_CODE_POINTS: [u16; 256] = [
    0x0000, 0x0001, 0x0002, 0x0003, 0x0004, 0x0005, 0x0006, 0x0007, 0x0008, 0x0009, 0x000A, 0x000B,
    0x000C, 0x000D, 0x000E, 0x000F, 0x0010, 0x0011, 0x0012, 0x0013, 0x0014, 0x0015, 0x0016, 0x0017,
    0x0018, 0x0019, 0x001A, 0x001B, 0x001C, 0x001D, 0x001E, 0x001F, 0x0020, 0x0021, 0x0022, 0x0023,
    0x0024, 0x0025, 0x0026, 0x0027, 0x0028, 0x0029, 0x002A, 0x002B, 0x002C, 0x002D, 0x002E, 0x002F,
    0x0030, 0x0031, 0x0032, 0x0033, 0x0034, 0x0035, 0x0036, 0x0037, 0x0038, 0x0039, 0x003A, 0x003B,
    0x003C, 0x003D, 0x003E, 0x003F, 0x0040, 0x0041, 0x0042, 0x0043, 0x0044, 0x0045, 0x0046, 0x0047,
    0x0048, 0x0049, 0x004A, 0x004B, 0x004C, 0x004D, 0x004E, 0x004F, 0x0050, 0x0051, 0x0052, 0x0053,
    0x0054, 0x0055, 0x0056, 0x0057, 0x0058, 0x0059, 0x005A, 0x005B, 0x005C, 0x005D, 0x005E, 0x005F,
    0x0060, 0x0061, 0x0062, 0x0063, 0x0064, 0x0065, 0x0066, 0x0067, 0x0068, 0x0069, 0x006A, 0x006B,
    0x006C, 0x006D, 0x006E, 0x006F, 0x0070, 0x0071, 0x0072, 0x0073, 0x0074, 0x0075, 0x0076, 0x0077,
    0x0078, 0x0079, 0x007A, 0x007B, 0x007C, 0x007D, 0x007E, 0x007F, 0x0080, 0x0081, 0x0082, 0x0083,
    0x0084, 0x0085, 0x0086, 0x0087, 0x0088, 0x0089, 0x008A, 0x008B, 0x008C, 0x008D, 0x008E, 0x008F,
    0x0090, 0x0091, 0x0092, 0x0093, 0x0094, 0x0095, 0x0096, 0x0097, 0x0098, 0x0099, 0x009A, 0x009B,
    0x009C, 0x009D, 0x009E, 0x009F, 0x00A0, 0x00A1, 0x00A2, 0x00A3, 0x00A4, 0x00A5, 0x00A6, 0x00A7,
    0x00A8, 0x00A9, 0x00AA, 0x00AB, 0x00AC, 0x00AD, 0x00AE, 0x00AF, 0x00B0, 0x00B1, 0x00B2, 0x00B3,
    0x00B4, 0x00B5, 0x00B6, 0x00B7, 0x00B8, 0x00B9, 0x00BA, 0x00BB, 0x00BC, 0x00BD, 0x00BE, 0x00BF,
    0x00C0, 0x00C1, 0x00C2, 0x00C3, 0x00C4, 0x00C5, 0x00C6, 0x00C7, 0x00C8, 0x00C9, 0x00CA, 0x00CB,
    0x00CC, 0x00CD, 0x00CE, 0x00CF, 0x00D1, 0x00D2, 0x00D3, 0x00D4, 0x00D5, 0x00D6, 0x00D7, 0x00D8,
    0x00D9, 0x00DA, 0x00DB, 0x00DC, 0x00DF, 0x00E0, 0x00E1, 0x00E2, 0x00E3, 0x00E4, 0x00E5, 0x00E6,
    0x00E7, 0x00E8, 0x00E9, 0x00EA, 0x00EB, 0x00EC, 0x00ED, 0x00EE, 0x00EF, 0x00F1, 0x00F2, 0x00F3,
    0x00F4, 0x00F5, 0x00F6, 0x00F7, 0x00F8, 0x00F9, 0x00FA, 0x00FB, 0x00FC, 0x00FF, 0x011E, 0x011F,
    0x0130, 0x0131, 0x015E, 0x015F,
];
#[cfg(feature = "ebcdic")]
#[rustfmt::skip]
pub static IBM1026_ENCODE_BYTES: [u8; 256] = [
    0x00, 0x01, 0x02, 0x03, 0x37, 0x2D, 0x2E, 0x2F, 0x16, 0x05, 0x25, 0x0B, 0x0C, 0x0D, 0x0E, 0x0F,
    0x10, 0x11, 0x12, 0x13, 0x3C, 0x3D, 0x32, 0x26, 0x18, 0x19, 0x3F, 0x27, 0x1C, 0x1D, 0x1E, 0x1F,
    0x40, 0x4F, 0xFC, 0xEC, 0xAD, 0x6C, 0x50, 0x7D, 0x4D, 0x5D, 0x5C, 0x4E, 0x6B, 0x60, 0x4B, 0x61,
    0xF0, 0xF1, 0xF2, 0xF3, 0xF4, 0xF5, 0xF6, 0xF7, 0xF8, 0xF9, 0x7A, 0x5E, 0x4C, 0x7E, 0x6E, 0x6F,
    0xAE, 0xC1, 0xC2, 0xC3, 0xC4, 0xC5, 0xC6, 0xC7, 0xC8, 0xC9, 0xD1, 0xD2, 0xD3, 0xD4, 0xD5, 0xD6,
    0xD7, 0xD8, 0xD9, 0xE2, 0xE3, 0xE4, 0xE5, 0xE6, 0xE7, 0xE8, 0xE9, 0x68, 0xDC, 0xAC, 0x5F, 0x6D,
    0x8D, 0x81, 0x82, 0x83, 0x84, 0x85, 0x86, 0x87, 0x88, 0x89, 0x91, 0x92, 0x93, 0x94, 0x95, 0x96,
    0x97, 0x98, 0x99, 0xA2, 0xA3, 0xA4, 0xA5, 0xA6, 0xA7, 0xA8, 0xA9, 0x48, 0xBB, 0x8C, 0xCC, 0x07,
    0x20, 0x21, 0x22, 0x23, 0x24, 0x15, 0x06, 0x17, 0x28, 0x29, 0x2A, 0x2B, 0x2C, 0x09, 0x0A, 0x1B,
    0x30, 0x31, 0x1A, 0x33, 0x34, 0x35, 0x36, 0x08, 0x38, 0x39, 0x3A, 0x3B, 0x04, 0x14, 0x3E, 0xFF,
    0x41, 0xAA, 0xB0, 0xB1, 0x9F, 0xB2, 0x8E, 0xB5, 0xBD, 0xB4, 0x9A, 0x8A, 0xBA, 0xCA, 0xAF, 0xBC,
    0x90, 0x8F, 0xEA, 0xFA, 0xBE, 0xA0, 0xB6, 0xB3, 0x9D, 0xDA, 0x9B, 0x8B, 0xB7, 0xB8, 0xB9, 0xAB,
    0x64, 0x65, 0x62, 0x66, 0x63, 0x67, 0x9E, 0x4A, 0x74, 0x71, 0x72, 0x73, 0x78, 0x75, 0x76, 0x77,
    0x69, 0xED, 0xEE, 0xEB, 0xEF, 0x7B, 0xBF, 0x80, 0xFD, 0xFE, 0xFB, 0x7F, 0x59, 0x44, 0x45, 0x42,
    0x46, 0x43, 0x47, 0x9C, 0xC0, 0x54, 0x51, 0x52, 0x53, 0x58, 0x55, 0x56, 0x57, 0x49, 0xCD, 0xCE,
    0xCB, 0xCF, 0xA1, 0xE1, 0x70, 0xDD, 0xDE, 0xDB, 0xE0, 0xDF, 0x5A, 0xD0, 0x5B, 0x79, 0x7C, 0x6A,
];

/// Atari-ST (ATARIST.TXT)
#[cfg(feature = "misc")]
#[rustfmt::skip]
pub static ATARI_ST_DECODE: [u16; 128] = [
    0x00C7, 0x00FC, 0x00E9, 0x00E2, 0x00E4, 0x00E0, 0x00E5, 0x00E7, 0x00EA, 0x00EB, 0x00E8, 0x00EF,
    0x00EE, 0x00EC, 0x00C4, 0x00C5, 0x00C9, 0x00E6, 0x00C6, 0x00F4, 0x00F6, 0x00F2, 0x00FB, 0x00F9,
    0x00FF, 0x00D6, 0x00DC, 0x00A2, 0x00A3, 0x00A5, 0x00DF, 0x0192, 0x00E1, 0x00ED, 0x00F3, 0x00FA,
    0x00F1, 0x00D1, 0x00AA, 0x00BA, 0x00BF, 0x2310, 0x00AC, 0x00BD, 0x00BC, 0x00A1, 0x00AB, 0x00BB,
    0x00E3, 0x00F5, 0x00D8, 0x00F8, 0x0153, 0x0152, 0x00C0, 0x00C3, 0x00D5, 0x00A8, 0x00B4, 0x2020,
    0x00B6, 0x00A9, 0x00AE, 0x2122, 0x0133, 0x0132, 0x05D0, 0x05D1, 0x05D2, 0x05D3, 0x05D4, 0x05D5,
    0x05D6, 0x05D7, 0x05D8, 0x05D9, 0x05DB, 0x05DC, 0x05DE, 0x05E0, 0x05E1, 0x05E2, 0x05E4, 0x05E6,
    0x05E7, 0x05E8, 0x05E9, 0x05EA, 0x05DF, 0x05DA, 0x05DD, 0x05E3, 0x05E5, 0x00A7, 0x2227, 0x221E,
    0x03B1, 0x03B2, 0x0393, 0x03C0, 0x03A3, 0x03C3, 0x00B5, 0x03C4, 0x03A6, 0x0398, 0x03A9, 0x03B4,
    0x222E, 0x03C6, 0x2208, 0x2229, 0x2261, 0x00B1, 0x2265, 0x2264, 0x2320, 0x2321, 0x00F7, 0x2248,
    0x00B0, 0x2219, 0x00B7, 0x221A, 0x207F, 0x00B2, 0x00B3, 0x00AF,
];
#[cfg(feature = "misc")]
#[rustfmt::skip]
pub static ATARI_ST_ENCODE_CODE_POINTS: [u16; 128] = [
    0x00A1, 0x00A2, 0x00A3, 0x00A5, 0x00A7, 0x00A8, 0x00A9, 0x00AA, 0x00AB, 0x00AC, 0x00AE, 0x00AF,
    0x00B0, 0x00B1, 0x00B2, 0x00B3, 0x00B4, 0x00B5, 0x00B6, 0x00B7, 0x00BA, 0x00BB, 0x00BC, 0x00BD,
    0x00BF, 0x00C0, 0x00C3, 0x00C4, 0x00C5, 0x00C6, 0x00C7, 0x00C9, 0x00D1, 0x00D5, 0x00D6, 0x00D8,
    0x00DC, 0x00DF, 0x00E0, 0x00E1, 0x00E2, 0x00E3, 0x00E4, 0x00E5, 0x00E6, 0x00E7, 0x00E8, 0x00E9,
    0x00EA, 0x00EB, 0x00EC, 0x00ED, 0x00EE, 0x00EF, 0x00F1, 0x00F2, 0x00F3, 0x00F4, 0x00F5, 0x00F6,
    0x00F7, 0x00F8, 0x00F9, 0x00FA, 0x00FB, 0x00FC, 0x00FF, 0x0132, 0x0133, 0x0152, 0x0153, 0x0192,
    0x0393, 0x0398, 0x03A3, 0x03A6, 0x03A9, 0x03B1, 0x03B2, 0x03B4, 0x03C0, 0x03C3, 0x03C4, 0x03C6,
    0x05D0, 0x05D1, 0x05D2, 0x05D3, 0x05D4, 0x05D5, 0x05D6, 0x05D7, 0x05D8, 0x05D9, 0x05DA, 0x05DB,
    0x05DC, 0x05DD, 0x05DE, 0x05DF, 0x05E0, 0x05E1, 0x05E2, 0x05E3, 0x05E4, 0x05E5, 0x05E6, 0x05E7,
    0x05E8, 0x05E9, 0x05EA, 0x2020, 0x207F, 0x2122, 0x2208, 0x2219, 0x221A, 0x221E, 0x2227, 0x2229,
    0x222E, 0x2248, 0x2261, 0x2264, 0x2265, 0x2310, 0x2320, 0x2321,
];
#[cfg(feature = "misc")]
#[rustfmt::skip]
pub static ATARI_ST_ENCODE_BYTES: [u8; 128] = [
    0xAD, 0x9B, 0x9C, 0x9D, 0xDD, 0xB9, 0xBD, 0xA6, 0xAE, 0xAA, 0xBE, 0xFF, 0xF8, 0xF1, 0xFD, 0xFE,
    0xBA, 0xE6, 0xBC, 0xFA, 0xA7, 0xAF, 0xAC, 0xAB, 0xA8, 0xB6, 0xB7, 0x8E, 0x8F, 0x92, 0x80, 0x90,
    0xA5, 0xB8, 0x99, 0xB2, 0x9A, 0x9E, 0x85, 0xA0, 0x83, 0xB0, 0x84, 0x86, 0x91, 0x87, 0x8A, 0x82,
    0x88, 0x89, 0x8D, 0xA1, 0x8C, 0x8B, 0xA4, 0x95, 0xA2, 0x93, 0xB1, 0x94, 0xF6, 0xB3, 0x97, 0xA3,
    0x96, 0x81, 0x98, 0xC1, 0xC0, 0xB5, 0xB4, 0x9F, 0xE2, 0xE9, 0xE4, 0xE8, 0xEA, 0xE0, 0xE1, 0xEB,
    0xE3, 0xE5, 0xE7, 0xED, 0xC2, 0xC3, 0xC4, 0xC5, 0xC6, 0xC7, 0xC8, 0xC9, 0xCA, 0xCB, 0xD9, 0xCC,
    0xCD, 0xDA, 0xCE, 0xD8, 0xCF, 0xD0, 0xD1, 0xDB, 0xD2, 0xDC, 0xD3, 0xD4, 0xD5, 0xD6, 0xD7, 0xBB,
    0xFC, 0xBF, 0xEE, 0xF9, 0xFB, 0xDF, 0xDE, 0xEF, 0xEC, 0xF7, 0xF0, 0xF3, 0xF2, 0xA9, 0xF4, 0xF5,
];

/// KZ-1048 (KZ1048.TXT)
#[cfg(feature = "misc")]
#[rustfmt::skip]
pub static KZ_1048_DECODE: [u16; 128] = [
    0x0402, 0x0403, 0x201A, 0x0453, 0x201E, 0x2026, 0x2020, 0x2021, 0x20AC, 0x2030, 0x0409, 0x2039,
    0x040A, 0x049A, 0x04BA, 0x040F, 0x0452, 0x2018, 0x2019, 0x201C, 0x201D, 0x2022, 0x2013, 0x2014,
    0x0000, 0x2122, 0x0459, 0x203A, 0x045A, 0x049B, 0x04BB, 0x045F, 0x00A0, 0x04B0, 0x04B1, 0x04D8,
    0x00A4, 0x04E8, 0x00A6, 0x00A7, 0x0401, 0x00A9, 0x0492, 0x00AB, 0x00AC, 0x00AD, 0x00AE, 0x04AE,
    0x00B0, 0x00B1, 0x0406, 0x0456, 0x04E9, 0x00B5, 0x00B6, 0x00B7, 0x0451, 0x2116, 0x0493, 0x00BB,
    0x04D9, 0x04A2, 0x04A3, 0x04AF, 0x0410, 0x0411, 0x0412, 0x0413, 0x0414, 0x0415, 0x0416, 0x0417,
    0x0418, 0x0419, 0x041A, 0x041B, 0x041C, 0x041D, 0x041E, 0x041F, 0x0420, 0x0421, 0x0422, 0x0423,
    0x0424, 0x0425, 0x0426, 0x0427, 0x0428, 0x0429, 0x042A, 0x042B, 0x042C, 0x042D, 0x042E, 0x042F,
    0x0430, 0x0431, 0x0432, 0x0433, 0x0434, 0x0435, 0x0436, 0x0437, 0x0438, 0x0439, 0x043A, 0x043B,
    0x043C, 0x043D, 0x043E, 0x043F, 0x0440, 0x0441, 0x0442, 0x0443, 0x0444, 0x0445, 0x0446, 0x0447,
    0x0448, 0x0449, 0x044A, 0x044B, 0x044C, 0x044D, 0x044E, 0x044F,
];
#[cfg(feature = "misc")]
#[rustfmt::skip]
pub static KZ_1048_ENCODE_CODE_POINTS: [u16; 127] = [
    0x00A0, 0x00A4, 0x00A6, 0x00A7, 0x00A9, 0x00AB, 0x00AC, 0x00AD, 0x00AE, 0x00B0, 0x00B1, 0x00B5,
    0x00B6, 0x00B7, 0x00BB, 0x0401, 0x0402, 0x0403, 0x0406, 0x0409, 0x040A, 0x040F, 0x0410, 0x0411,
    0x0412, 0x0413, 0x0414, 0x0415, 0x0416, 0x0417, 0x0418, 0x0419, 0x041A, 0x041B, 0x041C, 0x041D,
    0x041E, 0x041F, 0x0420, 0x0421, 0x0422, 0x0423, 0x0424, 0x0425, 0x0426, 0x0427, 0x0428, 0x0429,
    0x042A, 0x042B, 0x042C, 0x042D, 0x042E, 0x042F, 0x0430, 0x0431, 0x0432, 0x0433, 0x0434, 0x0435,
    0x0436, 0x0437, 0x0438, 0x0439, 0x043A, 0x043B, 0x043C, 0x043D, 0x043E, 0x043F, 0x0440, 0x0441,
    0x0442, 0x0443, 0x0444, 0x0445, 0x0446, 0x0447, 0x0448, 0x0449, 0x044A, 0x044B, 0x044C, 0x044D,
    0x044E, 0x044F, 0x0451, 0x0452, 0x0453, 0x0456, 0x0459, 0x045A, 0x045F, 0x0492, 0x0493, 0x049A,
    0x049B, 0x04A2, 0x04A3, 0x04AE, 0x04AF, 0x04B0, 0x04B1, 0x04BA, 0x04BB, 0x04D8, 0x04D9, 0x04E8,
    0x04E9, 0x2013, 0x2014, 0x2018, 0x2019, 0x201A, 0x201C, 0x201D, 0x201E, 0x2020, 0x2021, 0x2022,
    0x2026, 0x2030, 0x2039, 0x203A, 0x20AC, 0x2116, 0x2122,
];
#[cfg(feature = "misc")]
#[rustfmt::skip]
pub static KZ_1048_ENCODE_BYTES: [u8; 127] = [
    0xA0, 0xA4, 0xA6, 0xA7, 0xA9, 0xAB, 0xAC, 0xAD, 0xAE, 0xB0, 0xB1, 0xB5, 0xB6, 0xB7, 0xBB, 0xA8,
    0x80, 0x81, 0xB2, 0x8A, 0x8C, 0x8F, 0xC0, 0xC1, 0xC2, 0xC3, 0xC4, 0xC5, 0xC6, 0xC7, 0xC8, 0xC9,
    0xCA, 0xCB, 0xCC, 0xCD, 0xCE, 0xCF, 0xD0, 0xD1, 0xD2, 0xD3, 0xD4, 0xD5, 0xD6, 0xD7, 0xD8, 0xD9,
    0xDA, 0xDB, 0xDC, 0xDD, 0xDE, 0xDF, 0xE0, 0xE1, 0xE2, 0xE3, 0xE4, 0xE5, 0xE6, 0xE7, 0xE8, 0xE9,
    0xEA, 0xEB, 0xEC, 0xED, 0xEE, 0xEF, 0xF0, 0xF1, 0xF2, 0xF3, 0xF4, 0xF5, 0xF6, 0xF7, 0xF8, 0xF9,
    0xFA, 0xFB, 0xFC, 0xFD, 0xFE, 0xFF, 0xB8, 0x90, 0x83, 0xB3, 0x9A, 0x9C, 0x9F, 0xAA, 0xBA, 0x8D,
    0x9D, 0xBD, 0xBE, 0xAF, 0xBF, 0xA1, 0xA2, 0x8E, 0x9E, 0xA3, 0xBC, 0xA5, 0xB4, 0x96, 0x97, 0x91,
    0x92, 0x82, 0x93, 0x94, 0x84, 0x86, 0x87, 0x95, 0x85, 0x89, 0x8B, 0x9B, 0x88, 0xB9, 0x99,
];
